{"type": "FeatureCollection", "features": [{"type": "Feature", "geometry": {"type": "Polygon", "coordinates": [[[-93.07991199979595, 44.948699000045764], [-93.07986199956724, 44.94860799983119], [-93.07981999973445, 44.94854200006043], [-93.07975399961221, 44.94841700019025], [-93.079695000061, 44.948314999941886], [-93.07961800006808, 44.947878999828966], [-93.07949800041747, 44.94773100030344], [-93.0794070001809, 44.94761400002618], [-93.07905700037652, 44.946802999873356], [-93.0782460004397, 44.946870999942895], [-93.07222800040013, 44.94730100014431], [-93.06791199970182, 44.946527000260076], [-93.0658839999473, 44.945805000114014], [-93.06355099969596, 44.94495500024128], [-93.0626870000557, 44.94464900020711], [-93.0566759996888, 44.94219600005968], [-93.05212300006235, 44.93858400002633], [-93.0499370001241, 44.93474399974729], [-93.0494509998773, 44.9318220002732], [-93.04968199985596, 44.927787999764966], [-93.05074499968786, 44.926003000120346], [-93.05088199995522, 44.925154999989985], [-93.05122799956162, 44.923026000019526], [-93.05029699997421, 44.92031200016924], [-93.04985000008544, 44.91992400001123], [-93.05088799980301, 44.919500999842356], [-93.0512049999954, 44.919501999786235], [-93.05164199983841, 44.919501999786235], [-93.0515149996168, 44.91935899999574], [-93.05144000017205, 44.919274999984], [-93.05075700028175, 44.918520000038036], [-93.04976399987173, 44.91740800020241], [-93.04843599972597, 44.915928000041355], [-93.04598899967182, 44.913198999996055], [-93.04517899955991, 44.91230699997352], [-93.04365999961843, 44.90871100026781], [-93.04219799957835, 44.9052630001009], [-93.04212499978343, 44.90510099999573], [-93.04163100003902, 44.90461500012242], [-93.04056900003204, 44.90356999994843], [-93.03875499963947, 44.901786000234196], [-93.03724300026899, 44.900298999875496], [-93.03693799977216, 44.89999900030627], [-93.03681700029664, 44.8998800001984], [-93.03680200022802, 44.8998649997342], [-93.03655500035582, 44.8996219998138], [-93.03473299956731, 44.89783100006665], [-93.02460700014021, 44.894074000053756], [-93.0200439995697, 44.89075000008558], [-93.01917099970859, 44.89075099989332], [-93.01754800001004, 44.89075199970105], [-93.01768699992721, 44.89116099979149], [-93.01771299986649, 44.89131500006294], [-93.01771500041461, 44.8914610002867], [-93.01767799970638, 44.89160700013977], [-93.0176579996149, 44.89175900027304], [-93.01755700023087, 44.89190800000539], [-93.01750799982706, 44.89206599996192], [-93.01739200037443, 44.89223399985041], [-93.0172290001678, 44.89237700031203], [-93.01717899993909, 44.892498000229146], [-93.01724300041151, 44.892593000001426], [-93.01736700026008, 44.89260499985433], [-93.01749699995642, 44.89255600001502], [-93.01767400040673, 44.89254700011791], [-93.01780699957781, 44.89252599971611], [-93.01785699980653, 44.89245999976719], [-93.01782099982151, 44.89234799969979], [-93.01788000027106, 44.89225199974116], [-93.0180030002947, 44.89223099986806], [-93.0180889996101, 44.89222100013793], [-93.01822400022763, 44.8921699997689], [-93.0183830002363, 44.892166000000095], [-93.01857200038219, 44.89217400017384], [-93.0187000004287, 44.89223900003277], [-93.01877900007143, 44.89230300003743], [-93.01892600038452, 44.89243999974842], [-93.01902799959346, 44.89257399980495], [-93.01902900031668, 44.89268999980128], [-93.01897700043814, 44.89276899971421], [-93.01893600043027, 44.89289099984992], [-93.01888799985137, 44.89300600007468], [-93.01888899967628, 44.893143999786304], [-93.01887699998072, 44.89325100011874], [-93.01883799962265, 44.89337599979107], [-93.01880800038374, 44.893519999718315], [-93.01881000003357, 44.8936870000574], [-93.01878900011717, 44.89383800003034], [-93.02182199997725, 44.895736999941384], [-93.02188800009948, 44.89574699969653], [-93.02194800037394, 44.895782999818806], [-93.02196300044255, 44.89589100005036], [-93.02201699997092, 44.8959369998046], [-93.02209499978872, 44.89597499987815], [-93.02216000008605, 44.896021999917615], [-93.02233199961518, 44.89617300012301], [-93.022529000157, 44.89637200003249], [-93.02261600019563, 44.896424999911424], [-93.02270999990695, 44.89646400000729], [-93.02280399961829, 44.89647900008604], [-93.02289200038015, 44.89647599968883], [-93.02297900041879, 44.89646100024561], [-93.02306700028234, 44.89645700013888], [-93.02315400032096, 44.89645999990078], [-93.02323600033672, 44.89646899982187], [-93.02332400020028, 44.896468000113536], [-93.02340500039115, 44.896472999927774], [-93.02348599968369, 44.89645099997826], [-93.02354699978304, 44.896398000123284], [-93.02351400017109, 44.89634799998719], [-93.02343499963004, 44.89629599974863], [-93.02336299966004, 44.896259000235545], [-93.0232899998651, 44.8962280002468], [-93.02321100022237, 44.89618800027767], [-93.02321899971997, 44.89611199975062], [-93.0233119996064, 44.896126999921236], [-93.02340600021604, 44.89616699993276], [-93.02355900037692, 44.896253000054266], [-93.02381100027199, 44.896374999798816], [-93.02389900013554, 44.89639400001218], [-93.0239869999991, 44.89640599970831], [-93.02406800018996, 44.896409999818594], [-93.02416199990128, 44.89640200023412], [-93.0242559996126, 44.896376999855065], [-93.02435600007003, 44.89635999969294], [-93.02443800008581, 44.89636100003951], [-93.02442499966702, 44.896433000129065], [-93.02445200032952, 44.896479999794245], [-93.02450400020804, 44.896527999764615], [-93.02451199970565, 44.89658500023424], [-93.02450300038312, 44.89663500016426], [-93.02453500017018, 44.89668799980079], [-93.02459200007159, 44.89672699971828], [-93.02466400004162, 44.89675100024176], [-93.02468300030819, 44.89678300028773], [-93.02484599961649, 44.89700300004255], [-93.02496699999031, 44.89705899970691], [-93.02506599972452, 44.89708500012343], [-93.02514600009046, 44.89708999988402], [-93.02516700000686, 44.897106999830335], [-93.025197999969, 44.89715699994281], [-93.02526499991615, 44.897171000144674], [-93.02533699988618, 44.897196999874254], [-93.02537500041932, 44.89724099983029], [-93.0255429997505, 44.897396999750214], [-93.02554199992558, 44.89741800028227], [-93.02550099991771, 44.89742700005344], [-93.02540499965824, 44.89741899997409], [-93.02530000007626, 44.89739800007875], [-93.02501800004396, 44.89730200027766], [-93.02491799958652, 44.8972550000117], [-93.02483700029397, 44.89724299985641], [-93.02468300030819, 44.89725799973195], [-93.02459700009447, 44.89728600008314], [-93.02454400039102, 44.897327000254556], [-93.02454299966779, 44.897387999974406], [-93.02455199988863, 44.897451999975985], [-93.02462200020884, 44.897505999822506], [-93.02477199999664, 44.89757500004752], [-93.02507699959519, 44.89773899973359], [-93.0251350002198, 44.89774000005619], [-93.02541999972685, 44.89793900026978], [-93.02550400029075, 44.898013999973344], [-93.02561300007069, 44.89807599991743], [-93.02570900033017, 44.89813999978959], [-93.02583900002651, 44.89821299987501], [-93.02592500024024, 44.89826900026995], [-93.02608900027175, 44.898315999707094], [-93.02629900033403, 44.89842800024186], [-93.02657299997043, 44.89853799994104], [-93.02670199984185, 44.89858200014362], [-93.02685800037578, 44.89862699998335], [-93.02695399973693, 44.89866799983492], [-93.02700399996564, 44.898684000281236], [-93.02719899995932, 44.89882600030879], [-93.02728099997508, 44.89882699997612], [-93.02729199984573, 44.898849999956155], [-93.02727099992934, 44.898876000199174], [-93.0272030001573, 44.89889999982567], [-93.02710199987494, 44.89887000029097], [-93.02687400026932, 44.898742999860254], [-93.02660999978036, 44.89866399988173], [-93.0265210000919, 44.89864299980473], [-93.02633899961869, 44.89858800008187], [-93.02626900019682, 44.89855700007603], [-93.02625099975515, 44.89854399988389], [-93.02619499967865, 44.89851699981808], [-93.02609400029463, 44.89845499971317], [-93.02603999986796, 44.89843800016533], [-93.02585599974493, 44.89840199979625], [-93.025746999965, 44.898399000135676], [-93.02559200015429, 44.898415000020506], [-93.02547599980335, 44.898471999892266], [-93.02538399974183, 44.89850899989039], [-93.02529400022846, 44.898559000056395], [-93.02516000033415, 44.89875999995425], [-93.02504300015829, 44.898891999951275], [-93.02497799986098, 44.89906299988734], [-93.02500399980025, 44.899143999914], [-93.02506200042488, 44.899183000074686], [-93.02512000015118, 44.89923500024776], [-93.02518500044852, 44.89927399971038], [-93.02526599974107, 44.899282000167965], [-93.02534299973395, 44.89928299982738], [-93.02542099955176, 44.8992690001397], [-93.02546400010777, 44.899265000228354], [-93.02580499969132, 44.89935300012346], [-93.02593899958562, 44.89941699984691], [-93.0261059999902, 44.8995140002265], [-93.02619200020392, 44.899527999854534], [-93.02620899992236, 44.8995499998994], [-93.02621899996811, 44.89973399971352], [-93.02623900005959, 44.89974799992431], [-93.02626599982376, 44.89975800025454], [-93.02634899966445, 44.89977500004839], [-93.02646400019049, 44.8997860000246], [-93.026584999666, 44.899766000008455], [-93.02671000023778, 44.899813999781074], [-93.02681200034503, 44.89982600003611], [-93.02688599996488, 44.899849999902415], [-93.02698899989703, 44.89981899994069], [-93.02702099968408, 44.899876999978595], [-93.02707900030873, 44.89994700018784], [-93.0271400004081, 44.8999909999485], [-93.02719899995932, 44.90002699995902], [-93.02724900018805, 44.90005099974141], [-93.02729699986861, 44.90006600015704], [-93.0272950002188, 44.90010799990023], [-93.02731899960992, 44.900182000312434], [-93.02728699982286, 44.90018400023627], [-93.02725699968565, 44.90016800020737], [-93.02722900009654, 44.90014300019305], [-93.02719499976136, 44.90012700015274], [-93.0271400004081, 44.90012300030104], [-93.0271060000729, 44.90013699978079], [-93.02708900035447, 44.900170000131645], [-93.02708799963123, 44.90035000003474], [-93.02709600002717, 44.90041500019707], [-93.02708299960838, 44.900521999726706], [-93.02707599993566, 44.9006520002253], [-93.02715499957839, 44.90082899972186], [-93.02727599995222, 44.90094500024671], [-93.02745400022745, 44.90107299989602], [-93.02761800025898, 44.90116899976417], [-93.02775800000106, 44.90127000014174], [-93.0278810000247, 44.901344999954496], [-93.02796300004047, 44.90141700016628], [-93.02814299996552, 44.90163399987921], [-93.02829799977623, 44.901834999844375], [-93.02837499976913, 44.902017000121475], [-93.02837899996707, 44.90205199988847], [-93.02834399980698, 44.90209799980435], [-93.02843199967053, 44.902258999856286], [-93.02844500008933, 44.90230399999967], [-93.0284929997699, 44.90228900016788], [-93.02851600023445, 44.90224299976854], [-93.02862400018947, 44.902276999790615], [-93.02868899958848, 44.90227900027787], [-93.02877700035033, 44.90229400011226], [-93.0288800002825, 44.90234700025929], [-93.02897999984162, 44.902413000314056], [-93.02907299972803, 44.902462000026155], [-93.02921900021622, 44.90251800010041], [-93.02932799999617, 44.90258700003741], [-93.02936700035421, 44.90262599977155], [-93.02938700044572, 44.90272200022792], [-93.02946400043861, 44.90286000016572], [-93.02957400004345, 44.902932999985026], [-93.0296560000592, 44.902967000235286], [-93.02974700029583, 44.90298999983175], [-93.02985299970271, 44.90299400012029], [-93.03003799965063, 44.90297800023709], [-93.03010899979574, 44.902959000290515], [-93.03018599978866, 44.90295399976768], [-93.03049700013327, 44.9029929998891], [-93.03060799956305, 44.903025999873314], [-93.03069399977677, 44.903064999945904], [-93.03075700042427, 44.903124000119604], [-93.03086200000625, 44.903194000193274], [-93.03092499975543, 44.90324400010279], [-93.03153099965286, 44.90353799986196], [-93.03182000025616, 44.90369000027323], [-93.03192200036341, 44.9037540002592], [-93.03200100000613, 44.90380999971123], [-93.03212900005265, 44.90391200011828], [-93.03221899956603, 44.90400599990895], [-93.03226999961964, 44.90406799975446], [-93.03268499972135, 44.90448199969761], [-93.03274699964562, 44.904562999725094], [-93.03279500022451, 44.904644999840805], [-93.03287200021742, 44.904796999870186], [-93.0329290001188, 44.90488100004889], [-93.03300100008883, 44.90496299971105], [-93.03307499970869, 44.90502100028599], [-93.0332239996716, 44.90511399997782], [-93.03330400003755, 44.90514100012701], [-93.03334900024338, 44.90520300002092], [-93.03335799956591, 44.90522899993602], [-93.03337600000756, 44.90524799976864], [-93.03339600009905, 44.90531000018345], [-93.03339399955091, 44.90533700024053], [-93.03356299960531, 44.905448999823584], [-93.03361000035929, 44.90547100014779], [-93.03362799990263, 44.905498000129306], [-93.03393900024726, 44.905646999893285], [-93.03390999993495, 44.90567699970938], [-93.03388300017077, 44.90571899980737], [-93.03382000042158, 44.90575999969168], [-93.03378100006351, 44.90579700008974], [-93.03370800026859, 44.90583399982778], [-93.03366800008561, 44.905872999904155], [-93.03365899986477, 44.9059370000048], [-93.03361600020708, 44.9059870000736], [-93.03355599993263, 44.906006000291946], [-93.03346899989397, 44.906006000291946], [-93.03340899961954, 44.90601699971226], [-93.03332400012901, 44.90602700022458], [-93.03328099957301, 44.90603899981908], [-93.03325800000678, 44.90607000024451], [-93.03325700018186, 44.90612700016218], [-93.03330200038772, 44.90622699992577], [-93.03338600005331, 44.906288999920896], [-93.03343899975675, 44.90634399991192], [-93.03370599972044, 44.90655000016252], [-93.03379000028434, 44.906621000050016], [-93.03389200039159, 44.906667000127484], [-93.03397699988209, 44.90673099998033], [-93.03402999958556, 44.90675800000628], [-93.03412900021804, 44.9067550001454], [-93.03430300029534, 44.906839000007885], [-93.03446899997668, 44.90696199972145], [-93.03453599992383, 44.90699499997227], [-93.03460600024403, 44.907065999946376], [-93.03470099978027, 44.90720899978929], [-93.03480700008548, 44.90732000002279], [-93.0348859997282, 44.907386000094384], [-93.03493500013201, 44.90743900000064], [-93.03505800015566, 44.9075749997645], [-93.035187999852, 44.90766399981475], [-93.035223999837, 44.90773400008631], [-93.03526400001998, 44.907795000217035], [-93.03529599980703, 44.90786599983924], [-93.03535400043167, 44.90793599986474], [-93.03544300012013, 44.908075000153545], [-93.0354919996256, 44.90812999970818], [-93.03557199999156, 44.908189999914136], [-93.03562499969499, 44.90823800028833], [-93.03565999985511, 44.90835799977595], [-93.03566400005307, 44.908421000154235], [-93.0356819995964, 44.908501000222], [-93.03571099990872, 44.90856999997632], [-93.03573199982512, 44.90864899970395], [-93.03576699998523, 44.9087100001361], [-93.03582200023682, 44.90884899982562], [-93.03584200032829, 44.90892799980601], [-93.035884999986, 44.90900200031728], [-93.03591000010036, 44.90918699990628], [-93.03591299957509, 44.90931199992773], [-93.03595399958299, 44.90939699999059], [-93.03600399981168, 44.90946300022216], [-93.03618499956164, 44.90962400000649], [-93.0363079995853, 44.909743000304054], [-93.0364270003093, 44.90986600016553], [-93.03652400039368, 44.909983999852514], [-93.03665699956474, 44.91016500030877], [-93.03673899958052, 44.910253000061076], [-93.0368220003195, 44.910314000063295], [-93.03688800044175, 44.91031799984218], [-93.03699200019882, 44.91030099998483], [-93.03715500040545, 44.91022599976822], [-93.03723099967512, 44.91014199976571], [-93.03727699970587, 44.91006599986973], [-93.03731500023902, 44.91001600016797], [-93.03742400001896, 44.909983999852514], [-93.0375040003849, 44.909997000002726], [-93.03759499972317, 44.910054999951825], [-93.03767799956385, 44.91011799974246], [-93.03777499964825, 44.91018200020635], [-93.03787900030362, 44.91024300028397], [-93.03794600025077, 44.91029700020476], [-93.03796600034227, 44.910365999711644], [-93.03795700012144, 44.910445000151775], [-93.03789799967188, 44.91050499984979], [-93.03783099972475, 44.910543999938], [-93.03775499955675, 44.91056000026016], [-93.0377019998533, 44.910584000098865], [-93.03768000011199, 44.910624000231884], [-93.03774500040933, 44.91067299994337], [-93.03781800020425, 44.91072100015257], [-93.03788799962615, 44.91077400016472], [-93.03799200028153, 44.910842000276716], [-93.03813799987141, 44.91092300024902], [-93.03819700032095, 44.910997000100394], [-93.03828400035958, 44.91106100022169], [-93.03837499969787, 44.911140999795954], [-93.03853100023179, 44.911335999723114], [-93.03869400043841, 44.911557999940854], [-93.0387150003548, 44.91160299980307], [-93.0387649996852, 44.911604999965796], [-93.03880499986818, 44.911595999869235], [-93.03886699979245, 44.911596999950724], [-93.03888100003614, 44.91161999991152], [-93.03888100003614, 44.911648000266254], [-93.03884800042418, 44.91166100004004], [-93.0388209997617, 44.91168099973528], [-93.03882999998254, 44.91172099974102], [-93.03887400036346, 44.91179900014924], [-93.03888600005902, 44.91183399968632], [-93.03894399978533, 44.91193200018526], [-93.03897399992258, 44.912008000158515], [-93.03899800021202, 44.91210300014279], [-93.0390590003114, 44.91228000000945], [-93.03909799977113, 44.912336000062176], [-93.03914600035002, 44.91252600006176], [-93.03914899982476, 44.912761000297216], [-93.03913200010632, 44.91283599975049], [-93.0391239997104, 44.91299400009361], [-93.03905500011344, 44.91320999994845], [-93.03903099982399, 44.913267999836], [-93.03903099982399, 44.91332699971641], [-93.03900800025777, 44.913376999718594], [-93.03896399987684, 44.913427999726906], [-93.03886299959449, 44.913609000151915], [-93.03870699995888, 44.91378200029594], [-93.03853700007956, 44.913958000040445], [-93.03840900003304, 44.914051999943396], [-93.03792199996134, 44.91436399973741], [-93.03770500022635, 44.914563000299445], [-93.03740099955444, 44.91475199990746], [-93.03705199957496, 44.914868999716795], [-93.03693699994724, 44.914938000096235], [-93.03648099983765, 44.9152570002941], [-93.0363569999891, 44.91533000027385], [-93.03624099963815, 44.91540900025199], [-93.03621300004906, 44.915485000080224], [-93.03624099963815, 44.91557900002999], [-93.03639100032429, 44.91563400003762], [-93.03648500003561, 44.9156639997304], [-93.03662999980057, 44.91569800008429], [-93.03677499956554, 44.91576200005968], [-93.03690099996223, 44.91579199968569], [-93.03703599968145, 44.915805999802615], [-93.03719800006316, 44.91586400025084], [-93.03727199968299, 44.91595000017158], [-93.03727500005604, 44.91600699983359], [-93.037307999668, 44.91610200020487], [-93.03736600029264, 44.9162029997912], [-93.03735200004893, 44.91628499984127], [-93.03730400036837, 44.91636799977278], [-93.03729299959939, 44.916457000202286], [-93.03733299978236, 44.916529999929864], [-93.03759300007336, 44.91666999978415], [-93.03766800041645, 44.916769000297634], [-93.03767500008912, 44.916864000045244], [-93.03764900014986, 44.91695900027198], [-93.03773500036358, 44.917039999892594], [-93.03790900044085, 44.917111000180796], [-93.03807299957407, 44.917140999738635], [-93.03821700041243, 44.91709899971714], [-93.03834700010877, 44.91701600020541], [-93.0384550000638, 44.91693099996035], [-93.03858200028542, 44.91686100007573], [-93.03874600031693, 44.91682599978339], [-93.03888100003614, 44.91681599987766], [-93.0390259998011, 44.916828999754735], [-93.03914200015205, 44.9168620000656], [-93.03927699987128, 44.91691400015066], [-93.03936200026008, 44.916997999797296], [-93.0393220000771, 44.91708499991518], [-93.03915700022068, 44.917171999901406], [-93.03896399987684, 44.91720400003138], [-93.03883599983031, 44.91720500001529], [-93.03871700000464, 44.9172730001516], [-93.03859300015607, 44.91736699972103], [-93.03834200008589, 44.91750400014455], [-93.03823099975781, 44.91755299971525], [-93.03810500025943, 44.91761700016916], [-93.03801300019792, 44.917688999719886], [-93.03793700002993, 44.9177910003072], [-93.03780800015852, 44.917853999887306], [-93.03766300039355, 44.91787599991623], [-93.03755000041565, 44.91780399996369], [-93.03749400033917, 44.91772200017293], [-93.03749299961592, 44.91762300002914], [-93.03755100024057, 44.9175310001988], [-93.03769699983044, 44.91745999979343], [-93.0379050002429, 44.917410000163095], [-93.03797899986274, 44.91733900024435], [-93.03772399959462, 44.917377000166944], [-93.03758300002762, 44.91738400003278], [-93.03744900013332, 44.91737300024325], [-93.03721399995666, 44.917305000225284], [-93.03722099962938, 44.917218999788005], [-93.03720499973583, 44.91713199987294], [-93.03712000024535, 44.91707500005459], [-93.03698999965069, 44.91708299994323], [-93.03688199969565, 44.91707300008224], [-93.03675199999931, 44.91707100010987], [-93.0366380001965, 44.91710200031041], [-93.03652100002063, 44.917177999807855], [-93.03646999996701, 44.9172730001516], [-93.0364189999134, 44.917350000040386], [-93.03630599993548, 44.91742199992567], [-93.036181000262, 44.91742099994554], [-93.03609900024624, 44.91737000030026], [-93.03605300021547, 44.91728399996026], [-93.03604999984243, 44.91709999970287], [-93.03606499991106, 44.91701100026927], [-93.0361240003606, 44.916925000028066], [-93.03611699978958, 44.91683599968732], [-93.03603599959872, 44.91674899982852], [-93.03598000042055, 44.916657999864526], [-93.0359829998953, 44.91656399977136], [-93.03602999975095, 44.91648100012295], [-93.03610099989606, 44.9164390002552], [-93.03617899971387, 44.916463000183384], [-93.03624999985897, 44.916524999951484], [-93.03636000036215, 44.91659300025637], [-93.03641200024067, 44.916585000299506], [-93.03641100041578, 44.91650300004141], [-93.0364559997233, 44.916430000279526], [-93.03652000019572, 44.916358999785984], [-93.03652699986841, 44.91627899984157], [-93.0365109999749, 44.91620099978851], [-93.03638799995124, 44.91614000030941], [-93.03628099982113, 44.91609300017641], [-93.036181000262, 44.91603099994221], [-93.03608800037559, 44.91599899979514], [-93.03602100042843, 44.91600699983359], [-93.03593000019184, 44.91605300003299], [-93.03589699968157, 44.91611300023771], [-93.03588099978803, 44.9161759997491], [-93.0358430001532, 44.91626399983963], [-93.03578999955144, 44.916416000314584], [-93.03574400041902, 44.91651100000969], [-93.03563899993871, 44.91668900028789], [-93.03563899993871, 44.916951999718236], [-93.03566400005307, 44.91707000012363], [-93.03565599965715, 44.917108000224175], [-93.03560399977859, 44.91722499968955], [-93.03558500041034, 44.917336000299585], [-93.03554199985432, 44.91744100018075], [-93.03541600035595, 44.917673000110206], [-93.03535500025657, 44.91779900009617], [-93.0351679997605, 44.918086000057635], [-93.03496699991906, 44.918310000210596], [-93.03460700006896, 44.9186160000307], [-93.03449499991596, 44.91869999973363], [-93.0344000003797, 44.91880600025888], [-93.03423200015021, 44.918966999950435], [-93.03410499992862, 44.91907699978847], [-93.03400899966915, 44.91918800000138], [-93.0339140001329, 44.919273000088225], [-93.03383299994204, 44.919330000270605], [-93.03369099965182, 44.91941400020193], [-93.03356500015344, 44.91948300021271], [-93.03324899978595, 44.91968599998506], [-93.03319199988455, 44.91973500023942], [-93.03316500012036, 44.919801999987335], [-93.03315599989953, 44.91986699978207], [-93.03306399983802, 44.920002000099316], [-93.03300500028679, 44.92018599996913], [-93.03294300036252, 44.92030799981375], [-93.03288700028601, 44.92035700017371], [-93.03283299985935, 44.92041499984484], [-93.0327869998286, 44.92047900029133], [-93.03275099984359, 44.920553999849204], [-93.03268600044456, 44.920739999704274], [-93.03265200010938, 44.920816000114655], [-93.03252599971268, 44.92105499982951], [-93.03247499965906, 44.921121000030645], [-93.03240199986413, 44.921200000316304], [-93.03230099958178, 44.921262000061866], [-93.03220400039572, 44.92132999984947], [-93.03212599967961, 44.92139499982373], [-93.03190399992175, 44.921555999893606], [-93.0318090003855, 44.92171299989067], [-93.0317590001568, 44.9217539998152], [-93.03168100033899, 44.92179600025056], [-93.03161400039184, 44.921845999880674], [-93.03139799958346, 44.921968999917816], [-93.03126799988712, 44.92205199990786], [-93.03110700022864, 44.92213100018553], [-93.03101099996918, 44.92232100023933], [-93.03098099983194, 44.92239900025361], [-93.03098400020498, 44.92264700001936], [-93.03100199974834, 44.922732999965135], [-93.03108700013715, 44.92274999996138], [-93.0312450003209, 44.92271099988774], [-93.03131599956768, 44.92273200007744], [-93.03134700042814, 44.922776000207804], [-93.03131700029093, 44.922928999878245], [-93.03115699955903, 44.92320999974567], [-93.03084199991477, 44.92353799995299], [-93.03032999972869, 44.923910000093585], [-93.0297039997398, 44.9242219997904], [-93.02966299973193, 44.924344999828975], [-93.03043699985881, 44.92401099994854], [-93.03091399988479, 44.9238209997594], [-93.03111700027438, 44.923764000216146], [-93.03120199976486, 44.92383700020125], [-93.03112899996994, 44.92391400019827], [-93.03092800012848, 44.92407299984079], [-93.03096699958823, 44.924137000028686], [-93.03096800031146, 44.92422699973504], [-93.03106200002279, 44.92424399992522], [-93.03112099957403, 44.92432400022889], [-93.03112099957403, 44.92452600021354], [-93.03112700032013, 44.924640000275495], [-93.03116699960478, 44.92473600021917], [-93.03125500036663, 44.92483100015125], [-93.03137099981929, 44.92490099986676], [-93.03146100023096, 44.924974000315196], [-93.03156099979007, 44.925047999882175], [-93.0316479998287, 44.9251000001913], [-93.03178500009608, 44.925204000032295], [-93.0318789998074, 44.92530000030549], [-93.03192400001323, 44.925353000228604], [-93.03194400010472, 44.92543700025856], [-93.03194599975456, 44.92552599999729], [-93.03193300023406, 44.92559900028749], [-93.03184799984527, 44.92562000005753], [-93.03165899969937, 44.92562099989495], [-93.03163399958501, 44.92565599991812], [-93.03163500030824, 44.925737999834276], [-93.03167999961576, 44.92580799971665], [-93.03176900020253, 44.92581899979942], [-93.03189800007397, 44.925770000281744], [-93.03203000031844, 44.92569700020886], [-93.0321399999233, 44.92568600010267], [-93.0322520000763, 44.92568600010267], [-93.03227899984047, 44.925739000305654], [-93.03227999966539, 44.92583699998817], [-93.03224000038074, 44.92591500031693], [-93.0321399999233, 44.925996999863365], [-93.0320839998468, 44.92608999995971], [-93.03205799990754, 44.926189000143], [-93.03206799995328, 44.92627300022256], [-93.03203000031844, 44.92636299976259], [-93.03196699967094, 44.92642099973067], [-93.03190399992175, 44.926488999772175], [-93.03186000043914, 44.926566999851644], [-93.03183399960156, 44.92665199983392], [-93.03179000011893, 44.92672700023761], [-93.03178699974589, 44.92680199990735], [-93.03180500018755, 44.92686099988404], [-93.03180699983737, 44.92700899978526], [-93.03178099989812, 44.92709100031408], [-93.03174300026328, 44.92714999999393], [-93.03166600027038, 44.9272249997474], [-93.03155999996517, 44.927306000159795], [-93.03139900030669, 44.92740900001675], [-93.03128700015368, 44.92745199993941], [-93.03121199981062, 44.92748799992388], [-93.03112499977198, 44.92753999993227], [-93.03106700004567, 44.927579999711], [-93.0309919997026, 44.927623999944245], [-93.03088799994552, 44.92765999982092], [-93.03080299955671, 44.927665999904136], [-93.03074800020343, 44.92764800028851], [-93.03048500043771, 44.92748499987305], [-93.03022900034466, 44.92734399985067], [-93.03009600027528, 44.927240999877164], [-93.03005000024453, 44.92712300000783], [-93.03003199980286, 44.92701300031018], [-93.02999699964276, 44.92691400027496], [-93.02995900000793, 44.92682999986073], [-93.02990600030448, 44.926773000123006], [-93.02981199969483, 44.926739999780324], [-93.02972899985416, 44.92673100014614], [-93.02966699992987, 44.92673100014614], [-93.02961800042439, 44.92672299969278], [-93.02959900015783, 44.92681500006912], [-93.02965299968618, 44.92691999980013], [-93.02970000044014, 44.92705400026833], [-93.0298440003802, 44.927329000193275], [-93.02991100032735, 44.92740599996179], [-93.03000400021378, 44.927441999975095], [-93.03029299991877, 44.927533000031744], [-93.03039699967584, 44.92757700030099], [-93.03050999965375, 44.92764399980782], [-93.03064799974602, 44.92770600023114], [-93.03072499973891, 44.92775400020516], [-93.03077699961743, 44.92784600020226], [-93.03080400027993, 44.92786699978687], [-93.03087700007487, 44.927840000137785], [-93.03096099974044, 44.9277849997298], [-93.0310629998477, 44.92771099987255], [-93.03117099980273, 44.92766400030049], [-93.03143899959133, 44.92760400007369], [-93.03171999979874, 44.927571000208424], [-93.03195999999825, 44.92756999976891], [-93.03208600039494, 44.9275520001232], [-93.03232499987122, 44.92747700016072], [-93.03237799957469, 44.92743999972758], [-93.03243899967404, 44.927432000008984], [-93.03251800021508, 44.92743100020308], [-93.03259299965983, 44.92742200004113], [-93.03267999969847, 44.927401000293834], [-93.03272599972922, 44.927401000293834], [-93.03280799974499, 44.92737900009601], [-93.0328649996464, 44.9273539998321], [-93.03289399995872, 44.92735099977422], [-93.03290999985224, 44.927292000300874], [-93.03295199968503, 44.92731300008802], [-93.03300000026393, 44.927306000159795], [-93.03308200027968, 44.927273000123364], [-93.0331109996937, 44.92725600019356], [-93.03315099987668, 44.92724000006793], [-93.03315699972445, 44.92720799980339], [-93.03322100019686, 44.927187999787954], [-93.03326399985458, 44.92716099981971], [-93.03365800003986, 44.92716000000914], [-93.03375799959898, 44.92713500028588], [-93.03379899960687, 44.927066999737086], [-93.03387200030011, 44.926994999853896], [-93.03389700041447, 44.92695399985359], [-93.03389700041447, 44.92692599996065], [-93.0339209998056, 44.92691200000907], [-93.03395799961552, 44.92691299982401], [-93.03396799966126, 44.92689499997242], [-93.03397299968414, 44.92686099988404], [-93.03399600014868, 44.926835000214425], [-93.03403999963129, 44.92683200012943], [-93.0341040001037, 44.92680100009048], [-93.03415699980714, 44.92679899982069], [-93.03422399975429, 44.926777999845584], [-93.034237999998, 44.92674599995969], [-93.03428200037894, 44.92672999969201], [-93.03447999984733, 44.92672800005578], [-93.0345049999617, 44.926741000234294], [-93.03460500041913, 44.92674399968795], [-93.03462600033554, 44.9267550002275], [-93.03462700016043, 44.92677700002833], [-93.03465899994748, 44.926784999838155], [-93.03471099982603, 44.926780999933385], [-93.03476899955233, 44.92676399985797], [-93.03489800032207, 44.92676399985797], [-93.0349429996296, 44.9267709998522], [-93.03498600018564, 44.926772000305625], [-93.03502100034574, 44.92678000011614], [-93.03506499982834, 44.92680100009048], [-93.03515600006494, 44.92687099994955], [-93.03521899981415, 44.92693600001485], [-93.03540700013511, 44.92718600016767], [-93.03549400017376, 44.92732300007485], [-93.03562200022026, 44.927559999825135], [-93.03563899993871, 44.92761000016277], [-93.0356399997636, 44.92765900001896], [-93.03565999985511, 44.9277000001521], [-93.03571400028177, 44.927755000005455], [-93.03578399970367, 44.92779300003526], [-93.03584200032829, 44.92783199983888], [-93.03597799987242, 44.927887999999825], [-93.03601700023049, 44.92791000000269], [-93.03604599964447, 44.927913999828846], [-93.03607099975883, 44.9279419998762], [-93.03613199985821, 44.928041000047656], [-93.03618899975962, 44.928112000097656], [-93.03623800016341, 44.92816100016163], [-93.03629500006483, 44.92820599974226], [-93.0363500003164, 44.92830500009471], [-93.03637999955532, 44.928377000243856], [-93.03638299992838, 44.928411000070916], [-93.03643800017996, 44.928447999878536], [-93.03648500003561, 44.92851800027451], [-93.03656399967835, 44.92865399976414], [-93.03662300012789, 44.928734000286205], [-93.03663300017362, 44.9287859998026], [-93.03665599973985, 44.928819000241816], [-93.03668500005216, 44.928846999847956], [-93.03678100031162, 44.92891000002491], [-93.0368430002359, 44.92896700018608], [-93.03694699999298, 44.929062999894434], [-93.03700800009236, 44.92914500003505], [-93.03709099993303, 44.92937000009094], [-93.03718999966722, 44.929506999876985], [-93.03726099981235, 44.92957099973471], [-93.03731799971375, 44.92963800009559], [-93.03738700020904, 44.92969699970324], [-93.03747000004971, 44.92975200018838], [-93.03750600003472, 44.92983499974538], [-93.03753899964669, 44.93000800000728], [-93.03752100010334, 44.930097000295596], [-93.03746699967667, 44.9302580001452], [-93.03732299973663, 44.93038699977808], [-93.03729900034548, 44.930478000256834], [-93.03730600001818, 44.930555000255815], [-93.03731600006391, 44.93060600028093], [-93.03734700002607, 44.93063299990176], [-93.03737700016329, 44.93070800019521], [-93.03740999977526, 44.93082200007215], [-93.03737999963802, 44.93101699998976], [-93.0374409997374, 44.931105999986514], [-93.03748500011834, 44.93119400010495], [-93.03767599991404, 44.9314929999336], [-93.03776499960249, 44.93175999984108], [-93.0377789998462, 44.931865000072015], [-93.0377789998462, 44.93200000017775], [-93.037820999679, 44.932146999833016], [-93.03789900039511, 44.93227499995321], [-93.03799899995423, 44.93240699993736], [-93.03816200016084, 44.9327050000964], [-93.03818999974993, 44.93280200026491], [-93.0381949997728, 44.932891000039355], [-93.03817100038167, 44.93298599983933], [-93.03812899965057, 44.93308599992762], [-93.03807199974915, 44.93328699992173], [-93.03804499998498, 44.93336100022645], [-93.03801200037302, 44.933476999962224], [-93.03790400041798, 44.933746999909175], [-93.037820999679, 44.9339090000311], [-93.03778899989194, 44.93395499988823], [-93.03729400032262, 44.935045999827814], [-93.03707099984155, 44.935438000174635], [-93.03708300043543, 44.9354650000676], [-93.03704900010024, 44.93552799998039], [-93.0369760003053, 44.93559600005096], [-93.0365889997927, 44.93612700030148], [-93.03784999999131, 44.93708500030028], [-93.03842199955352, 44.93745800009432], [-93.03984599995877, 44.9381909999167], [-93.04020900018193, 44.93843499981435], [-93.03905699976325, 44.93793999971407], [-93.03591199975018, 44.93661899992351], [-93.03515600006494, 44.936300999703484], [-93.03535000023369, 44.93652399977429], [-93.0357589995893, 44.93670899978602], [-93.03566900007593, 44.93676199999235], [-93.03515799971477, 44.936923000235126], [-93.03476000022984, 44.937043000233075], [-93.03466899999322, 44.937003999688926], [-93.03440200002953, 44.93706199972219], [-93.03430499994516, 44.937087000211854], [-93.03423200015021, 44.93716299998019], [-93.03416199983002, 44.93718799978998], [-93.03408400001221, 44.93720899977439], [-93.03391699960763, 44.937239999919036], [-93.03379500030722, 44.9372670002365], [-93.03372699963684, 44.937276999762055], [-93.0336460003443, 44.937276999762055], [-93.03351300027491, 44.9372649996953], [-93.03316299957223, 44.937215999767496], [-93.03296500010381, 44.93717699997676], [-93.0322100002435, 44.93706199972219], [-93.03210999978607, 44.93703899977084], [-93.0320269999454, 44.93700600023922], [-93.03196699967094, 44.93694899978964], [-93.03188399983026, 44.93685299990855], [-93.03179500014181, 44.9367359997173], [-93.03163799978297, 44.93643400025775], [-93.03153099965286, 44.93625200022491], [-93.03144399961421, 44.936133000136174], [-93.0311189999242, 44.93564700005106], [-93.0310419999313, 44.93555099990107], [-93.03100299957325, 44.93546100013136], [-93.03092399993052, 44.935365000306305], [-93.03084000026494, 44.93531499972445], [-93.03067799988324, 44.93524899993269], [-93.03064299972314, 44.935229999843656], [-93.03014999980364, 44.934896999973915], [-93.02968100017357, 44.93461600004256], [-93.02945100001982, 44.93457800007533], [-93.0291969995766, 44.934592999747444], [-93.02887799973436, 44.9346040000556], [-93.02862300036456, 44.93468599991644], [-93.02850899966343, 44.934885999721885], [-93.0284929997699, 44.93490899989965], [-93.02843099984563, 44.9349730000971], [-93.02836499972338, 44.93512300006167], [-93.02822499998129, 44.935365000306305], [-93.02816499970683, 44.93544400008127], [-93.02809100008699, 44.93551699984917], [-93.02795499964456, 44.93568299998645], [-93.0279010001162, 44.935718999899265], [-93.02787299962878, 44.93575099987348], [-93.02787199980388, 44.93585799975712], [-93.02788400039776, 44.93592600007285], [-93.02790000029128, 44.93594800017647], [-93.02790799978888, 44.93599499996491], [-93.02792600023055, 44.9360390001108], [-93.02793299990326, 44.93608199993178], [-93.02792600023055, 44.93621299977944], [-93.02790500031416, 44.936248999995925], [-93.02786400030627, 44.936294999886385], [-93.02782599977313, 44.93634900012554], [-93.02778399994034, 44.936398000157254], [-93.0277039995744, 44.93644599986226], [-93.02762900012962, 44.93650199989135], [-93.02754600028895, 44.936554000005756], [-93.02748299964145, 44.93660999992953], [-93.02740099962568, 44.93666900000588], [-93.02735399977003, 44.93672299989326], [-93.02730400043961, 44.93676999968331], [-93.02725500003582, 44.93682999987349], [-93.02722400007369, 44.93690299978716], [-93.02714700008077, 44.9369710001372], [-93.02707400028585, 44.93698799973524], [-93.0266690002299, 44.93704500014611], [-93.02647500006114, 44.937080000203025], [-93.02622700036403, 44.937133000066936], [-93.02588000003438, 44.937199000237], [-93.0257899996227, 44.93721100031756], [-93.02538200009201, 44.937227999844495], [-93.02517399967957, 44.9372649996953], [-93.0250849999911, 44.93727100004694], [-93.02493000018039, 44.93728399974687], [-93.02487499992881, 44.9372950001755], [-93.02482999972298, 44.93729799971393], [-93.02475199990516, 44.937312000313476], [-93.02465300017096, 44.937357999988315], [-93.02451199970565, 44.93738999968509], [-93.02446999987286, 44.93741600029992], [-93.02443100041312, 44.9374469996969], [-93.02436299974273, 44.937511999875625], [-93.02424200026722, 44.93759999971668], [-93.02420999958186, 44.937611000084736], [-93.02414400035794, 44.93762600023643], [-93.02411199967257, 44.937650999844635], [-93.02406999983978, 44.93770300019031], [-93.0240010002428, 44.93773999973499], [-93.02389900013554, 44.93783200026975], [-93.02385899995258, 44.93785499990346], [-93.02382799999044, 44.93788100030775], [-93.02382200014266, 44.93791799973777], [-93.0237979998532, 44.93796100005937], [-93.02375500019551, 44.938018000140275], [-93.02371500001254, 44.93808099979576], [-93.02367900002753, 44.938127999746015], [-93.0236339998217, 44.93816900003653], [-93.02352500004174, 44.938285999851566], [-93.02342799995736, 44.93836300019214], [-93.02333300042112, 44.938422999989534], [-93.02326700029889, 44.93845599997856], [-93.02311699961274, 44.93850800023112], [-93.0229030002508, 44.93856999973696], [-93.02283399975552, 44.938603000277396], [-93.02276799963327, 44.93862600023819], [-93.02273800039437, 44.93864999980039], [-93.02270700043222, 44.93868300029485], [-93.0226980002114, 44.93872299994381], [-93.02269599966327, 44.93877000000448], [-93.02270400005918, 44.93881599978305], [-93.0226980002114, 44.938880999683846], [-93.0226990000363, 44.93895999970874], [-93.02265800002843, 44.93898199992174], [-93.0226270000663, 44.9390049997307], [-93.02259899957888, 44.93903600017746], [-93.02255799957098, 44.93905700012192], [-93.02246899988255, 44.93908900014359], [-93.02233499998825, 44.93919499992912], [-93.02216900030689, 44.93934799974234], [-93.02214099981948, 44.939413999909945], [-93.02212800029899, 44.939432000289315], [-93.02207399987233, 44.939470000223835], [-93.02206700019961, 44.93954900007427], [-93.02205299995592, 44.93958800016157], [-93.02203600023748, 44.939602000202754], [-93.02202500036685, 44.939632000097774], [-93.02202700001666, 44.93965700010437], [-93.02204000043544, 44.939691999840896], [-93.02208300009316, 44.93974100019928], [-93.02212800029899, 44.939772000248695], [-93.02217400032974, 44.93981100018452], [-93.02223799990385, 44.93988100008441], [-93.02234099983602, 44.93996700029875], [-93.02237799964593, 44.940030999945854], [-93.02245399981392, 44.94011000029612], [-93.0225009996696, 44.9401500002227], [-93.02255099989831, 44.940202000212814], [-93.02258400040857, 44.940246000314424], [-93.02260600014989, 44.940298000217595], [-93.02263399973897, 44.94033099976486], [-93.02269099964039, 44.94036599972641], [-93.02274599989197, 44.94038200001059], [-93.0228189996869, 44.9404309997801], [-93.02285700022006, 44.940448999840626], [-93.02293000001498, 44.9405070002093], [-93.02305700023659, 44.940636999923825], [-93.02313000003153, 44.94074100024656], [-93.0231369997042, 44.94077499974868], [-93.02312699965847, 44.94080899986659], [-93.02310599974207, 44.940835000204984], [-93.02308400000078, 44.940847000161526], [-93.02288700035729, 44.94101000017079], [-93.02282700008281, 44.94104899990156], [-93.02281100018931, 44.94106900017714], [-93.0227900002729, 44.94109400019385], [-93.02275500011281, 44.94112099997074], [-93.02268399996768, 44.941163999801226], [-93.02253300035494, 44.941299000301875], [-93.02249700036995, 44.94132300001849], [-93.02242500039992, 44.941394999744105], [-93.02242100020196, 44.941413000138276], [-93.02237699982103, 44.941446000316375], [-93.02233699963806, 44.941507999829035], [-93.02233199961518, 44.94157999995846], [-93.02235900027767, 44.94167900014799], [-93.02234599985887, 44.94171500011675], [-93.0223609999275, 44.9418389997658], [-93.02239400043779, 44.94188899975362], [-93.0223890004149, 44.94192100010451], [-93.0224100003313, 44.94214200023257], [-93.02247700027846, 44.94230000010179], [-93.02249200034707, 44.94236600005525], [-93.02248800014911, 44.942391000143054], [-93.02239299971455, 44.94244400019145], [-93.02234099983602, 44.942465999705284], [-93.02231599972166, 44.9424809998603], [-93.02225600034551, 44.94250100027288], [-93.02218199982737, 44.9424960000114], [-93.02212099972799, 44.94249899991399], [-93.02201600014601, 44.942526999844986], [-93.02198600000877, 44.94252999974594], [-93.02174900018231, 44.94265499971901], [-93.02162399961053, 44.94272900003261], [-93.02277600002921, 44.943189000048875], [-93.02300199998501, 44.94327599992501], [-93.02334000009381, 44.94338399993858], [-93.02362200012611, 44.94345600025869], [-93.02391900022704, 44.94351599982059], [-93.02410099980192, 44.94354500005267], [-93.02440499957552, 44.94357999996242], [-93.02474400040757, 44.943602000312616], [-93.0250220002419, 44.9436050001574], [-93.02514600009046, 44.9436050001574], [-93.025161999984, 44.94478300000309], [-93.02517100020482, 44.94540299995064], [-93.02518500044852, 44.94644299992085], [-93.02520100034205, 44.947593000032654], [-93.02521600041067, 44.948724999989714], [-93.02522200025845, 44.949684999701084], [-93.02522800010622, 44.950603000201404], [-93.02522800010622, 44.9506309999942], [-93.02522999975606, 44.95091399981275], [-93.02523099958096, 44.95119800017096], [-93.02523200030419, 44.951354999884465], [-93.02523499977892, 44.951845999962295], [-93.0252399998018, 44.95261399994162], [-93.0252399998018, 44.95264000001934], [-93.02524900002263, 44.954112999806576], [-93.02456699995723, 44.9541099998752], [-93.02455299971353, 44.954194999777], [-93.02455299971353, 44.95454099985041], [-93.02397600012846, 44.954556000028724], [-93.02399000037215, 44.95547999989341], [-93.02510900028055, 44.95547300022002], [-93.02513100002184, 44.95628800031476], [-93.02464700032318, 44.95628100010423], [-93.02465900001874, 44.95677900014371], [-93.0246620003918, 44.956894000315955], [-93.0246909998058, 44.95758000002116], [-93.02470199967645, 44.957671999910225], [-93.02471199972219, 44.95776099991128], [-93.02438700003218, 44.957789000025905], [-93.02443800008581, 44.95859099968822], [-93.02466900006448, 44.95859800025257], [-93.02464700032318, 44.95939199969757], [-93.02462499968355, 44.959488999912594], [-93.02498100023402, 44.95948999979602], [-93.0252890002056, 44.95949100031505], [-93.0252969997032, 44.960377999984956], [-93.02530400027422, 44.96128600000236], [-93.02531199977182, 44.9622039999023], [-93.02531900034283, 44.96308299974369], [-93.02531400031997, 44.96398200002021], [-93.02531400031997, 44.964024999886874], [-93.025310000122, 44.964884999985244], [-93.025310000122, 44.964924000020396], [-93.02530500009912, 44.965825000230055], [-93.02530099990116, 44.96668799994761], [-93.02517399967957, 44.96677900009419], [-93.0248740001039, 44.96677900009419], [-93.0248740001039, 44.96718800004626], [-93.02473099998878, 44.967190999929436], [-93.02472799961572, 44.96724999971915], [-93.02472299959284, 44.967646000313586], [-93.02517399967957, 44.967649000172855], [-93.02529599987828, 44.96772099992564], [-93.02529099985541, 44.96874899985076], [-93.02528599983255, 44.969520999964466], [-93.02528300035782, 44.970292999856], [-93.02528300035782, 44.97043199989004], [-93.02528500000764, 44.9712029999154], [-93.02528800038068, 44.972111000190964], [-93.0252900000305, 44.972992000047974], [-93.02529099985541, 44.97339699971257], [-93.02192699955923, 44.97487600004658], [-93.02023100006576, 44.97546499980507], [-93.02018099983704, 44.975973999827694], [-93.02021500017221, 44.97703099972799], [-93.02039599992219, 44.97702700014624], [-93.02259699992905, 44.97703900016157], [-93.02277000018141, 44.97696100001716], [-93.02462600040678, 44.97703300015422], [-93.02460700014021, 44.97750899984471], [-93.02530299955099, 44.977511000254275], [-93.02529400022846, 44.9784070000601], [-93.02528500000764, 44.97931300030773], [-93.0252759997868, 44.98021500022419], [-93.02526699956597, 44.98111400013946], [-93.02525800024347, 44.982015000189804], [-93.02524900002263, 44.98291800028026], [-93.02524499982466, 44.98322699989684], [-93.02512299962594, 44.983218000221534], [-93.02455600008658, 44.98321299969529], [-93.02456000028454, 44.98381799984212], [-93.02473600001163, 44.98381799984212], [-93.0252399998018, 44.98381799984212], [-93.02523099958096, 44.984717999888694], [-93.0252270002813, 44.98562500022677], [-93.02522899993114, 44.98652699995495], [-93.0252270002813, 44.987433000229736], [-93.0252259995581, 44.988333000066554], [-93.02361999957797, 44.98833700013031], [-93.02362200012611, 44.98924499975128], [-93.02362299995103, 44.99015100026737], [-93.02367599965449, 44.991105000174805], [-93.02372400023337, 44.99195200015011], [-93.02522200025845, 44.99194900029155], [-93.02777300006967, 44.99195699991404], [-93.02777300006967, 44.99153799976016], [-93.02789199989536, 44.99146500008869], [-93.02980500002212, 44.99148300002504], [-93.02981300041806, 44.99180999968429], [-93.02980900022008, 44.991963000265464], [-93.03033999977443, 44.991966000123284], [-93.0328989999816, 44.99197399974341], [-93.03376699981982, 44.99197700023595], [-93.03545800018874, 44.991982999950025], [-93.03673899958052, 44.99198699975901], [-93.03795999959615, 44.99199100020302], [-93.03801599967267, 44.99199100020302], [-93.03928400044228, 44.99199500001149], [-93.04057800025286, 44.99199999977168], [-93.04309599955381, 44.992008000022345], [-93.04313900010983, 44.992008000022345], [-93.04430099967594, 44.99201199982959], [-93.04457000018776, 44.99201199982959], [-93.04481799988488, 44.99201399973313], [-93.04505499971134, 44.9920160002719], [-93.04569900014191, 44.9920160002719], [-93.04697799988385, 44.99201499968485], [-93.04820200027255, 44.99201499968485], [-93.04832799977093, 44.99201499968485], [-93.04942800031107, 44.99201499968485], [-93.04942900013599, 44.991589000241326], [-93.04955800000741, 44.991592000118736], [-93.04974899980313, 44.991598999832085], [-93.04974899980313, 44.9915699997435], [-93.04994299997188, 44.99156399998623], [-93.04993999959882, 44.9912930001296], [-93.05013399976758, 44.991290000236496], [-93.05014399981333, 44.991417000019055], [-93.05033499960903, 44.991417000019055], [-93.05034399982988, 44.99154400015545], [-93.05051899973206, 44.99154799999513], [-93.05051600025732, 44.99193299977262], [-93.05050399966345, 44.99201399973313], [-93.05082800042685, 44.99201399973313], [-93.0511909997517, 44.99201399973313], [-93.0519089998021, 44.99201299978139], [-93.0520360000237, 44.99201299978139], [-93.0525210004456, 44.99201099987781], [-93.05920399993383, 44.99199799986765], [-93.0623699998633, 44.99199200015519], [-93.06267500036013, 44.99199100020302], [-93.06284000021657, 44.99199100020302], [-93.06311200020312, 44.99199100020302], [-93.0638839997819, 44.99198900029872], [-93.06401600002637, 44.99198900029872], [-93.06422500026375, 44.99198799971121], [-93.0645669996722, 44.99198799971121], [-93.06505600029206, 44.99198699975901], [-93.06605200017678, 44.99197700023595], [-93.06609900003247, 44.99197800018836], [-93.06854400043679, 44.99196800002843], [-93.0693820001378, 44.99196200031284], [-93.06939600038149, 44.99163500025021], [-93.06985999998868, 44.991638000125214], [-93.0700309996929, 44.991510000236595], [-93.07012000027967, 44.99147099985632], [-93.07102999995068, 44.99146300016599], [-93.07188699991826, 44.99147099985632], [-93.07329299988184, 44.99147099985632], [-93.0735570003708, 44.991446000185064], [-93.07354300012709, 44.99110300023955], [-93.07306799975095, 44.99109899973355], [-93.07307000029907, 44.9910270001072], [-93.07307199994891, 44.990931999800004], [-93.07307199994891, 44.99059999969661], [-93.07311100030697, 44.99054299974183], [-93.0731010002612, 44.99020300006016], [-93.0731010002612, 44.99010499970274], [-93.0736639996026, 44.990100999762355], [-93.07365799975483, 44.98920399973423], [-93.07208399956177, 44.989201999732636], [-93.07310000043631, 44.9883050002479], [-93.07363900038656, 44.98776899972095], [-93.07363799966332, 44.98739000012244], [-93.07401000010732, 44.98739799974589], [-93.07526499955985, 44.98646600020312], [-93.0736269997927, 44.98647900019738], [-93.0736150000971, 44.9857060002069], [-93.07361300044728, 44.98557300009292], [-93.07361300044728, 44.98472000004674], [-93.07362199976981, 44.98466799972729], [-93.07296200034405, 44.98467400020642], [-93.07297400003962, 44.984580000252265], [-93.07294999975015, 44.98368499979547], [-93.07302699974306, 44.98361000009177], [-93.0736140002722, 44.98360599969814], [-93.07360400022647, 44.98286799981973], [-93.073247999676, 44.982870000042276], [-93.07299300030618, 44.98287100015357], [-93.0729880002833, 44.98189299991448], [-93.07306600010111, 44.98177100001495], [-93.07305699988028, 44.981500999741385], [-93.07321800043708, 44.981505999781525], [-93.0732269997596, 44.981061000218844], [-93.07301400022259, 44.98106299986905], [-93.0729880002833, 44.98014899995206], [-93.07299800032906, 44.98006499990016], [-93.07300300035192, 44.97934800000906], [-93.07301000002462, 44.97924099985644], [-93.07296999984166, 44.97884799979742], [-93.07297499986451, 44.97833599993235], [-93.07298400008536, 44.97745299978716], [-93.07101200040735, 44.97747199988091], [-93.07102099972987, 44.977416999993615], [-93.07102099972987, 44.976554000296346], [-93.07353999975405, 44.97653499989841], [-93.07353499973118, 44.97563299991875], [-93.07303500013897, 44.97563599999573], [-93.07302799956797, 44.97554600015963], [-93.07302400026832, 44.97483999990616], [-93.07302599991814, 44.97473300023797], [-93.07302799956797, 44.974650000132236], [-93.07302799956797, 44.97432200018504], [-93.07302400026832, 44.97395100024859], [-93.0730169996973, 44.97383599994889], [-93.07297800023757, 44.972943999761654], [-93.07295800014609, 44.97248700014721], [-93.07295800014609, 44.97204399982338], [-93.07295800014609, 44.971647999723146], [-93.07265799967212, 44.971645000073075], [-93.0726560000223, 44.97115500003832], [-93.07265500019739, 44.97072200028474], [-93.07290799991736, 44.97072900000442], [-93.07290000041976, 44.970259000043306], [-93.07289399967367, 44.969906999938], [-93.07285500021392, 44.96975299988791], [-93.07285100001597, 44.96941800001814], [-93.0730510000325, 44.96941399990542], [-93.0730500002076, 44.96935200002939], [-93.07356599969332, 44.969347999912074], [-93.07357200043941, 44.96844300020013], [-93.0731840001019, 44.96844500029038], [-93.07314899994181, 44.96836299971075], [-93.07315399996466, 44.96802399977516], [-93.07330299992758, 44.96801899983053], [-93.07330999960027, 44.967965000145995], [-93.07331499962315, 44.967629000260764], [-93.0733249996689, 44.9675380001915], [-93.07357800028718, 44.96753699981276], [-93.07357999993702, 44.96713700010104], [-93.07358099976194, 44.9670689998917], [-93.07358400013499, 44.966629000215384], [-93.07358699960972, 44.96599699969769], [-93.07294999975015, 44.96599699969769], [-93.07287199993237, 44.96599399975207], [-93.07279400011457, 44.96598799986032], [-93.07271600029675, 44.96597900002148], [-93.07263799958064, 44.96596700023415], [-93.07256099958775, 44.96595300026729], [-93.07190399963672, 44.96585600017588], [-93.07149899958075, 44.96579700022355], [-93.07141499991516, 44.96578399998889], [-93.07133100024957, 44.9657729999347], [-93.07124699968568, 44.965764999836196], [-93.07116300002009, 44.965758999920446], [-93.07107799963129, 44.96575599996238], [-93.0709939999657, 44.96575500018816], [-93.07090899957687, 44.96575699973654], [-93.07082499991128, 44.96576100010429], [-93.06931500019064, 44.96581400018373], [-93.06607100044337, 44.965906999988825], [-93.06607100044337, 44.96560000001846], [-93.07208500028499, 44.96533200006967], [-93.07204900029998, 44.96391300007819], [-93.07202699966035, 44.96301199971199], [-93.07292899983376, 44.96185800026893], [-93.0750560002208, 44.9611179998141], [-93.07703600029471, 44.96019999969981], [-93.07746800011485, 44.95845800024532], [-93.07737199985539, 44.95835400023677], [-93.07741000038854, 44.958281000264826], [-93.07741299986326, 44.957975999987084], [-93.07737000020556, 44.957844000302096], [-93.07736799965743, 44.95731800027517], [-93.07734000006833, 44.956942999976604], [-93.07731900015193, 44.95663499977995], [-93.07729200038774, 44.95642899983206], [-93.07673400017092, 44.95667900000007], [-93.07620699991624, 44.95691600001309], [-93.07613300029638, 44.95694900017864], [-93.07597000008977, 44.95702299986453], [-93.07594499997542, 44.9570339996894], [-93.07584600024121, 44.95707800023926], [-93.07563199998096, 44.95687599969061], [-93.07541000022312, 44.95668199979715], [-93.07521299968131, 44.9565489997435], [-93.07483600011275, 44.95631499993806], [-93.07450300002682, 44.95611199993964], [-93.07443899955442, 44.95606500009127], [-93.07421099994878, 44.95589899976425], [-93.07361799957185, 44.95554100018928], [-93.07307000029907, 44.95520500000541], [-93.0727559995814, 44.95500800029954], [-93.0723969995562, 44.95477000006908], [-93.07200400009413, 44.95445599982536], [-93.07177300011546, 44.95430900006838], [-93.07193399977393, 44.95423100016112], [-93.0719589998883, 44.95421899982369], [-93.07237200034017, 44.95401600003916], [-93.0724440003102, 44.95398100013527], [-93.07256399996079, 44.95392300002958], [-93.07290100024468, 44.95375799984669], [-93.07310999958374, 44.95365600018989], [-93.07398300034315, 44.95322899989543], [-93.07661199997219, 44.95196199986316], [-93.07662299984284, 44.95146099990979], [-93.07663999956128, 44.950812000187256], [-93.0767960000952, 44.95048399997589], [-93.07706899990667, 44.95018799999033], [-93.07747399996263, 44.94986799980072], [-93.07788599969128, 44.94964999969889], [-93.07820999955636, 44.949469000291735], [-93.0784360004105, 44.94935800010252], [-93.07991199979595, 44.948699000045764]]]}, "properties": {"ZCTA5": "55106", "district_id": 55106, "zip_code": "55106"}, "id": 55106}, {"type": "Feature", "geometry": {"type": "Polygon", "coordinates": [[[-93.20135899981058, 44.91976399976014], [-93.20131899962762, 44.91924299973515], [-93.20121300022072, 44.91787799986063], [-93.19935000032267, 44.91786500022088], [-93.19881399984715, 44.91786800013797], [-93.19883800013659, 44.91844499973346], [-93.19883499976353, 44.91856300025338], [-93.19891500012947, 44.91875200006374], [-93.19897500040393, 44.918966999950435], [-93.1990010003432, 44.91914199976723], [-93.19900800001591, 44.919338999792025], [-93.1989860002746, 44.9195579997985], [-93.19894000024384, 44.919751999850604], [-93.19861399983061, 44.920992999860566], [-93.1985500002565, 44.92106800001966], [-93.19846800024074, 44.92113400020592], [-93.19837000033145, 44.92118600024141], [-93.19828699959245, 44.921217000130085], [-93.19817000031489, 44.92124299979811], [-93.19806700038275, 44.92125300020552], [-93.19773500012172, 44.92130600004584], [-93.19758600015881, 44.92133400013379], [-93.19745999976212, 44.921364000031105], [-93.19734900033235, 44.92140000001443], [-93.19724999969982, 44.92144499980287], [-93.1971490003158, 44.92150600001106], [-93.19709700043727, 44.92154600017501], [-93.19701299987337, 44.9216309999538], [-93.19695299959889, 44.921718000053694], [-93.19691300031427, 44.92181000017681], [-93.19689499987258, 44.92189799990783], [-93.19690099972037, 44.92198600014014], [-93.19693500005555, 44.92209099979282], [-93.19698399956106, 44.9221729997092], [-93.19704899985838, 44.922248000236095], [-93.19713000004923, 44.92231399970284], [-93.19722399976055, 44.92237100004867], [-93.19732900024084, 44.92241700024188], [-93.1974520002645, 44.92245300020147], [-93.19751800038674, 44.922468999752226], [-93.19756699989223, 44.92249099992229], [-93.19758600015881, 44.92250399978757], [-93.19767200037253, 44.92256699992463], [-93.19774199979442, 44.92263900026935], [-93.19779500039617, 44.922717999739795], [-93.19782399981017, 44.92278100027831], [-93.19783700022897, 44.922824999735035], [-93.1978670003662, 44.922977000027664], [-93.1978740000389, 44.92310799987346], [-93.1978589999703, 44.923261999810336], [-93.19782499963509, 44.923395999906916], [-93.19774900036543, 44.92365399981073], [-93.19764700025819, 44.92392900011133], [-93.19758699998371, 44.92406799988274], [-93.1971200000035, 44.925311999692354], [-93.19675199975745, 44.92703599982495], [-93.19496199965431, 44.927041000160656], [-93.1948970002553, 44.927041000160656], [-93.19361000011743, 44.92704500004732], [-93.19359000002594, 44.92704500004732], [-93.19248399963803, 44.92704899993376], [-93.19248000033838, 44.92701400012331], [-93.19248000033838, 44.926615999961534], [-93.19248000033838, 44.92654999971285], [-93.19236999983522, 44.926563999752666], [-93.19004300032996, 44.92658799990385], [-93.18992100013122, 44.92658000006659], [-93.18980999980315, 44.92657300004903], [-93.18752000010784, 44.92659199982206], [-93.18737199996981, 44.92659700019646], [-93.18737199996981, 44.92678400002098], [-93.18737199996981, 44.92706400030024], [-93.18602200008276, 44.92705899996649], [-93.18483100020433, 44.9270550000808], [-93.18426899978955, 44.927052999819864], [-93.1822870000658, 44.92704599985995], [-93.18141199965656, 44.927041999973355], [-93.17975200014808, 44.927037000273714], [-93.17769699973108, 44.92702899986297], [-93.17720200016176, 44.927028000050036], [-93.17720200016176, 44.92612300003977], [-93.17465499965017, 44.926112999844044], [-93.17465800002323, 44.92693600001485], [-93.17466499969592, 44.927018000011905], [-93.17211899990757, 44.927007999971984], [-93.17211700025774, 44.9266290001654], [-93.16957399994412, 44.92655400026974], [-93.16957399994412, 44.926976000214175], [-93.16956999974616, 44.92699799993032], [-93.1670669996155, 44.92698799988692], [-93.16702499978271, 44.926984999809974], [-93.16692900042156, 44.926884000095704], [-93.16694000029221, 44.92653199974752], [-93.16583100042956, 44.92653499984817], [-93.16570300038303, 44.92653600030565], [-93.16515600003687, 44.92653899977007], [-93.16517500030345, 44.92647600017266], [-93.1651300000976, 44.92647600017266], [-93.16494500014967, 44.92647600017266], [-93.16461100023884, 44.92647600017266], [-93.16447399997149, 44.92647799981766], [-93.16387999976965, 44.92648700012752], [-93.16344999959934, 44.92648000009868], [-93.16343899972867, 44.92654599979172], [-93.16345399979728, 44.92686199969987], [-93.1633280002989, 44.92686199969987], [-93.16319699987933, 44.92697399995044], [-93.16319799970425, 44.926280000276634], [-93.16045799974712, 44.92627499987463], [-93.1604569999222, 44.926969000244924], [-93.15937599964867, 44.92696699998095], [-93.15683800025622, 44.92696099982466], [-93.15643300020025, 44.926960000010595], [-93.15643900004805, 44.9264669998611], [-93.15507800029032, 44.92647099978774], [-93.15427400002619, 44.92647499971409], [-93.15416100004829, 44.9264699999651], [-93.1518389996676, 44.92646500021567], [-93.15172099966682, 44.9264699999651], [-93.15010499964097, 44.92648099992114], [-93.14994099960946, 44.92648199974354], [-93.14866000021766, 44.926509999852904], [-93.14866600006545, 44.9262300000533], [-93.14864400032414, 44.926156000100846], [-93.14861900020978, 44.926118000260146], [-93.1485639999582, 44.92607499997486], [-93.14848000029261, 44.92604199986722], [-93.14825000013884, 44.92602799970023], [-93.14797499977924, 44.92605200007531], [-93.14785900032658, 44.92605600003085], [-93.14777599958758, 44.92605200007531], [-93.1476350000206, 44.92598899994381], [-93.14751000034713, 44.92591099971553], [-93.14737700027774, 44.92584400009541], [-93.14733600026986, 44.925826999742654], [-93.14723599981242, 44.925826999742654], [-93.14711100013895, 44.92583200018365], [-93.14699899998597, 44.92581000002094], [-93.14695799997808, 44.92581000002094], [-93.1469389997115, 44.92576899981087], [-93.14694000043474, 44.92572400022919], [-93.14692799984086, 44.925585999850526], [-93.1469449995593, 44.92545400009066], [-93.14692399964291, 44.92540399978441], [-93.14689100003093, 44.92537499993029], [-93.14680399999229, 44.92534600006153], [-93.14670799973281, 44.92532900019748], [-93.1466130001966, 44.925311999692354], [-93.14661200037168, 44.92546600008139], [-93.14660899999863, 44.92595400012359], [-93.14660800017371, 44.92601499999635], [-93.14660300015085, 44.926936999829366], [-93.14542099959495, 44.926932000120594], [-93.14494100009424, 44.92692999985532], [-93.144734000405, 44.92692900004072], [-93.14462499972674, 44.927251999685566], [-93.14449099983244, 44.92757599986159], [-93.14432000012822, 44.92792200011633], [-93.14412299958641, 44.92826200017459], [-93.1439319997907, 44.92852299984524], [-93.14376699993426, 44.92874400002563], [-93.14360899975051, 44.928956999849454], [-93.14355000019928, 44.92902200009825], [-93.14339299984046, 44.92918400019265], [-93.14313900029555, 44.929418999717704], [-93.14289300024825, 44.92962400016905], [-93.1425790004289, 44.929858000038145], [-93.14224499961973, 44.93007900016979], [-93.14189300016554, 44.93028499992966], [-93.1415099998509, 44.930502999797035], [-93.1413979996979, 44.930555000255815], [-93.14128700026812, 44.93060200000626], [-93.14107999968058, 44.930693000144366], [-93.14069800008916, 44.930840999711634], [-93.14033999988888, 44.93096200008004], [-93.13985199999225, 44.93110399986665], [-93.13943500024072, 44.931192999728545], [-93.13904899955303, 44.931258999730055], [-93.13865899956569, 44.93130900002756], [-93.13826500027872, 44.93134399976475], [-93.13786900044357, 44.93136200013008], [-93.13757999984028, 44.93136599971585], [-93.1363990000076, 44.93139600009807], [-93.1363990000076, 44.93158500030148], [-93.13639700035779, 44.93190500001865], [-93.13639499980964, 44.93222200005731], [-93.13638899996187, 44.93247499988786], [-93.13629799972526, 44.9325260001159], [-93.13620400001393, 44.93254400011073], [-93.1360540002261, 44.93256200009996], [-93.13410199974128, 44.9326940000604], [-93.13391900034148, 44.93270799987464], [-93.13342200022403, 44.93275899989571], [-93.1330049995742, 44.93281600005276], [-93.13243200018707, 44.93291199968737], [-93.1317950003275, 44.933033000144185], [-93.13145800004362, 44.933100999989435], [-93.13109300017064, 44.93319100027806], [-93.13077199978026, 44.933286000217734], [-93.13049399994591, 44.93338100000025], [-93.1301900001723, 44.93350000006841], [-93.12989499972122, 44.93363100008281], [-93.12967399978827, 44.9337409998252], [-93.12967200013846, 44.93411399971882], [-93.12896999998158, 44.93411199970371], [-93.12887600027025, 44.93411100001408], [-93.1284999996283, 44.93410999968848], [-93.12846199999346, 44.93410999968848], [-93.12842400035862, 44.9343180002606], [-93.1283869996504, 44.934399999893884], [-93.12832200025137, 44.93444399999007], [-93.12816999991541, 44.93449299973954], [-93.12625099994086, 44.9353969998419], [-93.12723000010716, 44.93612299977548], [-93.12734200026016, 44.9361920000667], [-93.12749500042104, 44.936267000095704], [-93.12808000040205, 44.93645100001472], [-93.12854499983413, 44.936595999794726], [-93.12864600011646, 44.93665899973853], [-93.12875400007151, 44.936708000141635], [-93.12875400007151, 44.93677999993132], [-93.12687299973179, 44.9367850000547], [-93.12657599963087, 44.93678599969778], [-93.12651600025474, 44.936792999742444], [-93.12642900021609, 44.93681599979233], [-93.12635100039829, 44.93685200026663], [-93.12628600010095, 44.93689899995109], [-93.12623699969714, 44.93695399989826], [-93.1262049999101, 44.93701599981028], [-93.12619400003945, 44.93707199991935], [-93.12619400003945, 44.93717300015977], [-93.12619599968927, 44.937793000261486], [-93.12619900006233, 44.93880700013341], [-93.12619900006233, 44.9388440002385], [-93.12620200043537, 44.93989600027894], [-93.12620200043537, 44.9399199999462], [-93.1262049999101, 44.94134499996188], [-93.1262109997579, 44.941824000078896], [-93.12728899965839, 44.941841000147654], [-93.12772899987444, 44.941894000067975], [-93.12803900039417, 44.941894000067975], [-93.12832399990121, 44.94179899974421], [-93.12864500029157, 44.94181100013512], [-93.12876800031522, 44.9417090002295], [-93.13132199960118, 44.941858999766175], [-93.13132599979913, 44.942273000243496], [-93.13388400018138, 44.94227699970522], [-93.13387400013565, 44.94137599978114], [-93.1364340001677, 44.94138299990206], [-93.1389830003291, 44.94139400018126], [-93.13898499997892, 44.942078999946126], [-93.13898499997892, 44.942184999934184], [-93.13909299993396, 44.942186000119115], [-93.13962600003644, 44.9421809998302], [-93.13964100010506, 44.942339000227996], [-93.14140299972078, 44.94235900005415], [-93.14141799978938, 44.94213699993983], [-93.1415230002697, 44.94212800017487], [-93.14164499957012, 44.94211700003634], [-93.14211900012135, 44.94211700003634], [-93.14206999971755, 44.94234900014192], [-93.14394500020948, 44.94234900014192], [-93.14407400008092, 44.94232400003587], [-93.1440720004311, 44.94209700012585], [-93.14406499986008, 44.94141700029573], [-93.14650299969341, 44.94139599994275], [-93.14660499980067, 44.9415149999339], [-93.14691799979511, 44.941679999705876], [-93.14692299981799, 44.94230400019748], [-93.14915300013716, 44.942315999847], [-93.15135999999181, 44.94232800012985], [-93.15135999999181, 44.94205099979663], [-93.15159799964319, 44.94205099979663], [-93.15159400034354, 44.94191899972545], [-93.15158799959744, 44.94170399989909], [-93.15171900001701, 44.94156100005672], [-93.15252300028114, 44.94144900027383], [-93.15297500019275, 44.94151799988774], [-93.1542589999576, 44.94156100005672], [-93.15426499980538, 44.9422389997209], [-93.15681899998964, 44.94224400000471], [-93.15814899978523, 44.94231000002256], [-93.15935999975513, 44.94194900031741], [-93.16189499967284, 44.94201900015406], [-93.16412800036508, 44.942080000132854], [-93.16445399987998, 44.9421040001589], [-93.16700300004139, 44.942288999996215], [-93.169101999941, 44.94230000010179], [-93.1708329995946, 44.942315000300184], [-93.17217699963388, 44.94232500021834], [-93.1746689998939, 44.94238000005492], [-93.17718399972011, 44.94239999986679], [-93.17858600038404, 44.9423899999617], [-93.18076399992637, 44.94239999986679], [-93.18274599965011, 44.94239999986679], [-93.18274800019825, 44.94215999975668], [-93.1827520003962, 44.941673999814974], [-93.18274300017538, 44.941346000161445], [-93.18416900023044, 44.941352000086624], [-93.18578100005831, 44.94133900003597], [-93.18738600021352, 44.941352000086624], [-93.18738600021352, 44.941667999923396], [-93.18737500034288, 44.94294099995618], [-93.18737199996981, 44.94326900003485], [-93.18736799977187, 44.9440030002183], [-93.18736199992408, 44.945149999854706], [-93.1873560000763, 44.94620900023516], [-93.1899040004128, 44.94620599989063], [-93.19243400030761, 44.94619700012773], [-93.19243799960726, 44.9451319999964], [-93.19244400035338, 44.94323699979948], [-93.19244400035338, 44.943122000237146], [-93.19244500017828, 44.94291200005484], [-93.1924469998281, 44.94227799988849], [-93.19257700042276, 44.94234200013878], [-93.19297099970974, 44.942293000092626], [-93.19367700006458, 44.94220099971143], [-93.19472900002583, 44.94205499990967], [-93.19473800024666, 44.942391000143054], [-93.19468899984287, 44.942519999863556], [-93.19489899990513, 44.94245999989651], [-93.19501799973082, 44.94242600012053], [-93.19516000002105, 44.94239199968854], [-93.19530300013618, 44.94236700023703], [-93.1955090000005, 44.94234200013878], [-93.1956989999713, 44.942354999962326], [-93.19585200013218, 44.94234299968511], [-93.19597199978277, 44.942322999853346], [-93.19611700044605, 44.942283999716274], [-93.19622600022599, 44.94224299982084], [-93.19627300008166, 44.942218999852905], [-93.19667800013761, 44.94208899990538], [-93.197063999927, 44.94190899973659], [-93.19747200035599, 44.94168699978973], [-93.197648999908, 44.94154699985739], [-93.19767999987013, 44.94151099978323], [-93.1977269997258, 44.94145299979295], [-93.19778199997738, 44.94136399993511], [-93.19778899965007, 44.941352000086624], [-93.19780299989378, 44.94132400021844], [-93.19781600031257, 44.94127699970499], [-93.19782499963509, 44.94126199987121], [-93.1978530001225, 44.941204000265245], [-93.19788900010751, 44.94114799973498], [-93.19794799965874, 44.94100000002359], [-93.19798799984171, 44.94084899994207], [-93.1980089997581, 44.94069600031347], [-93.1980089997581, 44.94052100002641], [-93.19798799984171, 44.94036800015958], [-93.19794799965874, 44.94021699968764], [-93.19788900010751, 44.940069000119834], [-93.19783100038119, 44.939956999969894], [-93.19771000000738, 44.93974400024581], [-93.19760299987725, 44.9395390003085], [-93.19756500024242, 44.9394489997946], [-93.1975640004175, 44.93914800021634], [-93.19758299978575, 44.93879200029023], [-93.19770199961144, 44.93824200015558], [-93.19777899960434, 44.937924000021184], [-93.19781399976443, 44.93778599970282], [-93.19805200031414, 44.93691800012381], [-93.19819500042927, 44.936423999949476], [-93.19826400002624, 44.936206000300004], [-93.19826700039928, 44.936124000065966], [-93.19842600040793, 44.93576900012936], [-93.1985140002715, 44.93518599971377], [-93.19841299998916, 44.93428899981941], [-93.19915199995594, 44.93429000014189], [-93.20060300012535, 44.93430000018585], [-93.20079100044633, 44.93430099987219], [-93.2007670001569, 44.934129999837396], [-93.20029599997869, 44.93070899994408], [-93.20028699975786, 44.930645000082485], [-93.20025199959777, 44.93039100006773], [-93.1997889998155, 44.927032999750466], [-93.19981099955679, 44.92692900004072], [-93.19984900008996, 44.926750999684664], [-93.2001190004267, 44.92550299987793], [-93.20042700039826, 44.92407699993413], [-93.20135899981058, 44.91976399976014]]]}, "properties": {"ZCTA5": "55105", "district_id": 55105, "zip_code": "55105"}, "id": 55105}, {"type": "Feature", "geometry": {"type": "Polygon", "coordinates": [[[-93.26733899978778, 44.97609400016492], [-93.26814300005191, 44.97514699998986], [-93.26678300011908, 44.974578999800954], [-93.26759300023099, 44.973621000206684], [-93.26756999976645, 44.97360999974893], [-93.26622800027529, 44.973044999801125], [-93.26487500001518, 44.97247899971407], [-93.26405400003262, 44.97344099978788], [-93.26267999985609, 44.97286500011645], [-93.26350000001375, 44.97190400021596], [-93.2621300000352, 44.97133100002676], [-93.26076799955423, 44.97076300017404], [-93.25804500021388, 44.96962500006811], [-93.25781199968706, 44.96989100025744], [-93.25763299958692, 44.96986400003169], [-93.25731000044503, 44.96972000009575], [-93.25719900011694, 44.96984400025637], [-93.25661699961067, 44.96961899992059], [-93.25645199975423, 44.9695279998307], [-93.2558159997196, 44.969261999864514], [-93.25614299995775, 44.96887899979395], [-93.25540900001381, 44.968573000201296], [-93.25535999961001, 44.968396000283654], [-93.25457100031282, 44.96939300026247], [-93.25376299985074, 44.97037500021859], [-93.25336500036579, 44.970188999692546], [-93.2532170002278, 44.970101000237996], [-93.25310099987684, 44.97003299972922], [-93.25304399997542, 44.969996999726334], [-93.25300100031774, 44.97008400027723], [-93.25293400037059, 44.970223999878584], [-93.25291599992892, 44.970255999684994], [-93.25280399977594, 44.97044800005523], [-93.25276600014108, 44.970505999981114], [-93.25270699969154, 44.970584000008046], [-93.25260399975937, 44.97072499998314], [-93.25254400038324, 44.970816000080454], [-93.25223800006148, 44.97119200026491], [-93.25184499970109, 44.971654999965345], [-93.25155599999609, 44.97199900028191], [-93.25146599958441, 44.972102000041815], [-93.2513879997666, 44.97218599968441], [-93.25134799958363, 44.97223300030836], [-93.25091199956553, 44.97270600021103], [-93.25089300019728, 44.972728000200256], [-93.250570999982, 44.97310199999658], [-93.25021799980458, 44.97346500004585], [-93.24998799965081, 44.97369499999609], [-93.24991499985589, 44.97375400008614], [-93.24970200031886, 44.9739279998258], [-93.24872099960442, 44.97472300024695], [-93.24833399999012, 44.974994000277775], [-93.24711200014958, 44.9758209997802], [-93.2467470002766, 44.97616000002095], [-93.2465580001307, 44.97635599995442], [-93.24640199959678, 44.97654800023825], [-93.24631299990831, 44.97666900022924], [-93.24619400008262, 44.976867999706364], [-93.24613200015837, 44.97696599981781], [-93.24603300042416, 44.97713899976779], [-93.24589199995884, 44.97736800002654], [-93.24582400018677, 44.97750899984471], [-93.24575100039183, 44.97770299984806], [-93.24607799973168, 44.977726000027644], [-93.24620099975533, 44.977745000030936], [-93.24632299995407, 44.977756999896], [-93.24644500015279, 44.97775999986185], [-93.24656700035153, 44.977756999896], [-93.24668899965195, 44.977740999863535], [-93.2468030003531, 44.977717999689965], [-93.24691799998081, 44.977688000002225], [-93.24725299971657, 44.97757000023096], [-93.24732100038695, 44.97755299994231], [-93.24734499977806, 44.977546999988746], [-93.2474519999082, 44.97753099989774], [-93.24756599971101, 44.97752000019001], [-93.24781900032933, 44.97753099989774], [-93.24806000035375, 44.97754200023881], [-93.24895499995615, 44.9776119998758], [-93.24918400028501, 44.97760799969912], [-93.24922899959252, 44.977599999980434], [-93.24979400038036, 44.97753900026151], [-93.2499080001832, 44.97753500007978], [-93.25001500031331, 44.97753900026151], [-93.2508160002044, 44.977599999980434], [-93.25096900036526, 44.97762699974151], [-93.25113699969644, 44.97767300015248], [-93.25119799979579, 44.977695999708686], [-93.25131999999455, 44.977740999863535], [-93.25140700003317, 44.97778899994746], [-93.25160399967666, 44.97759299982843], [-93.25171500000475, 44.97746400014321], [-93.25176400040856, 44.977378999763424], [-93.2517819999519, 44.97730400007126], [-93.25179500037069, 44.97721900008976], [-93.25184399987617, 44.97706799997634], [-93.25191500002128, 44.97693500015729], [-93.25231500005438, 44.97636600029616], [-93.25367699963701, 44.97694400018348], [-93.2547379998191, 44.97740300027965], [-93.2551040004153, 44.977561000303076], [-93.25516200014162, 44.9775860003111], [-93.25640900009653, 44.97811099986868], [-93.25688799977233, 44.97831499974349], [-93.25743900031645, 44.978550000238464], [-93.2578009998164, 44.978702999994354], [-93.2579699998708, 44.97848900025931], [-93.2584560001176, 44.97787600011629], [-93.25860599990543, 44.977688000002225], [-93.25997199968603, 44.97826400016052], [-93.26134500003765, 44.97884799979742], [-93.26270300032063, 44.97941999969055], [-93.26407199957596, 44.979996000242046], [-93.26489299955854, 44.97901200008811], [-93.26570900041654, 44.97804299996095], [-93.26646500010176, 44.977132999770895], [-93.2665179998052, 44.977069999765824], [-93.2673339997649, 44.97611199984431], [-93.26733899978778, 44.97609400016492]]]}, "properties": {"ZCTA5": "55415", "district_id": 55415, "zip_code": "55415"}, "id": 55415}, {"type": "Feature", "geometry": {"type": "Polygon", "coordinates": [[[-93.12849899980338, 44.91968899980714], [-93.12862900039804, 44.91964800031725], [-93.12720199961977, 44.91964900025862], [-93.12704699980905, 44.91964900025862], [-93.12622199962854, 44.91964900025862], [-93.12121299989249, 44.919675999941006], [-93.12116199983888, 44.919675999941006], [-93.12043399974273, 44.919679999704435], [-93.12040399960551, 44.919679999704435], [-93.12037400036658, 44.919679999704435], [-93.12026300003852, 44.91968100028131], [-93.12009200033428, 44.9196820002221], [-93.11591700010128, 44.919706000068], [-93.11583500008551, 44.919706000068], [-93.11574800004688, 44.91970700000836], [-93.11573299997826, 44.91970700000836], [-93.11556100044913, 44.919707999948656], [-93.11544599992308, 44.919708999888975], [-93.11533399977009, 44.91970999982928], [-93.11447900035066, 44.919715000166626], [-93.11445500006121, 44.919708999888975], [-93.11405500002813, 44.91971700004702], [-93.11371199989644, 44.919718999927284], [-93.11153199980599, 44.91973299972359], [-93.11128199956073, 44.919731999783686], [-93.10987999979513, 44.91973999993852], [-93.10944600032518, 44.919741999817994], [-93.10702699986008, 44.919756000244796], [-93.10693499979858, 44.919755000305294], [-93.10583500015677, 44.91974800009219], [-93.10577599970723, 44.91974800009219], [-93.10460800029334, 44.919738999998735], [-93.10460900011826, 44.92003000018666], [-93.10450600018609, 44.920029000251915], [-93.1033300003763, 44.920033999925394], [-93.10321999987313, 44.920038000299996], [-93.10321900004821, 44.91972999990382], [-93.10316999964441, 44.91972999990382], [-93.10181200025974, 44.91971999986742], [-93.10177299990168, 44.91971999986742], [-93.10058700004613, 44.91971099976958], [-93.09988999991212, 44.91970500012762], [-93.09990400015582, 44.920195999924424], [-93.09831200041941, 44.920216999761266], [-93.09830099965043, 44.92007199997406], [-93.09811700042575, 44.920069000171985], [-93.09810900002984, 44.91979599971882], [-93.09810800020492, 44.91969300020572], [-93.0976279998059, 44.91968999974779], [-93.0975729995543, 44.91968999974779], [-93.09650800007259, 44.9196820002221], [-93.09637800037625, 44.91968100028131], [-93.09635200043697, 44.91968100028131], [-93.09609799999376, 44.919678999763605], [-93.09605600016098, 44.919678999763605], [-93.09602400037392, 44.919678999763605], [-93.09602400037392, 44.919706000068], [-93.09602600002374, 44.91985900028103], [-93.09602900039678, 44.92002499987674], [-93.09603100004661, 44.92013800003226], [-93.09603799971931, 44.92055700026201], [-93.09604000026745, 44.92070399994344], [-93.09604699994014, 44.921561000070284], [-93.09604799976505, 44.921691000058715], [-93.0960510001381, 44.92188200019805], [-93.096051999963, 44.921916999954924], [-93.0960650003818, 44.922680000169116], [-93.09606700003162, 44.92285000006187], [-93.09604100009237, 44.92328699994701], [-93.0943199995862, 44.92327900028612], [-93.09222200040982, 44.92327000010971], [-93.09093500027193, 44.92323599978391], [-93.09093400044702, 44.92306499987932], [-93.09093400044702, 44.92305300002312], [-93.09093299972379, 44.92296199986602], [-93.09092900042415, 44.92231100001787], [-93.09092799970092, 44.922206000131176], [-93.09092500022619, 44.92186900019203], [-93.09092299967806, 44.921515999736606], [-93.09092299967806, 44.921493999829266], [-93.09092299967806, 44.92147199991346], [-93.09076899969226, 44.9214120002159], [-93.09025200038164, 44.921405000204686], [-93.09023599958978, 44.921154999699915], [-93.09032500017656, 44.92115800008134], [-93.09032000015368, 44.92102399985342], [-93.09023999978776, 44.921022000018525], [-93.09023300011506, 44.92061499973124], [-93.09021600039662, 44.92044600014951], [-93.09023099956693, 44.91976099994203], [-93.09022499971914, 44.919665999895216], [-93.09003300009852, 44.919665999895216], [-93.08947599970661, 44.91966499995414], [-93.08946200036121, 44.91966499995414], [-93.08801600021468, 44.91966200013086], [-93.08654800032681, 44.91965799973008], [-93.0858289995532, 44.91965699978891], [-93.08583000027642, 44.919738999998735], [-93.08583299975116, 44.92010800013084], [-93.08505699997444, 44.92009199992258], [-93.08505699997444, 44.92011600023327], [-93.08377499985943, 44.92009199992258], [-93.08372600035393, 44.920068000237926], [-93.08372499963072, 44.919640000149656], [-93.08360499998012, 44.91963900020813], [-93.08215100033597, 44.91962700027244], [-93.08213799991717, 44.91962700027244], [-93.08067400022729, 44.91961499969815], [-93.08055100020364, 44.91970999982928], [-93.0805350003101, 44.91989000024959], [-93.08021599956957, 44.91990200013035], [-93.08020800007196, 44.92000000022889], [-93.08013899957668, 44.920044999841664], [-93.07833699977799, 44.92004100010365], [-93.07708300015037, 44.91999200011026], [-93.07708599962511, 44.91995300007267], [-93.07709099964798, 44.91989799974632], [-93.07691200044616, 44.91989599987228], [-93.07665399980498, 44.919893999998116], [-93.07664100028451, 44.91980100004867], [-93.07662500039098, 44.91967799982276], [-93.0764649996591, 44.919580999753656], [-93.07642100017648, 44.919580999753656], [-93.07551900000307, 44.91957300021283], [-93.07481900039433, 44.919570999691324], [-93.07467299990614, 44.91956999974859], [-93.07468200012698, 44.920377000023066], [-93.07302099989528, 44.920368000028084], [-93.07301199967445, 44.9195620002062], [-93.0728950003969, 44.9195620002062], [-93.07158800016754, 44.919555999912625], [-93.07101800025514, 44.9195530000836], [-93.07095399978272, 44.9195530000836], [-93.0691079996031, 44.91954399995959], [-93.06908800040992, 44.91954399995959], [-93.06783100040926, 44.9195380003002], [-93.06688400003002, 44.91953399989083], [-93.06652599982972, 44.91953200000407], [-93.06624600034556, 44.919531000060665], [-93.06538799965476, 44.91952700028691], [-93.06527600040008, 44.91952700028691], [-93.06488100038986, 44.91952599970731], [-93.06471900000815, 44.91952599970731], [-93.06464600021322, 44.91952599970731], [-93.064580000091, 44.91952599970731], [-93.06450700029606, 44.91952599970731], [-93.0632510001203, 44.91952299987678], [-93.06320900028751, 44.91952299987678], [-93.06135899990993, 44.919519000102426], [-93.0596659998912, 44.91951099991687], [-93.0596469996246, 44.91951499969173], [-93.05932799978238, 44.91951499969173], [-93.05901800016099, 44.91951399974803], [-93.05897899980292, 44.91951399974803], [-93.05889599996225, 44.91951399974803], [-93.05831799965394, 44.919512999804304], [-93.05829099988975, 44.919512999804304], [-93.05812199983535, 44.919512999804304], [-93.05809500007118, 44.919512999804304], [-93.05668400008472, 44.91951099991687], [-93.05662200016046, 44.9195249997638], [-93.056597999871, 44.919531000060665], [-93.05657799977953, 44.919531000060665], [-93.05490800022531, 44.9195080000855], [-93.05367100031613, 44.91950500025402], [-93.05363899963076, 44.91950400031015], [-93.0536260001103, 44.91950400031015], [-93.05357300040684, 44.91950500025402], [-93.05344199998727, 44.91950500025402], [-93.05283500026496, 44.91950400031015], [-93.0527740001656, 44.91950400031015], [-93.05168299984629, 44.919501999786235], [-93.05164199983841, 44.919501999786235], [-93.0512049999954, 44.919501999786235], [-93.05088799980301, 44.919500999842356], [-93.04985000008544, 44.91992400001123], [-93.05029699997421, 44.92031200016924], [-93.05122799956162, 44.923026000019526], [-93.05088199995522, 44.925154999989985], [-93.05074499968786, 44.926003000120346], [-93.04968199985596, 44.927787999764966], [-93.0494509998773, 44.9318220002732], [-93.0499370001241, 44.93474399974729], [-93.05212300006235, 44.93858400002633], [-93.0566759996888, 44.94219600005968], [-93.0626870000557, 44.94464900020711], [-93.06355099969596, 44.94495500024128], [-93.0658839999473, 44.945805000114014], [-93.06791199970182, 44.946527000260076], [-93.07222800040013, 44.94730100014431], [-93.0782460004397, 44.946870999942895], [-93.07905700037652, 44.946802999873356], [-93.07922800008075, 44.94679400020406], [-93.0874970003559, 44.94401900012468], [-93.08821000038343, 44.9437959999143], [-93.08902600034313, 44.943512999971155], [-93.09168299956124, 44.94262800002766], [-93.09179300006441, 44.942590999817696], [-93.09344400025036, 44.941848999766854], [-93.09636699960727, 44.94026999983538], [-93.09685899970188, 44.939884000123634], [-93.09907599960226, 44.93814299976266], [-93.09985700030018, 44.93760600003333], [-93.10425400029102, 44.933076000308176], [-93.10434700017744, 44.93298100002112], [-93.10576900003454, 44.93156200006434], [-93.1075890002749, 44.92974900025576], [-93.11122399983441, 44.92605100024537], [-93.11504199969204, 44.92471199993027], [-93.11748799992128, 44.92387200003923], [-93.12237899965655, 44.922520999851535], [-93.12590000031157, 44.92111399998402], [-93.1281120001891, 44.91990100019343], [-93.12849899980338, 44.91968899980714]]]}, "properties": {"ZCTA5": "55107", "district_id": 55107, "zip_code": "55107"}, "id": 55107}, {"type": "Feature", "geometry": {"type": "Polygon", "coordinates": [[[-93.32320800040644, 45.04057700008979], [-93.32323299962249, 45.04044799999259], [-93.32312700021559, 45.04044700025145], [-93.32133200008958, 45.04043399980708], [-93.32107099997368, 45.0404330000657], [-93.31995899973798, 45.040423999853815], [-93.31941499976486, 45.04042099999446], [-93.31931500020575, 45.04041899987656], [-93.31931699985557, 45.04046799988891], [-93.3193820001529, 45.04201900013629], [-93.31892799969313, 45.04191599970606], [-93.31849900024606, 45.04178999987661], [-93.31818600025161, 45.04160299968878], [-93.31793500018145, 45.04136800004902], [-93.31795500027293, 45.04124799991466], [-93.31803100044093, 45.04116100010424], [-93.31807699957336, 45.04106099985957], [-93.31810000003789, 45.04095800024363], [-93.31806900007575, 45.04019500019234], [-93.31930500016001, 45.040180000199165], [-93.3193040003351, 45.040128999812104], [-93.31927500002277, 45.03855600027521], [-93.31925199955825, 45.037666000119245], [-93.31923999986269, 45.03735400013406], [-93.31922399996915, 45.03693800004673], [-93.3192900000914, 45.03689600007734], [-93.31937399975698, 45.03680800019269], [-93.31942700035873, 45.03670899976394], [-93.31943499985636, 45.03660599993119], [-93.31942700035873, 45.03644299985397], [-93.31941999978774, 45.035460999849526], [-93.3194189999628, 45.03545100029678], [-93.31916700006774, 45.03545100029678], [-93.31879399979883, 45.03545799972997], [-93.31874799976808, 45.03339800026344], [-93.31870299956223, 45.031341999887466], [-93.31866499992742, 45.02953300012448], [-93.31861899989666, 45.0277179999104], [-93.31857299986589, 45.02590599990676], [-93.31852699983514, 45.02409399968871], [-93.3184809998044, 45.02228199989665], [-93.31843599959856, 45.02047300017123], [-93.31843599959856, 45.018677000112575], [-93.31842800010095, 45.01686499969235], [-93.31843599959856, 45.01506799994866], [-93.31843599959856, 45.01425199982899], [-93.3184740001317, 45.01377100002231], [-93.31849099985014, 45.01348899998003], [-93.31849199967505, 45.013427000135806], [-93.31849199967505, 45.01337700025358], [-93.31849400022318, 45.01324600001207], [-93.31840700018455, 45.01322999972448], [-93.3179960002808, 45.013206999819225], [-93.3176770004386, 45.01320099978722], [-93.3174599998053, 45.013206999819225], [-93.31726399998671, 45.013265999888915], [-93.31649700043083, 45.01325200003935], [-93.31587999976445, 45.01325200003935], [-93.31459799964944, 45.01325200003935], [-93.31333899999896, 45.013249000025766], [-93.31333999982388, 45.01360299990762], [-93.31322799967087, 45.01365699979413], [-93.31273999977427, 45.01365699979413], [-93.31268399969774, 45.01365999978629], [-93.31218199955742, 45.01365699979413], [-93.31204400036347, 45.01366099999539], [-93.31204199981532, 45.01324799980953], [-93.31076800009625, 45.013244999795724], [-93.30950900044577, 45.013244999795724], [-93.30823499982837, 45.01324100020049], [-93.30697600017788, 45.01323299973906], [-93.30570199956047, 45.013221999896544], [-93.30444299991, 45.013214000067485], [-93.30318500008444, 45.01320300022132], [-93.30191800003804, 45.013194999754596], [-93.30063599992303, 45.013185000122135], [-93.29938499977015, 45.01318000030527], [-93.29936200020394, 45.01317600007041], [-93.29811100005107, 45.013168000234934], [-93.29808400028689, 45.01317199983527], [-93.29684400000467, 45.01316099998104], [-93.2962969996585, 45.01315900018054], [-93.29623899993216, 45.01325300025552], [-93.29624999980282, 45.01349199998105], [-93.29619799992429, 45.013496000193825], [-93.29593299961041, 45.013496000193825], [-93.29586300018855, 45.013430000140076], [-93.29574900038571, 45.01348899998003], [-93.29570099980684, 45.01349199998105], [-93.29557899960808, 45.01349199998105], [-93.29546800017833, 45.01349199998105], [-93.29546800017833, 45.01390899986128], [-93.2944510003772, 45.01389800014861], [-93.29444700017923, 45.01349199998105], [-93.29431300028492, 45.013485999978855], [-93.29420000030701, 45.01348100018827], [-93.29373199960357, 45.01348100018827], [-93.29318699980551, 45.013466999756204], [-93.29305299991123, 45.013466999756204], [-93.29305299991123, 45.01315900018054], [-93.29305999958392, 45.01314100006753], [-93.29178599986483, 45.01313399981034], [-93.29162600003124, 45.01313000020734], [-93.29053499971194, 45.01312599996899], [-93.28980999998886, 45.0131229999488], [-93.28927600006148, 45.01311899971001], [-93.28800999984, 45.013110999866576], [-93.28649099989852, 45.013110999866576], [-93.28642300012645, 45.013110999866576], [-93.28496600010925, 45.013110999866576], [-93.28488900011637, 45.013110999866576], [-93.28344700016777, 45.013110999866576], [-93.28335599993119, 45.01311500010592], [-93.2827590002546, 45.01311500010592], [-93.28238799963552, 45.01311500010592], [-93.2819209996553, 45.01311300030382], [-93.28183699998971, 45.01311300030382], [-93.28078500002846, 45.01311500010592], [-93.28068499957104, 45.01311500010592], [-93.27881300035045, 45.01311500010592], [-93.27872499958859, 45.01311500010592], [-93.27783199963602, 45.01311500010592], [-93.277795999651, 45.013103000022014], [-93.27622200035626, 45.01310000000062], [-93.27591000018673, 45.0131060000432], [-93.27488900018761, 45.01312599996899], [-93.27507300031064, 45.01474000010271], [-93.27589299956996, 45.015911000015706], [-93.27660300012276, 45.01771099975572], [-93.27713200002727, 45.02029699992448], [-93.27746599993812, 45.02192799969528], [-93.27793100026852, 45.0229599999614], [-93.27814600035369, 45.02384400005972], [-93.27862900022744, 45.024982000099875], [-93.28002500014527, 45.027175999984145], [-93.28118400023664, 45.02876199990271], [-93.28146799991877, 45.02931200016916], [-93.28219199981696, 45.030750999956325], [-93.2826959996071, 45.03242700002741], [-93.28299000023328, 45.03235600016277], [-93.28405899991297, 45.032098999951934], [-93.2860180000705, 45.03162799983068], [-93.28636899969979, 45.03155900003737], [-93.28672799972499, 45.03151299970567], [-93.28701300013033, 45.03149500028349], [-93.28724599975884, 45.03149799997595], [-93.2872659998503, 45.03172800005523], [-93.28727400024623, 45.031838000290826], [-93.28727599989605, 45.03199500018585], [-93.28726000000253, 45.032252000228844], [-93.28721200032196, 45.03260600007316], [-93.28714600019971, 45.032990000226064], [-93.28708000007748, 45.03328600011962], [-93.28693699996235, 45.03376400020262], [-93.28668400024236, 45.034351999949465], [-93.28643999984489, 45.03494600029622], [-93.28601399987254, 45.03593500026064], [-93.28572500016755, 45.036634000267675], [-93.28557200000667, 45.03698699986622], [-93.2854199996707, 45.03737300004753], [-93.28525900001222, 45.03781499969508], [-93.28517100014867, 45.03804799976215], [-93.28500399974408, 45.03857499978956], [-93.28488699956822, 45.03911800008143], [-93.28481700014633, 45.03937900018364], [-93.2845259998932, 45.04334499986188], [-93.28448700043346, 45.04393199985977], [-93.28481299994837, 45.0439359998499], [-93.28519500043811, 45.04394100015454], [-93.28560799999167, 45.04393399985487], [-93.28623999982834, 45.04269400026415], [-93.2865600003938, 45.04212199974634], [-93.28659300000577, 45.04201999984991], [-93.28713199995602, 45.04033999992365], [-93.28755200008058, 45.04033299981813], [-93.28759800011133, 45.04032900021081], [-93.28887900040142, 45.04030599976575], [-93.29016900001405, 45.04030200015658], [-93.29144299973314, 45.040297999912326], [-93.29272499984816, 45.04029500004636], [-93.29399899956725, 45.04029099980167], [-93.29527300018466, 45.04028299994615], [-93.29655500029968, 45.04027899970061], [-93.29780899992727, 45.04027200022235], [-93.29783599969144, 45.04027599983366], [-93.29805400014965, 45.040273999710685], [-93.29830199984677, 45.04027200022235], [-93.29870100005495, 45.04027000009923], [-93.29913200005018, 45.040250000133696], [-93.29968100004616, 45.040248999754375], [-93.30052499959494, 45.040250999878225], [-93.30063799957286, 45.04026700023181], [-93.30067899958073, 45.04027299996655], [-93.29907400032384, 45.03798700026946], [-93.29906500010301, 45.03765899968658], [-93.30034899986785, 45.03794600022004], [-93.30110000042853, 45.03811400000373], [-93.30172200021946, 45.038252999984664], [-93.30414599980908, 45.03879499975372], [-93.30449899998649, 45.03887300016691], [-93.30517100000614, 45.039020000241514], [-93.30538899956602, 45.03906900018248], [-93.30667599970393, 45.03935200031583], [-93.30790500011547, 45.039621999690084], [-93.30919599955301, 45.03990600001264], [-93.31048600006393, 45.04020300006016], [-93.31088299972399, 45.04029500004636], [-93.31173999969154, 45.04048799977826], [-93.31426999958637, 45.04105800003356], [-93.3164399996311, 45.041524999823515], [-93.3177900004165, 45.04181499979433], [-93.31788400012782, 45.041834999847566], [-93.3193889998256, 45.042160000208874], [-93.31943300020654, 45.042169999858665], [-93.31943300020654, 45.04202199991186], [-93.31943300020654, 45.04190199987978], [-93.32018600041702, 45.042072000168325], [-93.32030500024271, 45.04209999973425], [-93.32260599980867, 45.04264399991654], [-93.32295300013833, 45.04210700025832], [-93.32296999985675, 45.04200699976292], [-93.32311200014698, 45.04115400009913], [-93.32313800008626, 45.04100100013665], [-93.32320800040644, 45.04057700008979]]]}, "properties": {"ZCTA5": "55412", "district_id": 55412, "zip_code": "55412"}, "id": 55412}, {"type": "Feature", "geometry": {"type": "Polygon", "coordinates": [[[-93.20121300022072, 44.91787799986063], [-93.20120700037295, 44.91780299999021], [-93.20112899965682, 44.916793000087985], [-93.20092799981538, 44.91486700030382], [-93.2003670001238, 44.909625000122254], [-93.19898299990155, 44.908043000029906], [-93.19873699985425, 44.907761000277326], [-93.19761399974789, 44.90720000027684], [-93.19602200001148, 44.90640400007345], [-93.19433200036579, 44.90555900008789], [-93.19404199993757, 44.90541400021591], [-93.19383600007323, 44.90531000018345], [-93.19372200027044, 44.90525400028379], [-93.19268899967744, 44.90465300018729], [-93.19236700036048, 44.904465000023016], [-93.1922140001996, 44.90437600010985], [-93.19171700008214, 44.90329800023621], [-93.1916080003022, 44.90306999982274], [-93.19087799965791, 44.90160500011743], [-93.19078999979436, 44.90143400010592], [-93.19073100024313, 44.90132299996016], [-93.19067599999154, 44.901217000274436], [-93.19084800041901, 44.89987800026399], [-93.19038499973841, 44.897987000294954], [-93.18923499986789, 44.896886000136035], [-93.18739000041148, 44.89512000010404], [-93.18399799962789, 44.89451299998007], [-93.18276300026686, 44.89429199986199], [-93.18167600014552, 44.89426300021542], [-93.18152899983242, 44.894258999955795], [-93.17852199991162, 44.89417899979601], [-93.1772180000553, 44.89392800009961], [-93.17725499986523, 44.89379900006268], [-93.17736100017044, 44.893458999713616], [-93.17740899985101, 44.89325600021267], [-93.17799899985488, 44.8911759999807], [-93.17796399969478, 44.88964100021688], [-93.17853899963005, 44.888338000180234], [-93.17568900006808, 44.88740499984546], [-93.17305299986803, 44.88740099974528], [-93.17210200018913, 44.88739900001332], [-93.17185299976879, 44.88746199981084], [-93.1708829998233, 44.88770799978396], [-93.17032299995665, 44.88785299975911], [-93.17030500041332, 44.88785400025368], [-93.16958499981479, 44.88803600023308], [-93.1689189996429, 44.888203999800865], [-93.16817600037646, 44.888551000226265], [-93.16434599992496, 44.89033999980327], [-93.16172700034167, 44.89084099970223], [-93.15870299980409, 44.891477000192786], [-93.15703700044786, 44.89182799975717], [-93.15695299988394, 44.891845999775], [-93.15686400019548, 44.89186500021199], [-93.15681200031696, 44.891883000218236], [-93.15657100029253, 44.89196599974987], [-93.15513000016885, 44.89246900031427], [-93.15504300013022, 44.892499000006495], [-93.15389999993239, 44.89289800015235], [-93.1535910001359, 44.89314800012349], [-93.15317299966115, 44.89348600024533], [-93.15315000009494, 44.89350500014046], [-93.15303200009416, 44.89360000015851], [-93.15280000029057, 44.893786999822524], [-93.15223799987578, 44.8942410000568], [-93.15181699992628, 44.894579999859644], [-93.15161000023707, 44.894748000040636], [-93.15106999956357, 44.89533000003169], [-93.15046200001635, 44.89598599994497], [-93.15026700002268, 44.89619599989191], [-93.14992100041627, 44.89658100013614], [-93.14910899975622, 44.89744300020874], [-93.14842400021612, 44.897943999956105], [-93.1475429999591, 44.89863200024619], [-93.14683599977933, 44.89918800028918], [-93.14668199979356, 44.89930699992033], [-93.14633600018715, 44.8995310000925], [-93.1456139999388, 44.89999800002299], [-93.14498499957686, 44.90040499998111], [-93.1444320002812, 44.90076299975759], [-93.14406900005804, 44.90099799972845], [-93.14299799983024, 44.901690999741284], [-93.14227300010714, 44.90215999979868], [-93.1417559998982, 44.90249500031513], [-93.13964299975487, 44.903862999733235], [-93.13930600036932, 44.90408099997014], [-93.13908500043637, 44.90422700023283], [-93.13985700001513, 44.90501299999077], [-93.14113599975708, 44.906372000292], [-93.14128399989508, 44.906523000038916], [-93.14162600020185, 44.906890000091764], [-93.14195000006694, 44.90726499969316], [-93.14226100041157, 44.90763099994805], [-93.14235299957475, 44.907748000257605], [-93.14243799996358, 44.907851000186206], [-93.14254599991861, 44.90799600027326], [-93.14262499956135, 44.9080920000331], [-93.14270999995014, 44.90821400010621], [-93.14282200010315, 44.90838300003531], [-93.14305499973165, 44.90876300009396], [-93.14326800016697, 44.909149999781626], [-93.14346099961251, 44.90953999976039], [-93.14372400027655, 44.91014500008604], [-93.14387099969133, 44.910516999781905], [-93.14398399966923, 44.91085699978541], [-93.14399200006515, 44.910877999854385], [-93.1440380000959, 44.911021999848096], [-93.14413299963215, 44.91136500030174], [-93.14421200017318, 44.91171000013983], [-93.14422999971654, 44.911808000214], [-93.14426900007459, 44.91202999988089], [-93.14430400023468, 44.91217899988993], [-93.14435000026543, 44.912530999751894], [-93.14435899958795, 44.91259999975769], [-93.14436699998387, 44.912667000191114], [-93.14444399997677, 44.91415500002598], [-93.14454299971096, 44.91562899998128], [-93.14462700027487, 44.91680599997026], [-93.14475199994835, 44.91822699990364], [-93.14478999958318, 44.91894600029279], [-93.14482399991836, 44.919665999895216], [-93.14487300032216, 44.92040000028642], [-93.1448830003679, 44.92056099996411], [-93.14494299974406, 44.921482000281], [-93.14502800013285, 44.922383999941054], [-93.14506400011787, 44.922874999741765], [-93.14510299957762, 44.923353000128344], [-93.14512100001929, 44.92351299992555], [-93.14513500026298, 44.923652999939065], [-93.14515000033161, 44.92415500010847], [-93.14515899965413, 44.92450400018672], [-93.14518499959338, 44.92491500030847], [-93.14518799996644, 44.92532699987639], [-93.14516700005004, 44.925737999834276], [-93.14512299966911, 44.926148000203426], [-93.14509900027797, 44.92629200009476], [-93.1450299997827, 44.92661800023769], [-93.14494100009424, 44.92692999985532], [-93.14542099959495, 44.926932000120594], [-93.14660300015085, 44.926936999829366], [-93.14660800017371, 44.92601499999635], [-93.14660899999863, 44.92595400012359], [-93.14661200037168, 44.92546600008139], [-93.1466130001966, 44.925311999692354], [-93.14670799973281, 44.92532900019748], [-93.14680399999229, 44.92534600006153], [-93.14689100003093, 44.92537499993029], [-93.14692399964291, 44.92540399978441], [-93.1469449995593, 44.92545400009066], [-93.14692799984086, 44.925585999850526], [-93.14694000043474, 44.92572400022919], [-93.1469389997115, 44.92576899981087], [-93.14695799997808, 44.92581000002094], [-93.14699899998597, 44.92581000002094], [-93.14711100013895, 44.92583200018365], [-93.14723599981242, 44.925826999742654], [-93.14733600026986, 44.925826999742654], [-93.14737700027774, 44.92584400009541], [-93.14751000034713, 44.92591099971553], [-93.1476350000206, 44.92598899994381], [-93.14777599958758, 44.92605200007531], [-93.14785900032658, 44.92605600003085], [-93.14797499977924, 44.92605200007531], [-93.14825000013884, 44.92602799970023], [-93.14848000029261, 44.92604199986722], [-93.1485639999582, 44.92607499997486], [-93.14861900020978, 44.926118000260146], [-93.14864400032414, 44.926156000100846], [-93.14866600006545, 44.9262300000533], [-93.14866000021766, 44.926509999852904], [-93.14994099960946, 44.92648199974354], [-93.15010499964097, 44.92648099992114], [-93.15172099966682, 44.9264699999651], [-93.1518389996676, 44.92646500021567], [-93.15416100004829, 44.9264699999651], [-93.15427400002619, 44.92647499971409], [-93.15507800029032, 44.92647099978774], [-93.15643900004805, 44.9264669998611], [-93.15643300020025, 44.926960000010595], [-93.15683800025622, 44.92696099982466], [-93.15937599964867, 44.92696699998095], [-93.1604569999222, 44.926969000244924], [-93.16045799974712, 44.92627499987463], [-93.16319799970425, 44.926280000276634], [-93.16319699987933, 44.92697399995044], [-93.1633280002989, 44.92686199969987], [-93.16345399979728, 44.92686199969987], [-93.16343899972867, 44.92654599979172], [-93.16344999959934, 44.92648000009868], [-93.16387999976965, 44.92648700012752], [-93.16447399997149, 44.92647799981766], [-93.16461100023884, 44.92647600017266], [-93.16494500014967, 44.92647600017266], [-93.1651300000976, 44.92647600017266], [-93.16517500030345, 44.92647600017266], [-93.16515600003687, 44.92653899977007], [-93.16570300038303, 44.92653600030565], [-93.16583100042956, 44.92653499984817], [-93.16694000029221, 44.92653199974752], [-93.16692900042156, 44.926884000095704], [-93.16702499978271, 44.926984999809974], [-93.1670669996155, 44.92698799988692], [-93.16956999974616, 44.92699799993032], [-93.16957399994412, 44.926976000214175], [-93.16957399994412, 44.92655400026974], [-93.17211700025774, 44.9266290001654], [-93.17211899990757, 44.927007999971984], [-93.17466499969592, 44.927018000011905], [-93.17465800002323, 44.92693600001485], [-93.17465499965017, 44.926112999844044], [-93.17720200016176, 44.92612300003977], [-93.17720200016176, 44.927028000050036], [-93.17769699973108, 44.92702899986297], [-93.17975200014808, 44.927037000273714], [-93.18141199965656, 44.927041999973355], [-93.1822870000658, 44.92704599985995], [-93.18426899978955, 44.927052999819864], [-93.18483100020433, 44.9270550000808], [-93.18602200008276, 44.92705899996649], [-93.18737199996981, 44.92706400030024], [-93.18737199996981, 44.92678400002098], [-93.18737199996981, 44.92659700019646], [-93.18752000010784, 44.92659199982206], [-93.18980999980315, 44.92657300004903], [-93.18992100013122, 44.92658000006659], [-93.19004300032996, 44.92658799990385], [-93.19236999983522, 44.926563999752666], [-93.19248000033838, 44.92654999971285], [-93.19248000033838, 44.926615999961534], [-93.19248000033838, 44.92701400012331], [-93.19248399963803, 44.92704899993376], [-93.19359000002594, 44.92704500004732], [-93.19361000011743, 44.92704500004732], [-93.1948970002553, 44.927041000160656], [-93.19496199965431, 44.927041000160656], [-93.19675199975745, 44.92703599982495], [-93.1971200000035, 44.925311999692354], [-93.19758699998371, 44.92406799988274], [-93.19764700025819, 44.92392900011133], [-93.19774900036543, 44.92365399981073], [-93.19782499963509, 44.923395999906916], [-93.1978589999703, 44.923261999810336], [-93.1978740000389, 44.92310799987346], [-93.1978670003662, 44.922977000027664], [-93.19783700022897, 44.922824999735035], [-93.19782399981017, 44.92278100027831], [-93.19779500039617, 44.922717999739795], [-93.19774199979442, 44.92263900026935], [-93.19767200037253, 44.92256699992463], [-93.19758600015881, 44.92250399978757], [-93.19756699989223, 44.92249099992229], [-93.19751800038674, 44.922468999752226], [-93.1974520002645, 44.92245300020147], [-93.19732900024084, 44.92241700024188], [-93.19722399976055, 44.92237100004867], [-93.19713000004923, 44.92231399970284], [-93.19704899985838, 44.922248000236095], [-93.19698399956106, 44.9221729997092], [-93.19693500005555, 44.92209099979282], [-93.19690099972037, 44.92198600014014], [-93.19689499987258, 44.92189799990783], [-93.19691300031427, 44.92181000017681], [-93.19695299959889, 44.921718000053694], [-93.19701299987337, 44.9216309999538], [-93.19709700043727, 44.92154600017501], [-93.1971490003158, 44.92150600001106], [-93.19724999969982, 44.92144499980287], [-93.19734900033235, 44.92140000001443], [-93.19745999976212, 44.921364000031105], [-93.19758600015881, 44.92133400013379], [-93.19773500012172, 44.92130600004584], [-93.19806700038275, 44.92125300020552], [-93.19817000031489, 44.92124299979811], [-93.19828699959245, 44.921217000130085], [-93.19837000033145, 44.92118600024141], [-93.19846800024074, 44.92113400020592], [-93.1985500002565, 44.92106800001966], [-93.19861399983061, 44.920992999860566], [-93.19894000024384, 44.919751999850604], [-93.1989860002746, 44.9195579997985], [-93.19900800001591, 44.919338999792025], [-93.1990010003432, 44.91914199976723], [-93.19897500040393, 44.918966999950435], [-93.19891500012947, 44.91875200006374], [-93.19883499976353, 44.91856300025338], [-93.19883800013659, 44.91844499973346], [-93.19881399984715, 44.91786800013797], [-93.19935000032267, 44.91786500022088], [-93.20121300022072, 44.91787799986063]]]}, "properties": {"ZCTA5": "55116", "district_id": 55116, "zip_code": "55116"}, "id": 55116}, {"type": "Feature", "geometry": {"type": "Polygon", "coordinates": [[[-93.30938700024703, 44.90514100012701], [-93.30938300004908, 44.90436700015387], [-93.30935899975962, 44.903963999831966], [-93.30929600001043, 44.903620000167216], [-93.309279000292, 44.903346999830255], [-93.30929799966026, 44.901536999894695], [-93.30871799970213, 44.90153199988449], [-93.30865499995294, 44.90153500001792], [-93.30866199962563, 44.89975399974084], [-93.30867800041746, 44.897943999956105], [-93.30867000002154, 44.89792599993791], [-93.30867000002154, 44.89694199991428], [-93.30867000002154, 44.89641500027423], [-93.30919999975097, 44.896383000023405], [-93.30934700006407, 44.89434400000363], [-93.30931600010193, 44.891194000202574], [-93.30866199962563, 44.891227999757774], [-93.30866199962563, 44.89108600005958], [-93.30866199962563, 44.89080099980455], [-93.30866099980071, 44.89060499977649], [-93.30794100010048, 44.890619000300696], [-93.30659500041139, 44.89064400000091], [-93.30535599995406, 44.89060499977649], [-93.30504999963232, 44.89059600021051], [-93.29961499992392, 44.89038399991458], [-93.29833000033419, 44.89033699972213], [-93.29779700023171, 44.890327000299116], [-93.29732299968046, 44.890304999907656], [-93.29695299978461, 44.89027200025933], [-93.29655600012457, 44.89022800006229], [-93.29596600012071, 44.89017100029223], [-93.29579299986834, 44.89014599975], [-93.29502700013737, 44.88998999988865], [-93.29444200015635, 44.889903999947315], [-93.29407399991032, 44.88985099978623], [-93.2936289996714, 44.88978700023508], [-93.29322399961544, 44.88989600009425], [-93.29282000028272, 44.88996700018332], [-93.29260099999959, 44.889999000185846], [-93.29234400008166, 44.890031000170616], [-93.29210700025519, 44.89005699994621], [-93.29186899970549, 44.89006300013754], [-93.29152300009908, 44.89006300013754], [-93.28999400011188, 44.89009999981855], [-93.28895700021924, 44.890088999898666], [-93.28835299997165, 44.89008299971005], [-93.28394099991219, 44.8900590002222], [-93.2832100003413, 44.8900590002222], [-93.27951999963189, 44.89003599990808], [-93.27903099991035, 44.89005099975426], [-93.27872200011386, 44.890067000052596], [-93.27838099963202, 44.890116000103255], [-93.27810799982053, 44.89016400029424], [-93.2778309998111, 44.890203999998505], [-93.2775630000225, 44.890266999905954], [-93.27730100008169, 44.89034699977983], [-93.27705400020946, 44.89043899984728], [-93.27682400005571, 44.89055399988373], [-93.2751190003414, 44.890563999903705], [-93.27441999965926, 44.89056900023125], [-93.27405399996135, 44.89056699997299], [-93.2724859996161, 44.8905939999532], [-93.2698400002686, 44.89062199973069], [-93.26816700034134, 44.89063799987019], [-93.26783099988235, 44.89062499979697], [-93.26782900023254, 44.89077000005564], [-93.2684250000842, 44.89076499974556], [-93.26841699968828, 44.89106900024252], [-93.26837700040363, 44.892504999943064], [-93.26837700040363, 44.89430600012505], [-93.26838699955105, 44.89603700011167], [-93.26787699991311, 44.89603399969139], [-93.26776899995808, 44.89603399969139], [-93.26776099956217, 44.89628199997005], [-93.26774600039187, 44.89789999990167], [-93.26771500042973, 44.89805599994278], [-93.26766199982796, 44.89821200019699], [-93.26757800016237, 44.89835699978045], [-93.26747100003224, 44.8984989999792], [-93.26707500019714, 44.898979000116285], [-93.2668609999369, 44.899265000228354], [-93.26679999983753, 44.89935300012346], [-93.26667000014118, 44.89956299986409], [-93.2665179998052, 44.899871999824065], [-93.26640300017749, 44.90018800008369], [-93.2663270000095, 44.9005089999788], [-93.26631799978867, 44.90058400014799], [-93.26629600004736, 44.90077200027778], [-93.26628900037467, 44.901035000010026], [-93.26631199994088, 44.901299000072456], [-93.26635700014673, 44.90156199993914], [-93.26645699970585, 44.90218399996325], [-93.26651000030762, 44.902415999765225], [-93.2666020003691, 44.902644999828176], [-93.26672399966954, 44.90286600029384], [-93.26687600000551, 44.90308000021146], [-93.2670590003036, 44.90327800016912], [-93.2671510003651, 44.90338899972178], [-93.26717399993132, 44.903416000044814], [-93.26726500016792, 44.903560999866265], [-93.26732600026729, 44.90371699981868], [-93.26732999956694, 44.90373799995123], [-93.26735700022942, 44.903872999984], [-93.26739499986427, 44.904143999945944], [-93.26740300026017, 44.904414999902876], [-93.26738700036667, 44.90468599985485], [-93.26734200016082, 44.90495300028611], [-93.26727299966552, 44.90522000011358], [-93.26726500016792, 44.90656299981692], [-93.26702300031859, 44.90704300007189], [-93.26681400008121, 44.90755899988384], [-93.26714700016714, 44.908892999771716], [-93.26718899999995, 44.908917000306495], [-93.26731100019869, 44.909008999930826], [-93.2674590003367, 44.909138999688416], [-93.26758400001015, 44.90928599995076], [-93.26767400042185, 44.90943899991538], [-93.26774300001881, 44.90960099988311], [-93.26777599963079, 44.90976699984769], [-93.26776899995808, 44.910689999690696], [-93.26876099964487, 44.91067899989222], [-93.26875300014726, 44.91122799987457], [-93.26874499975135, 44.911297000172326], [-93.2687070001165, 44.91135399999626], [-93.26864600001714, 44.91140399980643], [-93.26856200035155, 44.91143399979888], [-93.26847100011496, 44.91144600017317], [-93.26776099956217, 44.911453000125285], [-93.26776099956217, 44.91218200010392], [-93.2677560004376, 44.91234999974879], [-93.26776099956217, 44.91239500026322], [-93.26775399988946, 44.912487000046106], [-93.26775399988946, 44.91257399999571], [-93.26775399988946, 44.91268500004735], [-93.26775399988946, 44.91271199982119], [-93.26775100041475, 44.91318000024688], [-93.26798400004323, 44.913191000202914], [-93.2683759996804, 44.91320100010323], [-93.2684319997569, 44.913252999684225], [-93.26841699968828, 44.91421000012418], [-93.26831200010629, 44.914286000265776], [-93.26849700005423, 44.916103000207954], [-93.26838999992411, 44.91620399979253], [-93.26837200038077, 44.917834999768786], [-93.26837400003059, 44.91790699968248], [-93.2683759996804, 44.918005999973076], [-93.26834399989335, 44.91962299986927], [-93.26825900040285, 44.91971999986742], [-93.26830200006056, 44.92152600009649], [-93.26827100009842, 44.92332700014307], [-93.26891299998084, 44.9233229999975], [-93.27018000002724, 44.92331399982799], [-93.27146100031733, 44.923305000293134], [-93.27277400039448, 44.92329399972892], [-93.2740709996798, 44.923286000069005], [-93.27435400043532, 44.92328400031285], [-93.27451699974362, 44.92328400031285], [-93.27454000020818, 44.919663000071935], [-93.27504900002118, 44.91966100018971], [-93.27538299993203, 44.91965900030738], [-93.27538299993203, 44.920765000302325], [-93.27538299993203, 44.92147399973264], [-93.27537500043444, 44.92327900028612], [-93.27664900015351, 44.92326699983855], [-93.27793100026852, 44.923255999903176], [-93.2779570002078, 44.92324800023791], [-93.27922799955384, 44.92324099981438], [-93.28053300013339, 44.92322899999493], [-93.28183699998971, 44.92322200020511], [-93.28313400017333, 44.9232139998991], [-93.28443100035695, 44.923206000228035], [-93.28572099996958, 44.923202000074006], [-93.28701800015318, 44.923195000280934], [-93.28759499973829, 44.92318899973065], [-93.28826900030607, 44.92318299981581], [-93.28831500033682, 44.92318299981581], [-93.2891220000757, 44.923185000211554], [-93.28958900005591, 44.923186999971165], [-93.2908479997064, 44.92319100012619], [-93.29210700025519, 44.92319100012619], [-93.29338799964697, 44.923195000280934], [-93.29344200007365, 44.923195000280934], [-93.29346700018802, 44.92319899979933], [-93.29372400010595, 44.92319100012619], [-93.29400600013827, 44.923164000187406], [-93.29427300010194, 44.923115000313246], [-93.29454000006564, 44.92304600021189], [-93.29479199996071, 44.92295500004366], [-93.2950299996121, 44.92283999993244], [-93.29531099981949, 44.92272899977822], [-93.29560100024771, 44.922634000186484], [-93.29590599984624, 44.92254999987429], [-93.29608199957333, 44.92251200019245], [-93.29626499987144, 44.92249299970605], [-93.29644800016955, 44.92249299970605], [-93.29663099956933, 44.922515999758396], [-93.2967760002326, 44.92204300017531], [-93.2969510001348, 44.92158100013657], [-93.29715699999912, 44.9211239997778], [-93.29740100039659, 44.92067700010804], [-93.29796600028611, 44.91959800004646], [-93.29798200017964, 44.919570999691324], [-93.29828599995325, 44.919041000257884], [-93.29829099997612, 44.91902299984802], [-93.29838600041067, 44.918883999956364], [-93.2985000002135, 44.91873600011398], [-93.29908000017161, 44.917991999756026], [-93.29939999983877, 44.91757999974647], [-93.29959099963449, 44.917377000166944], [-93.29981199956741, 44.917182999729405], [-93.30004900029219, 44.917006999683956], [-93.3002049999278, 44.916912000172765], [-93.30046799969354, 44.916751999803935], [-93.30158199957907, 44.9162029997912], [-93.30230700020046, 44.91585900021452], [-93.30257400016416, 44.91575600000538], [-93.30285600019647, 44.915667999773106], [-93.3031619996199, 44.915596000234615], [-93.30346700011673, 44.915550000305544], [-93.30378000011119, 44.915519999917095], [-93.3039630004093, 44.91550399970348], [-93.30413800031148, 44.915477999983054], [-93.30474900023174, 44.915347999932166], [-93.30509900003611, 44.91528300011451], [-93.30537400039573, 44.915249000151235], [-93.30566399992564, 44.91523399988037], [-93.30594599995796, 44.915236999934876], [-93.30622100031756, 44.91526399978202], [-93.30678600020708, 44.91528700018369], [-93.30743399993729, 44.915332999687145], [-93.30803700035996, 44.915389999961164], [-93.30840300005785, 44.91541300031245], [-93.30874600018952, 44.915443000120604], [-93.3088850001067, 44.915398000084394], [-93.30887300041114, 44.91495999996933], [-93.30934899971388, 44.915040999863095], [-93.30934100021629, 44.914180000308505], [-93.30934000039137, 44.91408900009315], [-93.30932000029988, 44.91277700000219], [-93.30883200040326, 44.91277399981926], [-93.30881999980937, 44.912450000137305], [-93.30881999980937, 44.91236600020432], [-93.30881999980937, 44.912284000287656], [-93.30915600026836, 44.91228100007904], [-93.30915000042057, 44.91205800003588], [-93.309307999706, 44.91205800003588], [-93.3093019998582, 44.910650999701566], [-93.30929099998755, 44.91056500012138], [-93.30927799956878, 44.908987999815196], [-93.30866400017375, 44.90898399994375], [-93.30866300034886, 44.908859999974325], [-93.30866199962563, 44.90875900020687], [-93.30867000002154, 44.908740999757285], [-93.30866300034886, 44.90818899977335], [-93.308646999557, 44.90698199977931], [-93.308646999557, 44.906939999967875], [-93.30863999988432, 44.90605900019809], [-93.30863200038671, 44.9051320002908], [-93.30869500013591, 44.90512899970879], [-93.30929600001043, 44.90513999993319], [-93.30938700024703, 44.90514100012701]]]}, "properties": {"ZCTA5": "55419", "district_id": 55419, "zip_code": "55419"}, "id": 55419}, {"type": "Feature", "geometry": {"type": "Polygon", "coordinates": [[[-93.28425599955646, 44.962702999848666], [-93.28424100038616, 44.960911000210935], [-93.28370400008572, 44.96090899985799], [-93.28356000014568, 44.96090799999929], [-93.2835540002979, 44.960798000183054], [-93.28355900032076, 44.95920400001318], [-93.28356599999347, 44.95911399981779], [-93.28359600013069, 44.95756099969403], [-93.2842160002718, 44.95754600030121], [-93.28421799992162, 44.957320000117626], [-93.28410099974576, 44.95723399983647], [-93.28409400007307, 44.95701499981717], [-93.28360799982627, 44.95702000008528], [-93.28360799982627, 44.955537999696894], [-93.28296699976875, 44.955540000237086], [-93.28131899995586, 44.955535999792296], [-93.2796400001808, 44.955535999792296], [-93.27787799966677, 44.95553199998297], [-93.2778800002149, 44.95525499979411], [-93.27771600018337, 44.95526200012976], [-93.27723300030962, 44.955266999914905], [-93.27717899988295, 44.955251999922424], [-93.27668900033649, 44.955253999836934], [-93.27661300016851, 44.955260000215574], [-93.27646599985542, 44.95527199969962], [-93.27630299964879, 44.955266999914905], [-93.27620899993747, 44.95523999979849], [-93.27614399964013, 44.95526400004385], [-93.27592600008025, 44.955268999828874], [-93.27592899955498, 44.95479399987529], [-93.27544099965834, 44.9547919999448], [-93.27534899959684, 44.954836000306656], [-93.27534500029721, 44.95551600010712], [-93.27533699990128, 44.95553399988767], [-93.27403999971764, 44.95553199998297], [-93.27276599999855, 44.95553199998297], [-93.27149999977708, 44.955530000078205], [-93.27056199961866, 44.95552800017333], [-93.27021000016445, 44.95552800017333], [-93.2699160004366, 44.955527000220904], [-93.26978199964397, 44.955527000220904], [-93.26894399994298, 44.95552500031597], [-93.26894999979075, 44.955107000216884], [-93.26811000043993, 44.95510900013644], [-93.26809799984606, 44.955421000076996], [-93.26808000030272, 44.95552399972775], [-93.26800499995963, 44.95552399972775], [-93.26767000022389, 44.95552399972775], [-93.2676440002846, 44.95552800017333], [-93.26638800010886, 44.95552800017333], [-93.26512100006248, 44.95552800017333], [-93.26383999977237, 44.95552800017333], [-93.2625810001219, 44.95552800017333], [-93.26131400007552, 44.95552800017333], [-93.26003299978541, 44.95553199998297], [-93.26005600024993, 44.9537509999633], [-93.25750700008852, 44.953743000095514], [-93.257483999624, 44.95553199998297], [-93.2562099999049, 44.95553199998297], [-93.25495899975202, 44.95553199998297], [-93.25368500003295, 44.95553199998297], [-93.25241899981145, 44.95553199998297], [-93.25115199976506, 44.95553299993531], [-93.24988600044188, 44.95553199998297], [-93.24867100027402, 44.95553499984001], [-93.24861900039548, 44.95553399988767], [-93.24855499992307, 44.95553499984001], [-93.24737800028836, 44.955535999792296], [-93.247353000174, 44.955540000237086], [-93.24607799973168, 44.9555420001415], [-93.24406400022087, 44.95554599995012], [-93.24378700021144, 44.95554599995012], [-93.24322099959869, 44.95554699990225], [-93.24297000042684, 44.955547999854325], [-93.2424950000507, 44.95554899980643], [-93.2424189998827, 44.95554999975851], [-93.24192000011543, 44.955550999710525], [-93.24109699958473, 44.95555200029828], [-93.24084499968964, 44.95555300025026], [-93.2396930001693, 44.95555500015423], [-93.23947899990907, 44.955550999710525], [-93.23995599993502, 44.95625000006995], [-93.2396089996054, 44.956359999705775], [-93.2395099998712, 44.956386999930906], [-93.2394260002056, 44.95643600002449], [-93.23937199977894, 44.956501000317616], [-93.23935699971031, 44.95657699981388], [-93.23934900021271, 44.95736299989202], [-93.23943200005338, 44.957474999774085], [-93.23943799990117, 44.95809699974942], [-93.23934900021271, 44.95816399988105], [-93.23915599986887, 44.95829000004001], [-93.23855199962127, 44.95829600010119], [-93.23855199962127, 44.95874499982898], [-93.23860799969778, 44.95878099990136], [-93.23916500008968, 44.95879299992046], [-93.23917099993747, 44.95904299995953], [-93.23916799956443, 44.95915299996217], [-93.23916500008968, 44.959262999753925], [-93.23884000039968, 44.95947700003905], [-93.23882600015598, 44.95967600005432], [-93.23874499996512, 44.95977400030331], [-93.23853699955268, 44.95978600011474], [-93.23857300043598, 44.96056600027211], [-93.23910800018827, 44.960586000104094], [-93.23910599964015, 44.9609549996947], [-93.23910499981524, 44.96119000013661], [-93.2385190000093, 44.961174999785555], [-93.23850099956766, 44.96140900011204], [-93.23853900010081, 44.96221800014852], [-93.23916699973951, 44.96223700020474], [-93.23917699978526, 44.96255099982153], [-93.23917099993747, 44.962749000153885], [-93.23916699973951, 44.96287499977841], [-93.23935699971031, 44.96287499977841], [-93.23931900007548, 44.96338900002083], [-93.23927100039491, 44.963962000100814], [-93.23773999985954, 44.963955000190936], [-93.23707600023582, 44.9639850000711], [-93.23624500020752, 44.96398299982533], [-93.23616400001667, 44.96398299982533], [-93.23616400001667, 44.9642170001398], [-93.23631100032976, 44.9642170001398], [-93.23708700010648, 44.96422400001771], [-93.2392350004099, 44.96423000009396], [-93.24063100032772, 44.96423399993258], [-93.2408489998876, 44.96423499973331], [-93.24113599994278, 44.96423600016959], [-93.2416570003497, 44.9642319996955], [-93.24217799985828, 44.964250999720385], [-93.24239600031649, 44.96426999973892], [-93.24269300041742, 44.964293000221275], [-93.24320600042839, 44.96435700007801], [-93.24371199986837, 44.96444899990587], [-93.24399300007578, 44.964511999792684], [-93.24420999981075, 44.96456000014428], [-93.24485099986826, 44.964733000018946], [-93.24501800027284, 44.96478899978575], [-93.24505699973257, 44.96480300003669], [-93.24583699970725, 44.965091000082914], [-93.24713700026393, 44.96561799981364], [-93.2472610001125, 44.965668000062486], [-93.24759199965028, 44.96580199972629], [-93.24807799989709, 44.965982999738145], [-93.24834800023383, 44.9660610001957], [-93.24862400041836, 44.96612400021898], [-93.24870999973376, 44.966138000144106], [-93.24890899992539, 44.96616999968779], [-93.24936199966193, 44.966215999755356], [-93.24953300026446, 44.9662230000249], [-93.24985100028178, 44.966236000160066], [-93.24991300020608, 44.966236999925904], [-93.2499449999931, 44.966236000160066], [-93.25034099982823, 44.96623799969168], [-93.25079199991495, 44.96621100028865], [-93.25141700007893, 44.9661259997545], [-93.25177199990615, 44.96606799984861], [-93.25182200013488, 44.966061999964595], [-93.25202600034937, 44.9660330003044], [-93.25227099967346, 44.9660000002788], [-93.25241100031384, 44.966151000298545], [-93.25303599957951, 44.9668260000645], [-93.25330900028929, 44.9671349999652], [-93.25350900030585, 44.96734799974209], [-93.25375500035312, 44.96758399979757], [-93.25382200030027, 44.967646000313586], [-93.25390699979079, 44.96771099998304], [-93.25381899992723, 44.967919999946396], [-93.25371699981999, 44.96818000011812], [-93.25364999987283, 44.968352999880075], [-93.25359200014651, 44.9685469997162], [-93.2534499998563, 44.96901899979438], [-93.25338600028218, 44.96919599969622], [-93.25331299958894, 44.96936999991829], [-93.25304399997542, 44.969996999726334], [-93.25310099987684, 44.97003299972922], [-93.2532170002278, 44.970101000237996], [-93.25336500036579, 44.970188999692546], [-93.25376299985074, 44.97037500021859], [-93.25457100031282, 44.96939300026247], [-93.25535999961001, 44.968396000283654], [-93.25540900001381, 44.968573000201296], [-93.25614299995775, 44.96887899979395], [-93.2558159997196, 44.969261999864514], [-93.25645199975423, 44.9695279998307], [-93.25661699961067, 44.96961899992059], [-93.25719900011694, 44.96984400025637], [-93.25731000044503, 44.96972000009575], [-93.25763299958692, 44.96986400003169], [-93.25781199968706, 44.96989100025744], [-93.25804500021388, 44.96962500006811], [-93.26076799955423, 44.97076300017404], [-93.2621300000352, 44.97133100002676], [-93.26350000001375, 44.97190400021596], [-93.26267999985609, 44.97286500011645], [-93.26405400003262, 44.97344099978788], [-93.26487500001518, 44.97247899971407], [-93.26622800027529, 44.973044999801125], [-93.26756999976645, 44.97360999974893], [-93.26759300023099, 44.973621000206684], [-93.26758599965999, 44.97359500010346], [-93.26839199957392, 44.97263399972516], [-93.26926199996029, 44.97169799979997], [-93.27056499999169, 44.97221899996426], [-93.27145899976918, 44.9712830002568], [-93.27220199993396, 44.97036100005648], [-93.27214699968236, 44.97022300018227], [-93.27207200023761, 44.970078000177736], [-93.27199600006962, 44.96998999991737], [-93.2717550000452, 44.96978099986999], [-93.27165399976286, 44.9696149998219], [-93.27162500034885, 44.96949000009263], [-93.2716069999072, 44.9689219998032], [-93.27161000028025, 44.96853600019186], [-93.2716139995799, 44.968078999773404], [-93.27169700031888, 44.967789999736404], [-93.27179699987799, 44.96762599976492], [-93.27189399996237, 44.96753300020444], [-93.27222799987322, 44.967251999851], [-93.27229300017055, 44.96719500019718], [-93.27241199999624, 44.967084999723916], [-93.27250900008062, 44.96700100023733], [-93.2725509999134, 44.96696699974438], [-93.27259500029434, 44.9669169999922], [-93.27269499985344, 44.96680500010958], [-93.27273699968624, 44.966706000036936], [-93.27275699977773, 44.96654099974802], [-93.27275699977773, 44.96641299975166], [-93.27275799960265, 44.966323999824205], [-93.27276599999855, 44.966274000147145], [-93.2728739999536, 44.966274000147145], [-93.2734020000332, 44.966274999912315], [-93.27341200007893, 44.96522000027033], [-93.27342899979737, 44.96460000019475], [-93.27287899997646, 44.96459499995159], [-93.2728739999536, 44.964040999932465], [-93.27287999980138, 44.96396100029538], [-93.27287700032664, 44.96386899968491], [-93.27337400044411, 44.96387600024085], [-93.2733889996144, 44.96269400013009], [-93.27401700015143, 44.962691999839315], [-93.27528400019783, 44.96269599978521], [-93.2765350003507, 44.962691999839315], [-93.27657299998555, 44.962691999839315], [-93.27781699956739, 44.96269599978521], [-93.27781699956739, 44.96396599995816], [-93.27781699956739, 44.96419500006395], [-93.27932700018636, 44.964191000222606], [-93.28053999980608, 44.9641880001825], [-93.2807160004315, 44.964233000131884], [-93.2808229996633, 44.96392799971338], [-93.28083000023432, 44.96391499969077], [-93.28086399967117, 44.96364099999564], [-93.28084299975478, 44.963169000156796], [-93.2809569995576, 44.96316999997609], [-93.2815409997137, 44.96316399978897], [-93.28156199963009, 44.963218999997764], [-93.28285200014103, 44.96323999999421], [-93.2832720002656, 44.96324699999133], [-93.28335900030423, 44.96313800003013], [-93.28323399973245, 44.96270400031171], [-93.28391099977496, 44.962702999848666], [-93.28425599955646, 44.962702999848666]]]}, "properties": {"ZCTA5": "55404", "district_id": 55404, "zip_code": "55404"}, "id": 55404}, {"type": "Feature", "geometry": {"type": "Polygon", "coordinates": [[[-93.09880699998874, 44.95867900027333], [-93.09877199982864, 44.958469999696305], [-93.09876099995799, 44.958401000117284], [-93.09722399957487, 44.95624900013006], [-93.09700500019004, 44.95597600000244], [-93.09654599970743, 44.9561720002582], [-93.09593599961207, 44.95643999977084], [-93.09400199956887, 44.957425999932035], [-93.09389699998691, 44.95747700024675], [-93.09373299995538, 44.957549000052964], [-93.09356200025114, 44.95761500027275], [-93.09332899972432, 44.95769300003005], [-93.0930879996999, 44.9577590000842], [-93.0928759999878, 44.957806999729144], [-93.09283800035296, 44.95781299984085], [-93.09257399986402, 44.95784799995031], [-93.09227699976309, 44.957871999740576], [-93.09201499982227, 44.95787899975697], [-93.091728999592, 44.95787099982896], [-93.0911720000984, 44.9578670001824], [-93.09111699984682, 44.9578670001824], [-93.09106999999115, 44.9578670001824], [-93.09103900002901, 44.9578670001824], [-93.09099200017334, 44.95786600027069], [-93.09073000023253, 44.95786499972333], [-93.0906440000188, 44.95786499972333], [-93.09056200000303, 44.957863999811586], [-93.09047900016236, 44.957863999811586], [-93.09005999986269, 44.957861000076306], [-93.09004800016713, 44.95626499980155], [-93.09004399996918, 44.95575099994088], [-93.08926099962144, 44.9557490000437], [-93.08871300034866, 44.9557470001465], [-93.08871699964831, 44.95706300008448], [-93.08822600027695, 44.957061000233075], [-93.0875530004324, 44.95705899974591], [-93.08756000010509, 44.957789999938946], [-93.08755500008222, 44.95784199984222], [-93.08636000000584, 44.957840999930134], [-93.08629600043173, 44.957840999930134], [-93.08618500010365, 44.95783900010579], [-93.08611399995856, 44.9578339999091], [-93.08529899982378, 44.957825999974816], [-93.08487399967633, 44.957823000237546], [-93.08481299957697, 44.95798100017144], [-93.08472499971342, 44.95807499986939], [-93.08466600016219, 44.95798100017144], [-93.08305299961107, 44.95798200008115], [-93.08223800037462, 44.95798299999078], [-93.0819420000986, 44.95775700025701], [-93.08171600014278, 44.957710999763414], [-93.081450000004, 44.957304000104656], [-93.08140399997325, 44.95720400024024], [-93.08108900032897, 44.95694000019317], [-93.080604999732, 44.956533000151246], [-93.079695000061, 44.955767999699454], [-93.07931699976922, 44.955435000071276], [-93.07907900011783, 44.95555200029828], [-93.07890300039074, 44.955636999971304], [-93.07858299982529, 44.955785000088696], [-93.07831900023463, 44.95590400012961], [-93.07828499989945, 44.95591899995165], [-93.07803899985215, 44.95604699984162], [-93.07798199995075, 44.956076000099834], [-93.07736400035778, 44.95639699994043], [-93.07729200038774, 44.95642899983206], [-93.07731900015193, 44.95663499977995], [-93.07734000006833, 44.956942999976604], [-93.07736799965743, 44.95731800027517], [-93.07737000020556, 44.957844000302096], [-93.07741299986326, 44.957975999987084], [-93.07741000038854, 44.958281000264826], [-93.07737199985539, 44.95835400023677], [-93.07746800011485, 44.95845800024532], [-93.07703600029471, 44.96019999969981], [-93.0750560002208, 44.9611179998141], [-93.07292899983376, 44.96185800026893], [-93.07202699966035, 44.96301199971199], [-93.07204900029998, 44.96391300007819], [-93.07208500028499, 44.96533200006967], [-93.06607100044337, 44.96560000001846], [-93.06607100044337, 44.965906999988825], [-93.06931500019064, 44.96581400018373], [-93.07082499991128, 44.96576100010429], [-93.07090899957687, 44.96575699973654], [-93.0709939999657, 44.96575500018816], [-93.07107799963129, 44.96575599996238], [-93.07116300002009, 44.965758999920446], [-93.07124699968568, 44.965764999836196], [-93.07133100024957, 44.9657729999347], [-93.07141499991516, 44.96578399998889], [-93.07149899958075, 44.96579700022355], [-93.07190399963672, 44.96585600017588], [-93.07256099958775, 44.96595300026729], [-93.07263799958064, 44.96596700023415], [-93.07271600029675, 44.96597900002148], [-93.07279400011457, 44.96598799986032], [-93.07287199993237, 44.96599399975207], [-93.07294999975015, 44.96599699969769], [-93.07358699960972, 44.96599699969769], [-93.07358400013499, 44.966629000215384], [-93.07358099976194, 44.9670689998917], [-93.07357999993702, 44.96713700010104], [-93.07357800028718, 44.96753699981276], [-93.0733249996689, 44.9675380001915], [-93.07331499962315, 44.967629000260764], [-93.07330999960027, 44.967965000145995], [-93.07330299992758, 44.96801899983053], [-93.07315399996466, 44.96802399977516], [-93.07314899994181, 44.96836299971075], [-93.0731840001019, 44.96844500029038], [-93.07357200043941, 44.96844300020013], [-93.07356599969332, 44.969347999912074], [-93.0730500002076, 44.96935200002939], [-93.0730510000325, 44.96941399990542], [-93.07285100001597, 44.96941800001814], [-93.07285500021392, 44.96975299988791], [-93.07289399967367, 44.969906999938], [-93.07290000041976, 44.970259000043306], [-93.07290799991736, 44.97072900000442], [-93.07265500019739, 44.97072200028474], [-93.0726560000223, 44.97115500003832], [-93.07265799967212, 44.971645000073075], [-93.07295800014609, 44.971647999723146], [-93.07295800014609, 44.97204399982338], [-93.07295800014609, 44.97248700014721], [-93.07297800023757, 44.972943999761654], [-93.0730169996973, 44.97383599994889], [-93.07302400026832, 44.97395100024859], [-93.07302799956797, 44.97432200018504], [-93.07302799956797, 44.974650000132236], [-93.07302599991814, 44.97473300023797], [-93.07302400026832, 44.97483999990616], [-93.07302799956797, 44.97554600015963], [-93.07303500013897, 44.97563599999573], [-93.07353499973118, 44.97563299991875], [-93.07353999975405, 44.97653499989841], [-93.07102099972987, 44.976554000296346], [-93.07102099972987, 44.977416999993615], [-93.07101200040735, 44.97747199988091], [-93.07298400008536, 44.97745299978716], [-93.07297499986451, 44.97833599993235], [-93.07296999984166, 44.97884799979742], [-93.07301000002462, 44.97924099985644], [-93.07300300035192, 44.97934800000906], [-93.07299800032906, 44.98006499990016], [-93.0729880002833, 44.98014899995206], [-93.07301400022259, 44.98106299986905], [-93.0732269997596, 44.981061000218844], [-93.07321800043708, 44.981505999781525], [-93.07305699988028, 44.981500999741385], [-93.07306600010111, 44.98177100001495], [-93.0729880002833, 44.98189299991448], [-93.07299300030618, 44.98287100015357], [-93.073247999676, 44.982870000042276], [-93.07360400022647, 44.98286799981973], [-93.0736140002722, 44.98360599969814], [-93.07302699974306, 44.98361000009177], [-93.07294999975015, 44.98368499979547], [-93.07297400003962, 44.984580000252265], [-93.07296200034405, 44.98467400020642], [-93.07362199976981, 44.98466799972729], [-93.07361300044728, 44.98472000004674], [-93.07361300044728, 44.98557300009292], [-93.0736150000971, 44.9857060002069], [-93.0736269997927, 44.98647900019738], [-93.07526499955985, 44.98646600020312], [-93.07401000010732, 44.98739799974589], [-93.07363799966332, 44.98739000012244], [-93.07363900038656, 44.98776899972095], [-93.07310000043631, 44.9883050002479], [-93.07208399956177, 44.989201999732636], [-93.07365799975483, 44.98920399973423], [-93.0736639996026, 44.990100999762355], [-93.0731010002612, 44.99010499970274], [-93.0731010002612, 44.99020300006016], [-93.07311100030697, 44.99054299974183], [-93.07307199994891, 44.99059999969661], [-93.07307199994891, 44.990931999800004], [-93.07307000029907, 44.9910270001072], [-93.07306799975095, 44.99109899973355], [-93.07354300012709, 44.99110300023955], [-93.0735570003708, 44.991446000185064], [-93.07329299988184, 44.99147099985632], [-93.07330799995046, 44.99181999987175], [-93.07354700032505, 44.991805999862905], [-93.07366699997566, 44.991825000282496], [-93.0738179995884, 44.991848999833834], [-93.07433200032261, 44.991848999833834], [-93.0743249997516, 44.991510000236595], [-93.07557400025465, 44.991496000151976], [-93.07556000001094, 44.991827000192565], [-93.07562399958505, 44.99191799983799], [-93.07620799974116, 44.991914999977595], [-93.07661600017015, 44.991909000256456], [-93.07674699969141, 44.99146500008869], [-93.07868099973457, 44.99142600031311], [-93.07883999974322, 44.99116899997181], [-93.08116999962152, 44.99095099987403], [-93.08148199979105, 44.99130900019189], [-93.08051100002066, 44.991861999877806], [-93.08249000026967, 44.99183799969661], [-93.08326799969622, 44.99182800014755], [-93.08374200024747, 44.99182299973706], [-93.08483500021659, 44.991808999728946], [-93.0850050000959, 44.99180699981825], [-93.08629200023377, 44.99179099989498], [-93.08640799968643, 44.991682000179765], [-93.08693099974316, 44.99168699996725], [-93.08692300024556, 44.99116100023934], [-93.08756299957982, 44.991167000038786], [-93.08761000033381, 44.99064799981517], [-93.08838399956238, 44.99065500027909], [-93.08907900004657, 44.99066000015617], [-93.08912099987936, 44.99066100013156], [-93.08916100006233, 44.99066100013156], [-93.08932300044405, 44.99066300008219], [-93.08935900042904, 44.99066300008219], [-93.08932599991877, 44.990043999946636], [-93.08921600031393, 44.98777799995256], [-93.08914699981862, 44.986340999717356], [-93.0891300001002, 44.98556699970784], [-93.08909300029026, 44.98455099978917], [-93.08905899995509, 44.98397900025492], [-93.08902899981786, 44.98324399977399], [-93.08902600034313, 44.983204000017736], [-93.08892300041096, 44.98100400030947], [-93.08890999999217, 44.98064500029128], [-93.08881000043306, 44.977265000192574], [-93.08880500041019, 44.97710899977712], [-93.08880200003713, 44.977042000164985], [-93.08879000034158, 44.97675499997306], [-93.08877699992279, 44.97454899974197], [-93.08876500022721, 44.972563000075475], [-93.08875299963333, 44.97230599968667], [-93.08882899980131, 44.97111199979658], [-93.08885300009077, 44.970221000154034], [-93.08885300009077, 44.970027000259925], [-93.08887499983207, 44.96935800020484], [-93.08887999985494, 44.96914300019944], [-93.08889200044882, 44.96874600004906], [-93.0888980002966, 44.968520000128855], [-93.08890900016725, 44.96814999988958], [-93.08895900039597, 44.967965000145995], [-93.08918199997873, 44.96715500004948], [-93.08928800028394, 44.96678999995547], [-93.08930199962934, 44.966737000142246], [-93.08932199972081, 44.96666400003154], [-93.08937899962223, 44.96645200001917], [-93.09001100035722, 44.964735000238555], [-93.09045599969782, 44.96353500022184], [-93.0904959998808, 44.96354200018296], [-93.09070500011816, 44.96357000001889], [-93.09094399959446, 44.9636030001712], [-93.09139499968116, 44.963673000296644], [-93.0920380002868, 44.963760000269886], [-93.09235700012903, 44.963787999999404], [-93.09272200000201, 44.96380899978763], [-93.0930230003009, 44.96380899978763], [-93.09337099955712, 44.96381300029121], [-93.09388699994116, 44.963738999828166], [-93.09446600007438, 44.963640000184604], [-93.09537599974541, 44.96342699998703], [-93.0959380001602, 44.96329999985097], [-93.09637900020117, 44.96322599999745], [-93.097915999686, 44.96319300026384], [-93.09791700040921, 44.962949000084734], [-93.097915999686, 44.96196200028253], [-93.0979240000819, 44.96193299982098], [-93.09793599977746, 44.961887999974394], [-93.0980780000677, 44.96136600019154], [-93.09813999999197, 44.9611370002346], [-93.09823100022857, 44.9608009997648], [-93.09826499966545, 44.960671999810806], [-93.09833099978768, 44.96043099995244], [-93.0986010001244, 44.95943499982624], [-93.09880699998874, 44.95867900027333]]]}, "properties": {"ZCTA5": "55130", "district_id": 55130, "zip_code": "55130"}, "id": 55130}, {"type": "Feature", "geometry": {"type": "Polygon", "coordinates": [[[-93.32868900014559, 44.97013599984223], [-93.32869099979543, 44.97001999981907], [-93.32763700018435, 44.970040999868026], [-93.32653499999441, 44.97007400011105], [-93.32554699960724, 44.970087000008995], [-93.32456099976825, 44.970087000008995], [-93.32191899972042, 44.97011600016176], [-93.32186400036716, 44.96997499996061], [-93.32168500026701, 44.9699790000342], [-93.32058399990197, 44.96997000018598], [-93.32044400015988, 44.96997000018598], [-93.31853699988089, 44.96997000018598], [-93.31852699983514, 44.969321999778245], [-93.31852699983514, 44.9692990000412], [-93.31852699983514, 44.968375999996496], [-93.31852699983514, 44.96814400022328], [-93.31852699983514, 44.96808099987635], [-93.31866699957725, 44.96804099971092], [-93.3188619995709, 44.9680309998241], [-93.31921100044866, 44.96801300015052], [-93.31921499974831, 44.96743299973658], [-93.31913899958035, 44.96744900010279], [-93.31899499964028, 44.9674810001863], [-93.31882499976098, 44.96720800011207], [-93.31858299991164, 44.966820000259766], [-93.31833799968926, 44.96632500022405], [-93.31853500023108, 44.96630499985037], [-93.31878299992817, 44.96628700027075], [-93.32304400037494, 44.96598400014394], [-93.32334899997345, 44.96596899977514], [-93.32364699989928, 44.96594599996476], [-93.32404299973439, 44.9659040000385], [-93.3239309995814, 44.965825000230055], [-93.3236989997778, 44.9656700002495], [-93.32368700008224, 44.96568700024731], [-93.32357400010434, 44.96576999997732], [-93.32311799999475, 44.965834000093004], [-93.32209199997278, 44.96579200008475], [-93.32164099988609, 44.965820000093686], [-93.3213680000746, 44.96582399982143], [-93.32122599978437, 44.96582800018451], [-93.32010000020331, 44.965797999997], [-93.31973799980504, 44.96570899975096], [-93.31956000042813, 44.965565999966245], [-93.31930799963474, 44.96500200001115], [-93.31919499965683, 44.96490900001001], [-93.31898999961743, 44.964855999730034], [-93.3188180000883, 44.96486199974019], [-93.31862300009462, 44.96496099981736], [-93.3185939997823, 44.96499999980084], [-93.31857600023895, 44.965126999987014], [-93.31857000039118, 44.965294000094175], [-93.31840499963641, 44.965364999844006], [-93.31813299964985, 44.965317999947786], [-93.31758799985181, 44.96538499990983], [-93.31728800027616, 44.96513099976308], [-93.31672599986136, 44.96461000004408], [-93.31658199992131, 44.96443099974388], [-93.31645499969972, 44.96405199968316], [-93.31636099998839, 44.9639899997318], [-93.31580799979442, 44.96399999968746], [-93.31576599996163, 44.963987000316784], [-93.31562500039465, 44.96384400005313], [-93.31565700018169, 44.963797999990334], [-93.31570700041041, 44.96367100004001], [-93.31583000043405, 44.963437000040834], [-93.31626399990401, 44.96299999993964], [-93.31633199967608, 44.96285199999878], [-93.31654599993631, 44.962383000159356], [-93.31692300040316, 44.962034000181525], [-93.31704200022887, 44.96187699980878], [-93.31715299965862, 44.96185999995314], [-93.31747800024695, 44.96173999970735], [-93.31801200017435, 44.96161000011133], [-93.31837100019953, 44.961568000188635], [-93.31842100042826, 44.96153000026238], [-93.31845900006309, 44.96135199973741], [-93.31844700036753, 44.961260000028076], [-93.31836700000159, 44.96107600016688], [-93.31814699989354, 44.96078000014682], [-93.31811099990854, 44.96070299999871], [-93.31775400043148, 44.960308000288656], [-93.31732199971304, 44.960108000050155], [-93.31718899964363, 44.95995100012776], [-93.3172050004355, 44.9596569997856], [-93.31737899961445, 44.95920300012482], [-93.31521299976768, 44.95917799973113], [-93.31523100020934, 44.95909099980167], [-93.31535300040807, 44.95800800026952], [-93.31539199986783, 44.957714000142175], [-93.3154680000358, 44.957427999770715], [-93.31558199983861, 44.95714600021362], [-93.31571999993088, 44.95686699969369], [-93.31588700033547, 44.95660000020199], [-93.31608599962878, 44.956344999999004], [-93.31626700027705, 44.95615200015898], [-93.31631499995764, 44.956099999995544], [-93.3164599997226, 44.95596599991959], [-93.3165660000278, 44.95586800015926], [-93.31665999973913, 44.955796000150876], [-93.31678299976278, 44.955701999898025], [-93.31663499962477, 44.95560299973575], [-93.31616699981963, 44.95529000019241], [-93.31395999996498, 44.95476600020633], [-93.3124550002672, 44.95464599974485], [-93.31236400003061, 44.95464800031614], [-93.31212800002906, 44.95465200018712], [-93.31209200004405, 44.95455699999806], [-93.31204000016551, 44.95435500011064], [-93.31188799982955, 44.95394800017001], [-93.31183000010321, 44.95375999981325], [-93.31181000001175, 44.95353299998865], [-93.31179699959296, 44.953260000290214], [-93.31181699968444, 44.953149999797844], [-93.3118560000425, 44.952962000005535], [-93.31186199989027, 44.95281300023649], [-93.3118560000425, 44.95268900013378], [-93.3118560000425, 44.95259899989144], [-93.31183599995101, 44.95247499996211], [-93.31181000001175, 44.952385000019866], [-93.31175800013321, 44.95228099981198], [-93.31159900012455, 44.952157999842456], [-93.31148699997156, 44.95208600026515], [-93.31135899992505, 44.952032000205044], [-93.31121400016008, 44.95199300030664], [-93.31052200004895, 44.951835999795414], [-93.30981400004428, 44.95169399978113], [-93.30912799978094, 44.951545999920604], [-93.30844099969269, 44.951416000114875], [-93.30761700023538, 44.95127899982978], [-93.30679299987978, 44.9511599997344], [-93.3061810001346, 44.95108400005722], [-93.30599600018667, 44.95106100000126], [-93.30596199985148, 44.95105699987999], [-93.30579000032233, 44.951044000119786], [-93.30576400038308, 44.95104200005862], [-93.30559699997849, 44.951043000089186], [-93.30554199972691, 44.95105000030291], [-93.30538899956602, 44.95107100030312], [-93.30512199960233, 44.9511379997378], [-93.30496199976878, 44.951199000198855], [-93.30459600007087, 44.95135899998496], [-93.3042450004416, 44.95153799974545], [-93.30390899998261, 44.95173599993834], [-93.3036040003841, 44.95195399974599], [-93.30337500005524, 44.952128000135495], [-93.30271899992913, 44.952624999975946], [-93.30259699973037, 44.95272800019496], [-93.30246700003404, 44.95287300019001], [-93.30240599993466, 44.952957000019566], [-93.30229899980455, 44.95313999985822], [-93.30222299963656, 44.95332699971242], [-93.3021620004355, 44.953522000128366], [-93.30209399976515, 44.953693000260884], [-93.30199400020602, 44.95385400006862], [-93.30186500033459, 44.95401000016612], [-93.30172700024234, 44.95415500010065], [-93.30167399964057, 44.95420800009488], [-93.30162799960982, 44.954265999912586], [-93.30136900004203, 44.95475799984436], [-93.3013310004072, 44.95483800023566], [-93.30131499961536, 44.95492199973183], [-93.30130799994267, 44.95506699990482], [-93.3013310004072, 44.955211999711445], [-93.30138400011066, 44.95535299996559], [-93.30146000027864, 44.95548600024843], [-93.30156700040877, 44.955611999930966], [-93.30168899970919, 44.95571499987455], [-93.30183400037245, 44.955807000211], [-93.30198699963502, 44.95587900020559], [-93.3021620004355, 44.95594000007732], [-93.30233800016259, 44.955982000305646], [-93.30266600022566, 44.95606200026194], [-93.30298599989281, 44.956165000033565], [-93.30328399981865, 44.95628699973983], [-93.30342100008599, 44.95636699990663], [-93.3035280002161, 44.95646699995833], [-93.30361199988168, 44.95657300007708], [-93.30366499958515, 44.956691999755265], [-93.30367999965375, 44.95681400024813], [-93.3036960004456, 44.95702000008528], [-93.30367299998106, 44.95723000014546], [-93.30362699995031, 44.95743599976049], [-93.30354300028472, 44.95763399994631], [-93.30231499969807, 44.95713399985006], [-93.30059099971717, 44.9564350000879], [-93.29974899981822, 44.95609299976213], [-93.29838600041067, 44.955540000237086], [-93.29822499985389, 44.95554400004584], [-93.29678899975308, 44.95554300009366], [-93.29568499991329, 44.9555420001415], [-93.29441100019422, 44.955540000237086], [-93.29315199964542, 44.955540000237086], [-93.29186200003281, 44.95553900028483], [-93.29059599981132, 44.955537999696894], [-93.28932200009223, 44.9555369997446], [-93.28803999997722, 44.955535999792296], [-93.28676600025811, 44.955535999792296], [-93.28550000003665, 44.955540000237086], [-93.28422499959433, 44.955535999792296], [-93.28360799982627, 44.955537999696894], [-93.28360799982627, 44.95702000008528], [-93.28409400007307, 44.95701499981717], [-93.28410099974576, 44.95723399983647], [-93.28421799992162, 44.957320000117626], [-93.2842160002718, 44.95754600030121], [-93.28359600013069, 44.95756099969403], [-93.28356599999347, 44.95911399981779], [-93.28355900032076, 44.95920400001318], [-93.2835540002979, 44.960798000183054], [-93.28356000014568, 44.96090799999929], [-93.28370400008572, 44.96090899985799], [-93.28424100038616, 44.960911000210935], [-93.28425599955646, 44.962702999848666], [-93.28418399958645, 44.96282099970083], [-93.28418600013457, 44.963017999914996], [-93.28418699995949, 44.96319199980938], [-93.28537899966281, 44.963116999996345], [-93.28607900016986, 44.96309200003687], [-93.28704599974229, 44.96308500002083], [-93.28755299990549, 44.96315299986801], [-93.28754700005771, 44.96296899972165], [-93.28754200003485, 44.96281800022469], [-93.28782400006715, 44.96281800022469], [-93.28800200034237, 44.96269999973079], [-93.28910299980912, 44.962702999848666], [-93.28926799966555, 44.96270400031171], [-93.28935200022946, 44.96270400031171], [-93.28935700025234, 44.963004999686184], [-93.28947600007801, 44.96299800029515], [-93.29003299957161, 44.962984000239295], [-93.29005199983818, 44.96283099986026], [-93.2904329996047, 44.96283600025717], [-93.29053300006213, 44.96283199968545], [-93.29066600013152, 44.96282699992382], [-93.29066600013152, 44.96304100026375], [-93.2909320002703, 44.96304999992789], [-93.29112300006601, 44.96282699992382], [-93.29134900002182, 44.962702999848666], [-93.29155599971105, 44.962702999848666], [-93.29181699982696, 44.96270800025673], [-93.29180900032935, 44.96272599968807], [-93.29180799960614, 44.96291300008506], [-93.29180699978122, 44.96339299991809], [-93.29243100012027, 44.963398000266004], [-93.29242699992231, 44.962816999763646], [-93.2925030000903, 44.96270800025673], [-93.29279699981818, 44.96270800025673], [-93.29307600037575, 44.96270800025673], [-93.29435699976753, 44.962710999738604], [-93.29563100038493, 44.962714999683136], [-93.29689800043133, 44.962714999683136], [-93.29810900040124, 44.96272300020698], [-93.29817200015043, 44.962719000263014], [-93.29946099993815, 44.96272300020698], [-93.30070500041832, 44.96272599968807], [-93.3011549997818, 44.96272700015071], [-93.30196400006879, 44.96272899980464], [-93.3024219998282, 44.96273000026718], [-93.30252099956239, 44.962746000038365], [-93.30260500012629, 44.962775999915124], [-93.30268100029427, 44.96282200016176], [-93.30302400042596, 44.963158000236795], [-93.303084999627, 44.96319599972037], [-93.3031619996199, 44.96322299990686], [-93.30329200021455, 44.96328400023429], [-93.3032460001838, 44.96444299985251], [-93.3032460001838, 44.96543499972617], [-93.3032529998565, 44.96642299992054], [-93.30452699957559, 44.96642299992054], [-93.30454300036745, 44.96797900025743], [-93.30456000008586, 44.96808500008203], [-93.30470800022387, 44.96819299980977], [-93.30470499985081, 44.96910399985492], [-93.30421699995419, 44.96927999978167], [-93.30393800029493, 44.969433999830684], [-93.304154000205, 44.96945000027428], [-93.30459600007087, 44.96948100016768], [-93.30413099974048, 44.96959400025249], [-93.30374099975313, 44.96968899969596], [-93.3026279996925, 44.96995900029902], [-93.30248999960025, 44.96998999991737], [-93.3023449998353, 44.97000099979838], [-93.30210899983375, 44.97000499987016], [-93.30190999964212, 44.97001599974835], [-93.30171999967132, 44.97004299990255], [-93.30152899987561, 44.970084999976], [-93.3009869995523, 44.97026100007024], [-93.30046100002085, 44.97045899984845], [-93.29994999965969, 44.97067600001756], [-93.29945400026544, 44.970917000054385], [-93.29898100043744, 44.97117200031717], [-93.29817999964803, 44.971652999987036], [-93.29531699966728, 44.973473999981096], [-93.29440299979828, 44.974056000210346], [-93.29023000011341, 44.97620000024335], [-93.28807099993935, 44.97735900006694], [-93.28807299958918, 44.97722000029959], [-93.28803800032739, 44.97605599969341], [-93.28803699960417, 44.97582300024859], [-93.28803699960417, 44.97570999972693], [-93.28803699960417, 44.97545699978737], [-93.28804900019806, 44.97509100016752], [-93.28783400011288, 44.975117999839036], [-93.28755899975327, 44.97515000009227], [-93.28733899964524, 44.97515699990701], [-93.28654100012723, 44.975202000147966], [-93.28619700017065, 44.97524699971813], [-93.28595100012335, 44.975264000054956], [-93.28576199997745, 44.97527899989943], [-93.2855829998773, 44.975293000131956], [-93.2855829998773, 44.97597099976836], [-93.2841950003554, 44.97596400005302], [-93.28418699995949, 44.9769399999602], [-93.2818019998296, 44.97693299972768], [-93.28160799966085, 44.97697799984585], [-93.28157900024685, 44.97789699983051], [-93.2815330002161, 44.9789300000014], [-93.28125899968138, 44.97898899978886], [-93.28108999962699, 44.979026000044676], [-93.28099599991567, 44.97905900020116], [-93.28089299998351, 44.979103999921776], [-93.28074900004346, 44.97920300019958], [-93.28021400029115, 44.97964300000145], [-93.27974200028805, 44.98002899984025], [-93.27960300037088, 44.98014300027014], [-93.2795060002865, 44.98023100020169], [-93.27876999979443, 44.980721000210096], [-93.2786479995957, 44.98075500017462], [-93.27891200008466, 44.98097499994364], [-93.2794019996311, 44.98138399969391], [-93.27957700043162, 44.98152899970646], [-93.27968799986138, 44.98161599991923], [-93.28026399962155, 44.98205500014021], [-93.2803570004063, 44.98211000002648], [-93.28058599983683, 44.98214300031415], [-93.28164399964587, 44.98289900008497], [-93.28295800044623, 44.983835000179354], [-93.2834349995739, 44.98417199988154], [-93.2838220000865, 44.984444999899765], [-93.28519299988997, 44.985343000132495], [-93.28553000017386, 44.98557400015701], [-93.28553000017386, 44.985312999986775], [-93.28553000017386, 44.9846890001308], [-93.28553000017386, 44.984456000185155], [-93.28533199980714, 44.984218000124635], [-93.28617700007915, 44.9842260001908], [-93.28748699978325, 44.98424100023235], [-93.28779499975484, 44.984255000182905], [-93.28796399980924, 44.98424700012079], [-93.28813500041177, 44.984246000033544], [-93.2883069999409, 44.984243999858954], [-93.2886299999811, 44.98424199968429], [-93.29062400029872, 44.984255000182905], [-93.29107899968507, 44.98425899989585], [-93.29101500011096, 44.984131000048144], [-93.29089600028529, 44.983855000158556], [-93.29085299972925, 44.9837280001405], [-93.29084600005658, 44.98364400024918], [-93.29083799966067, 44.98316699991654], [-93.29112200024109, 44.98316499970431], [-93.2913630002655, 44.98313400021829], [-93.29154900003836, 44.98312800021334], [-93.29176199957537, 44.98314000022258], [-93.29199799957694, 44.98316800002261], [-93.29221699986005, 44.983177999811744], [-93.29252499983163, 44.98317500012933], [-93.29272900004612, 44.983146000226284], [-93.29296199967462, 44.983130999898215], [-93.29313099972903, 44.98316499970431], [-93.29329499976056, 44.98320000023119], [-93.2934100002866, 44.983188000234506], [-93.29346999966273, 44.98318100012938], [-93.29364999958779, 44.98304000028057], [-93.29370900003734, 44.98306700002157], [-93.29376199974078, 44.983098000179254], [-93.29381600016745, 44.98313599979621], [-93.29386100037331, 44.983170000234736], [-93.29390700040406, 44.98321700011629], [-93.29395000006176, 44.98326999995005], [-93.29396299958223, 44.983291000230274], [-93.29398000019899, 44.983316999749626], [-93.29401299981095, 44.98336699981855], [-93.29404299994818, 44.983421999716924], [-93.29405700019187, 44.98346799992646], [-93.2940649996895, 44.98352100016352], [-93.29407200026048, 44.98357700001313], [-93.29407499973523, 44.98363899976009], [-93.29406999971236, 44.98370300026893], [-93.2940589998417, 44.98376599997531], [-93.29404600032125, 44.983830999801484], [-93.29403200007752, 44.98389700028274], [-93.29401799983383, 44.98396099986816], [-93.29400600013827, 44.984013000193485], [-93.29397500017612, 44.98407000028821], [-93.29394199966583, 44.98412699969088], [-93.29391800027472, 44.984271999755165], [-93.2941700001698, 44.984269000130034], [-93.29435199974466, 44.98427100030371], [-93.29556100006475, 44.98429399975478], [-93.29819499971664, 44.984262000156896], [-93.29819499971664, 44.98447100016653], [-93.30059800028819, 44.984511000309524], [-93.30168899970919, 44.98450300028313], [-93.30323799978787, 44.984487000227084], [-93.30451200040528, 44.984511000309524], [-93.30577899955337, 44.98454299976841], [-93.30702899988134, 44.98450300028313], [-93.30828800043014, 44.984511000309524], [-93.30967199975407, 44.98455299995305], [-93.3103639998652, 44.98455099978917], [-93.31105500015143, 44.984534999746536], [-93.31169700003385, 44.98450000003469], [-93.31211100031062, 44.98447100016653], [-93.3123349997183, 44.98444800015108], [-93.31337699963379, 44.98431400020919], [-93.31345000032704, 44.984303999982856], [-93.31468800006112, 44.98414399993649], [-93.3158339997337, 44.984030999928564], [-93.3161009996974, 44.984018000014544], [-93.31640100017135, 44.984018000014544], [-93.31656199982984, 44.984022999835226], [-93.31674599995286, 44.98402700019972], [-93.3169319997257, 44.984018000014544], [-93.31745300013259, 44.98400899982803], [-93.31796799979342, 44.984022999835226], [-93.31841999970501, 44.98404800020264], [-93.31846800028393, 44.98405099983934], [-93.31846900010882, 44.983936000098154], [-93.31846800028393, 44.983116000201576], [-93.31846900010882, 44.98173700001757], [-93.31850400026892, 44.980747000259555], [-93.31852000016247, 44.978946999881735], [-93.31852400036041, 44.97782999986817], [-93.3184950000481, 44.97764999995163], [-93.31847099975865, 44.97756700025512], [-93.3184259995528, 44.97743799987594], [-93.31837200002445, 44.977298000091636], [-93.31836700000159, 44.977241000254054], [-93.31838100024528, 44.977192999711406], [-93.3183960003139, 44.97717299995005], [-93.31840700018455, 44.97715799996558], [-93.31845300021531, 44.97715799996558], [-93.31852699983514, 44.97715799996558], [-93.31854500027681, 44.97715799996558], [-93.3186430001861, 44.97715799996558], [-93.32044599980972, 44.97715300018167], [-93.32167299967314, 44.9771789999427], [-93.32498300044095, 44.97718399972434], [-93.32593199957172, 44.97718600014524], [-93.32615000002993, 44.97718499993478], [-93.32776299968272, 44.97718799993059], [-93.3278380000258, 44.97717499973586], [-93.3278730001859, 44.977168999742744], [-93.32815600004312, 44.97714599997516], [-93.32844499974811, 44.97714199976596], [-93.32857199996972, 44.97714199976596], [-93.3286539999855, 44.97714199976596], [-93.32865999983328, 44.97451800004582], [-93.32867300025208, 44.97124699976744], [-93.32868699959747, 44.97026999987274], [-93.32868900014559, 44.97013599984223]]]}, "properties": {"ZCTA5": "55405", "district_id": 55405, "zip_code": "55405"}, "id": 55405}, {"type": "Feature", "geometry": {"type": "Polygon", "coordinates": [[[-93.28553000017386, 44.98633800020049], [-93.28553000017386, 44.98557400015701], [-93.28519299988997, 44.985343000132495], [-93.2838220000865, 44.984444999899765], [-93.28332900016702, 44.98446500030149], [-93.28316900033343, 44.98443799994811], [-93.28288300010317, 44.98434400024238], [-93.28264299990366, 44.98421200023317], [-93.28012399987948, 44.984244999946284], [-93.27961699971627, 44.98424100023235], [-93.27933499968395, 44.98444399981597], [-93.2789079998867, 44.984139000126405], [-93.27821400012576, 44.98364300015142], [-93.27745800044052, 44.98310500029447], [-93.27683300027654, 44.982657000090015], [-93.27649500016774, 44.98241400022516], [-93.27597799995878, 44.98204400002958], [-93.27557399972775, 44.98175700009322], [-93.27542200029009, 44.98164799972326], [-93.27532699985555, 44.98158099969614], [-93.2750640000898, 44.981393000292584], [-93.27485700040057, 44.98124400001307], [-93.27373500011913, 44.98043799998475], [-93.2737200000505, 44.98045299974657], [-93.27256000013422, 44.97961800025483], [-93.27252199960108, 44.97964499970112], [-93.27247200027068, 44.97968100000213], [-93.2714160001115, 44.98044199996395], [-93.27140100004287, 44.980452000228574], [-93.27137799957835, 44.98046900029309], [-93.26982000017712, 44.97980000004199], [-93.27058599990809, 44.97887999987545], [-93.27063000028902, 44.97882799997786], [-93.26925699993741, 44.97823299993086], [-93.2692059998838, 44.97829499973802], [-93.26845000019856, 44.979211999869754], [-93.26707500019714, 44.97862200028656], [-93.26782900023254, 44.97771100018788], [-93.26788299976091, 44.97764599977759], [-93.2665179998052, 44.977069999765824], [-93.26646500010176, 44.977132999770895], [-93.26570900041654, 44.97804299996095], [-93.26489299955854, 44.97901200008811], [-93.26407199957596, 44.979996000242046], [-93.26270300032063, 44.97941999969055], [-93.26134500003765, 44.97884799979742], [-93.25997199968603, 44.97826400016052], [-93.25860599990543, 44.977688000002225], [-93.2584560001176, 44.97787600011629], [-93.2579699998708, 44.97848900025931], [-93.2578009998164, 44.978702999994354], [-93.25743900031645, 44.978550000238464], [-93.25688799977233, 44.97831499974349], [-93.25640900009653, 44.97811099986868], [-93.25516200014162, 44.9775860003111], [-93.2551040004153, 44.977561000303076], [-93.2547379998191, 44.97740300027965], [-93.25367699963701, 44.97694400018348], [-93.25231500005438, 44.97636600029616], [-93.25191500002128, 44.97693500015729], [-93.25184399987617, 44.97706799997634], [-93.25179500037069, 44.97721900008976], [-93.2517819999519, 44.97730400007126], [-93.25176400040856, 44.977378999763424], [-93.25171500000475, 44.97746400014321], [-93.25160399967666, 44.97759299982843], [-93.25140700003317, 44.97778899994746], [-93.25148900004893, 44.97783200026653], [-93.25178299977682, 44.97801400000376], [-93.25202200015141, 44.97813600027237], [-93.25222999966556, 44.978215999838824], [-93.2525219997436, 44.97831400018818], [-93.25275199989737, 44.978354999733504], [-93.25298899972384, 44.978388999830194], [-93.25322700027354, 44.978411000181], [-93.2534640001, 44.978421999717845], [-93.25431299967164, 44.978429999957314], [-93.25447500005335, 44.97844299986751], [-93.25475000041297, 44.97847599972408], [-93.25501900002648, 44.978532000053406], [-93.25528099996731, 44.978607000045685], [-93.25553399968729, 44.978697999709766], [-93.25610600014782, 44.979008000009095], [-93.25683900026682, 44.97932700019081], [-93.25743500011849, 44.97959900023673], [-93.25792600038817, 44.97980800008923], [-93.25847399966095, 44.98005500020353], [-93.25817099971225, 44.98040799981381], [-93.25775399996073, 44.980973000290355], [-93.25764500018079, 44.98112800021821], [-93.2574069996311, 44.98146399981193], [-93.2571239997739, 44.981865000127165], [-93.25998500010482, 44.98304099975344], [-93.25824699988023, 44.9835850001687], [-93.25789600025095, 44.98370399973025], [-93.25756800018789, 44.98384499985215], [-93.25725600001836, 44.984013000193485], [-93.25697300016115, 44.984199999812915], [-93.25671399969505, 44.98440599979523], [-93.2566269996564, 44.98448899975781], [-93.25715499973602, 44.98471699980963], [-93.2577720004024, 44.98508000003586], [-93.25841900030768, 44.9855840001618], [-93.25887399969403, 44.98586599970589], [-93.25900799958835, 44.986003000002086], [-93.25929200016877, 44.986292999804036], [-93.2596179996837, 44.986892000238264], [-93.25982000024838, 44.98726300031162], [-93.2601249998469, 44.98763099980523], [-93.2602229997562, 44.98774899983666], [-93.26102600019541, 44.98900299986163], [-93.26138600004552, 44.98890199997568], [-93.26171199956045, 44.98941900013262], [-93.26206200026313, 44.989781999808294], [-93.26254900033484, 44.99006900022948], [-93.26332500011156, 44.99040700011117], [-93.26421200021635, 44.99066899993382], [-93.265024999803, 44.99081899983146], [-93.26585800037945, 44.9906830002204], [-93.26610000022878, 44.99064399991269], [-93.26652399965299, 44.990481999816616], [-93.26798700041628, 44.989660000179036], [-93.26764599993444, 44.98948599989398], [-93.26800099976167, 44.989652000235935], [-93.27034099968571, 44.99074599987948], [-93.27178500018243, 44.99167199996818], [-93.27364499970744, 44.99286400006178], [-93.27438600022238, 44.992635000074166], [-93.27519200013633, 44.99238600026983], [-93.27549000006216, 44.99229400015006], [-93.27576600024668, 44.99220900015676], [-93.27637499961882, 44.99202000007859], [-93.27751000031904, 44.99201299978139], [-93.27794600033714, 44.992009999926026], [-93.27820599972982, 44.992008000022345], [-93.27866100001448, 44.99200400021478], [-93.27884500013751, 44.99200300026287], [-93.27981799955772, 44.99199500001149], [-93.2814279997358, 44.991981999997705], [-93.28293900017967, 44.991968999980955], [-93.28292800030901, 44.99150099995568], [-93.28293199960865, 44.991075999836255], [-93.28289800017178, 44.99088199997632], [-93.28092899996852, 44.990902000038105], [-93.28059500005767, 44.99028699987014], [-93.28126500042748, 44.98982000007718], [-93.28180299965452, 44.98944400005275], [-93.28231099964263, 44.98909000016801], [-93.28287499970725, 44.98869700027632], [-93.28303100024117, 44.98858799975955], [-93.28323899975531, 44.988441999797594], [-93.28409599972288, 44.98784300031244], [-93.2852790001037, 44.98696199989642], [-93.28537899966281, 44.98685099980882], [-93.28546900007451, 44.986676999891415], [-93.28550900025748, 44.98653999993531], [-93.28553000017386, 44.98635499979042], [-93.28553000017386, 44.98633800020049]]]}, "properties": {"ZCTA5": "55401", "district_id": 55401, "zip_code": "55401"}, "id": 55401}, {"type": "Feature", "geometry": {"type": "Polygon", "coordinates": [[[-93.32061200038937, 44.98937500024675], [-93.32057200020641, 44.98936100027595], [-93.32032000031133, 44.98925399975108], [-93.32009099998247, 44.98913200026864], [-93.31987800044546, 44.988990999809], [-93.31968699975141, 44.98883400015976], [-93.31951900042026, 44.988662999939194], [-93.31937399975698, 44.988482999724376], [-93.31899999966316, 44.98795299972717], [-93.31854100007885, 44.9871010001896], [-93.31846800028393, 44.98696500001605], [-93.31846800028393, 44.98690700021759], [-93.31846800028393, 44.98669900023879], [-93.31846800028393, 44.9855340001204], [-93.31846900010882, 44.98518499995097], [-93.31846800028393, 44.984939999849836], [-93.31846800028393, 44.984879000315395], [-93.31846900010882, 44.984511000309524], [-93.31846900010882, 44.98444999968316], [-93.31846800028393, 44.98405099983934], [-93.31841999970501, 44.98404800020264], [-93.31796799979342, 44.984022999835226], [-93.31745300013259, 44.98400899982803], [-93.3169319997257, 44.984018000014544], [-93.31674599995286, 44.98402700019972], [-93.31656199982984, 44.984022999835226], [-93.31640100017135, 44.984018000014544], [-93.3161009996974, 44.984018000014544], [-93.3158339997337, 44.984030999928564], [-93.31468800006112, 44.98414399993649], [-93.31345000032704, 44.984303999982856], [-93.31337699963379, 44.98431400020919], [-93.3123349997183, 44.98444800015108], [-93.31211100031062, 44.98447100016653], [-93.31169700003385, 44.98450000003469], [-93.31105500015143, 44.984534999746536], [-93.3103639998652, 44.98455099978917], [-93.30967199975407, 44.98455299995305], [-93.30828800043014, 44.984511000309524], [-93.30702899988134, 44.98450300028313], [-93.30577899955337, 44.98454299976841], [-93.30451200040528, 44.984511000309524], [-93.30323799978787, 44.984487000227084], [-93.30168899970919, 44.98450300028313], [-93.30059800028819, 44.984511000309524], [-93.29819499971664, 44.98447100016653], [-93.29819499971664, 44.984262000156896], [-93.29556100006475, 44.98429399975478], [-93.29435199974466, 44.98427100030371], [-93.2941700001698, 44.984269000130034], [-93.29391800027472, 44.984271999755165], [-93.29394199966583, 44.98412699969088], [-93.29397500017612, 44.98407000028821], [-93.29400600013827, 44.984013000193485], [-93.29401799983383, 44.98396099986816], [-93.29403200007752, 44.98389700028274], [-93.29404600032125, 44.983830999801484], [-93.2940589998417, 44.98376599997531], [-93.29406999971236, 44.98370300026893], [-93.29407499973523, 44.98363899976009], [-93.29407200026048, 44.98357700001313], [-93.2940649996895, 44.98352100016352], [-93.29405700019187, 44.98346799992646], [-93.29404299994818, 44.983421999716924], [-93.29401299981095, 44.98336699981855], [-93.29398000019899, 44.983316999749626], [-93.29396299958223, 44.983291000230274], [-93.29395000006176, 44.98326999995005], [-93.29390700040406, 44.98321700011629], [-93.29386100037331, 44.983170000234736], [-93.29381600016745, 44.98313599979621], [-93.29376199974078, 44.983098000179254], [-93.29370900003734, 44.98306700002157], [-93.29364999958779, 44.98304000028057], [-93.29346999966273, 44.98318100012938], [-93.2934100002866, 44.983188000234506], [-93.29329499976056, 44.98320000023119], [-93.29313099972903, 44.98316499970431], [-93.29296199967462, 44.983130999898215], [-93.29272900004612, 44.983146000226284], [-93.29252499983163, 44.98317500012933], [-93.29221699986005, 44.983177999811744], [-93.29199799957694, 44.98316800002261], [-93.29176199957537, 44.98314000022258], [-93.29154900003836, 44.98312800021334], [-93.2913630002655, 44.98313400021829], [-93.29112200024109, 44.98316499970431], [-93.29083799966067, 44.98316699991654], [-93.29084600005658, 44.98364400024918], [-93.29085299972925, 44.9837280001405], [-93.29089600028529, 44.983855000158556], [-93.29101500011096, 44.984131000048144], [-93.29107899968507, 44.98425899989585], [-93.29062400029872, 44.984255000182905], [-93.2886299999811, 44.98424199968429], [-93.2883069999409, 44.984243999858954], [-93.28813500041177, 44.984246000033544], [-93.28796399980924, 44.98424700012079], [-93.28779499975484, 44.984255000182905], [-93.28748699978325, 44.98424100023235], [-93.28617700007915, 44.9842260001908], [-93.28533199980714, 44.984218000124635], [-93.28553000017386, 44.984456000185155], [-93.28553000017386, 44.9846890001308], [-93.28553000017386, 44.985312999986775], [-93.28553000017386, 44.98557400015701], [-93.28553000017386, 44.98633800020049], [-93.28553000017386, 44.98635499979042], [-93.28550900025748, 44.98653999993531], [-93.28546900007451, 44.986676999891415], [-93.28537899966281, 44.98685099980882], [-93.2852790001037, 44.98696199989642], [-93.28409599972288, 44.98784300031244], [-93.28323899975531, 44.988441999797594], [-93.28303100024117, 44.98858799975955], [-93.28287499970725, 44.98869700027632], [-93.28231099964263, 44.98909000016801], [-93.28180299965452, 44.98944400005275], [-93.28126500042748, 44.98982000007718], [-93.28059500005767, 44.99028699987014], [-93.28092899996852, 44.990902000038105], [-93.28289800017178, 44.99088199997632], [-93.28293199960865, 44.991075999836255], [-93.28292800030901, 44.99150099995568], [-93.28293900017967, 44.991968999980955], [-93.2814279997358, 44.991981999997705], [-93.27981799955772, 44.99199500001149], [-93.27884500013751, 44.99200300026287], [-93.27866100001448, 44.99200400021478], [-93.27820599972982, 44.992008000022345], [-93.27794600033714, 44.992009999926026], [-93.27751000031904, 44.99201299978139], [-93.27637499961882, 44.99202000007859], [-93.27576600024668, 44.99220900015676], [-93.27549000006216, 44.99229400015006], [-93.27519200013633, 44.99238600026983], [-93.27438600022238, 44.992635000074166], [-93.27364499970744, 44.99286400006178], [-93.27567800038312, 44.996365000070554], [-93.2757679998965, 44.99652000030712], [-93.27543099961261, 44.99898799993009], [-93.27507900015843, 45.000774000164235], [-93.27472299960795, 45.00255900021878], [-93.27442399985722, 45.004410000280224], [-93.27442499968211, 45.00576499988767], [-93.27443599955276, 45.00594299975732], [-93.27488900018761, 45.01312599996899], [-93.27591000018673, 45.0131060000432], [-93.27622200035626, 45.01310000000062], [-93.277795999651, 45.013103000022014], [-93.27783199963602, 45.01311500010592], [-93.27872499958859, 45.01311500010592], [-93.27881300035045, 45.01311500010592], [-93.28068499957104, 45.01311500010592], [-93.28078500002846, 45.01311500010592], [-93.28183699998971, 45.01311300030382], [-93.2819209996553, 45.01311300030382], [-93.28238799963552, 45.01311500010592], [-93.2827590002546, 45.01311500010592], [-93.28335599993119, 45.01311500010592], [-93.28344700016777, 45.013110999866576], [-93.28488900011637, 45.013110999866576], [-93.28496600010925, 45.013110999866576], [-93.28642300012645, 45.013110999866576], [-93.28649099989852, 45.013110999866576], [-93.28800999984, 45.013110999866576], [-93.28927600006148, 45.01311899971001], [-93.28980999998886, 45.0131229999488], [-93.29053499971194, 45.01312599996899], [-93.29162600003124, 45.01313000020734], [-93.29178599986483, 45.01313399981034], [-93.29305999958392, 45.01314100006753], [-93.29305299991123, 45.01315900018054], [-93.29305299991123, 45.013466999756204], [-93.29318699980551, 45.013466999756204], [-93.29373199960357, 45.01348100018827], [-93.29420000030701, 45.01348100018827], [-93.29431300028492, 45.013485999978855], [-93.29444700017923, 45.01349199998105], [-93.2944510003772, 45.01389800014861], [-93.29546800017833, 45.01390899986128], [-93.29546800017833, 45.01349199998105], [-93.29557899960808, 45.01349199998105], [-93.29570099980684, 45.01349199998105], [-93.29574900038571, 45.01348899998003], [-93.29586300018855, 45.013430000140076], [-93.29593299961041, 45.013496000193825], [-93.29619799992429, 45.013496000193825], [-93.29624999980282, 45.01349199998105], [-93.29623899993216, 45.01325300025552], [-93.2962969996585, 45.01315900018054], [-93.29684400000467, 45.01316099998104], [-93.29808400028689, 45.01317199983527], [-93.29811100005107, 45.013168000234934], [-93.29936200020394, 45.01317600007041], [-93.29938499977015, 45.01318000030527], [-93.30063599992303, 45.013185000122135], [-93.30191800003804, 45.013194999754596], [-93.30318500008444, 45.01320300022132], [-93.30444299991, 45.013214000067485], [-93.30570199956047, 45.013221999896544], [-93.30697600017788, 45.01323299973906], [-93.30823499982837, 45.01324100020049], [-93.30950900044577, 45.013244999795724], [-93.31076800009625, 45.013244999795724], [-93.31204199981532, 45.01324799980953], [-93.31204400036347, 45.01366099999539], [-93.31218199955742, 45.01365699979413], [-93.31268399969774, 45.01365999978629], [-93.31273999977427, 45.01365699979413], [-93.31322799967087, 45.01365699979413], [-93.31333999982388, 45.01360299990762], [-93.31333899999896, 45.013249000025766], [-93.31459799964944, 45.01325200003935], [-93.31587999976445, 45.01325200003935], [-93.31649700043083, 45.01325200003935], [-93.31726399998671, 45.013265999888915], [-93.3174599998053, 45.013206999819225], [-93.3176770004386, 45.01320099978722], [-93.3179960002808, 45.013206999819225], [-93.31840700018455, 45.01322999972448], [-93.31849400022318, 45.01324600001207], [-93.31849900024606, 45.012868999787685], [-93.31851299959145, 45.011704999705636], [-93.31851400031468, 45.011577000186406], [-93.31851400031468, 45.01149099997165], [-93.31851699978941, 45.01020500011468], [-93.31852000016247, 45.00964700012886], [-93.31852000016247, 45.00783899974817], [-93.31852000016247, 45.00604200004845], [-93.31852000016247, 45.00560000020319], [-93.31852699983514, 45.00455499984539], [-93.31852699983514, 45.00265099973829], [-93.31853400040616, 45.00182500021076], [-93.31856600019321, 45.00176500000724], [-93.3185999996301, 45.001741000162276], [-93.3185650003683, 45.001583999870036], [-93.3185300002082, 45.00143100020294], [-93.3184459996443, 45.001040999838615], [-93.31844800019243, 45.00063700023846], [-93.31845900006309, 44.99890599983176], [-93.31870000008752, 44.998938000147476], [-93.31917399974044, 44.99873799994538], [-93.31911400036431, 44.997949999863835], [-93.31929599993917, 44.99794599983579], [-93.31942800018365, 44.99784999971385], [-93.3194809998871, 44.99793900026241], [-93.3196280002002, 44.99794599983579], [-93.31963499987287, 44.997270999836005], [-93.31974799985079, 44.997259000244], [-93.31987000004953, 44.99724600015384], [-93.31986000000379, 44.99664299981534], [-93.32006699969301, 44.99637199983616], [-93.31999999974587, 44.996262000062586], [-93.31980099955423, 44.9958949999663], [-93.31963300022306, 44.99552200008237], [-93.31954199998648, 44.99522400016417], [-93.31945800032088, 44.99487699971784], [-93.31939700022153, 44.99452600007984], [-93.31935899968836, 44.994175000197764], [-93.31934399961976, 44.99382400007166], [-93.31926400015212, 44.99167000005271], [-93.31925999995416, 44.991558000228345], [-93.31958499964416, 44.99156000014768], [-93.31957100029878, 44.991517999920354], [-93.31948500008507, 44.99125400023697], [-93.31954700000934, 44.991280999921095], [-93.31952000024516, 44.991071999963694], [-93.31955200003222, 44.99102200026214], [-93.31961999980426, 44.99096100021141], [-93.31970900039104, 44.99090899983569], [-93.3199090004076, 44.99039099979707], [-93.31999899992095, 44.989999999905216], [-93.31998700022541, 44.98993700006149], [-93.32006800041624, 44.98991499968629], [-93.32012000029478, 44.98986900020286], [-93.32043300028923, 44.989493999860244], [-93.32061200038937, 44.98937500024675]]]}, "properties": {"ZCTA5": "55411", "district_id": 55411, "zip_code": "55411"}, "id": 55411}, {"type": "Feature", "geometry": {"type": "Polygon", "coordinates": [[[-93.24723099997526, 44.97128199994342], [-93.24723099997526, 44.971176000307274], [-93.2467399997056, 44.97116999968648], [-93.24639199955104, 44.97116500001603], [-93.24565900033035, 44.971157000034005], [-93.24566699982793, 44.97001999981907], [-93.24566699982793, 44.969771999990755], [-93.24566299962999, 44.969575000090686], [-93.2445169999574, 44.96908300009842], [-93.24423400010019, 44.968961999989816], [-93.24407099989358, 44.96889199996276], [-93.24406400022087, 44.97001300001287], [-93.24249300040087, 44.969996999726334], [-93.2424819996319, 44.96887899979395], [-93.2409040001392, 44.968871999848545], [-93.240905999789, 44.969188999789445], [-93.24088099967466, 44.969194000267706], [-93.23976900033726, 44.96955100011148], [-93.23931099967956, 44.96911999975501], [-93.23915900024191, 44.96937600009186], [-93.2387850001481, 44.96919599969622], [-93.23838799958976, 44.969043999713115], [-93.23796800036351, 44.968914000143876], [-93.23754099966791, 44.968810999743084], [-93.23693399994562, 44.96878400028], [-93.23629000041338, 44.968651000314836], [-93.23548100012637, 44.96853999973028], [-93.23467299966428, 44.968410000289836], [-93.23467299966428, 44.968576000012085], [-93.2343489997992, 44.96853200001763], [-93.23433100025584, 44.96851899976729], [-93.23410899959967, 44.96848700026286], [-93.2323290004406, 44.96810800030591], [-93.23163599960625, 44.96791200014733], [-93.23058899966787, 44.967661999984855], [-93.23042600035957, 44.967612000202955], [-93.22989200043217, 44.967486999921896], [-93.2297240002027, 44.96746499982902], [-93.2292039996207, 44.96729900006933], [-93.2291040000616, 44.966999000096735], [-93.22899299973349, 44.967116000259985], [-93.22890599969487, 44.96720599997869], [-93.22878299967122, 44.967190999929436], [-93.22835500004905, 44.96701900022848], [-93.22795099981799, 44.966784000146966], [-93.22765200006727, 44.966582999843475], [-93.22693200036704, 44.96606400013787], [-93.22678400022903, 44.9659090001675], [-93.22594999982768, 44.96630700001518], [-93.22573499974253, 44.966157999940464], [-93.22561300044212, 44.9662230000249], [-93.22482599989642, 44.966568000266896], [-93.22446000019852, 44.9666989998263], [-93.22425500015912, 44.96676800023084], [-93.22449199998557, 44.96693599976332], [-93.22455100043513, 44.9669910001692], [-93.22567299981826, 44.96780500026453], [-93.22710100042144, 44.96886299982664], [-93.22711899996479, 44.96971500029894], [-93.2271120002921, 44.96973300007393], [-93.2271120002921, 44.970215000068855], [-93.2271120002921, 44.97024499985287], [-93.2271120002921, 44.97132100007799], [-93.2271120002921, 44.97255700023532], [-93.22868800013498, 44.97255399999726], [-93.23026300015295, 44.97255700023532], [-93.23031099983352, 44.97348800001883], [-93.23031099983352, 44.9736639998383], [-93.23036699991003, 44.973963999903226], [-93.23034699981854, 44.97476899981011], [-93.2287030002036, 44.97473399985571], [-93.22869200033294, 44.97488799987654], [-93.22867800008925, 44.974937000056386], [-93.22865499962471, 44.974983999696725], [-93.22862399966256, 44.9750279998254], [-93.22858600002772, 44.975070000061166], [-93.22783899966501, 44.97601499977521], [-93.22879799973983, 44.97640200011407], [-93.23099200007401, 44.97728699970375], [-93.23242200032702, 44.97786400027618], [-93.23369600004611, 44.97838199977453], [-93.23491000038906, 44.97886700006433], [-93.23510000035986, 44.97894299979824], [-93.23435499964697, 44.97992500017566], [-93.232971000323, 44.97935799982899], [-93.2315899995755, 44.97879299995911], [-93.23021600029729, 44.97825499970615], [-93.22803299983377, 44.97740200007298], [-93.22710399989617, 44.97703900016157], [-93.22700599998689, 44.977168999742744], [-93.2269359996667, 44.97726399998354], [-93.22674800024403, 44.97749599972274], [-93.22637199960208, 44.97795900000093], [-93.22633700034028, 44.978012000247205], [-93.22627399969276, 44.97809000023284], [-93.22619400022516, 44.978221000165455], [-93.22614599964626, 44.97836299998236], [-93.22612700027801, 44.97851099993633], [-93.22613700032375, 44.97865699977424], [-93.22625299977638, 44.97865399985532], [-93.22636999995225, 44.97863900025827], [-93.22686700006972, 44.97854799986515], [-93.22687700011546, 44.97969000023271], [-93.2268949996588, 44.97980500023048], [-93.2269359996667, 44.97987299995492], [-93.22703299975107, 44.97994000007174], [-93.22710899991904, 44.97996999985207], [-93.22725700005705, 44.98000800027146], [-93.22804700007747, 44.98015599979197], [-93.22838299963813, 44.98020700023374], [-93.22900000030451, 44.980337000257634], [-93.22987300016561, 44.98050799989885], [-93.22937000020036, 44.980514999694925], [-93.22882799987707, 44.980498999796666], [-93.22860600011921, 44.9804829998939], [-93.22828700027698, 44.980460999702686], [-93.2269359996667, 44.98034299991925], [-93.22588299988053, 44.98024700017473], [-93.22517400005097, 44.98017500026087], [-93.22446400039648, 44.9800799997596], [-93.22376300006452, 44.9799650003134], [-93.22306799958034, 44.97983200022415], [-93.2223820002153, 44.97967500027123], [-93.22603000019363, 44.98168000014484], [-93.22613099957765, 44.981734999755446], [-93.22692899999399, 44.98217399970065], [-93.2270989998733, 44.98227000003101], [-93.2286529999749, 44.98279200020531], [-93.22988900005913, 44.98329199969878], [-93.23127099973327, 44.98385099978203], [-93.2320480002332, 44.98286799981973], [-93.23281899998705, 44.981895000171086], [-93.23362999992386, 44.980868999796414], [-93.23387099994828, 44.980564000149805], [-93.23424199966907, 44.98007500023053], [-93.23462499998371, 44.980035999694806], [-93.23620000000166, 44.97987299995492], [-93.23648799988176, 44.97950000000728], [-93.23708299990852, 44.97974400031564], [-93.23715999990141, 44.97977400019857], [-93.2378849996245, 44.980052999882716], [-93.2392999998089, 44.98059599990557], [-93.24067900000831, 44.98114399994093], [-93.2407149999933, 44.98115800001236], [-93.2417700003276, 44.98037099981444], [-93.24185900001605, 44.980341000243925], [-93.2419669999711, 44.98035099989068], [-93.24297000042684, 44.98074100000479], [-93.24336600026197, 44.980238000031584], [-93.24351299967675, 44.98005500020353], [-93.24361200030927, 44.979898000225795], [-93.2436929996018, 44.97973900012183], [-93.24376100027217, 44.979572000133345], [-93.24385300033369, 44.97930800007633], [-93.24400899996928, 44.97886400015639], [-93.24286599977145, 44.9784820002159], [-93.24123999969986, 44.97781200009259], [-93.24121200011078, 44.97779099971178], [-93.24101299991914, 44.97755299994231], [-93.24065200024413, 44.97736300026094], [-93.23962700004707, 44.97646700002813], [-93.23933699961883, 44.97550999980434], [-93.23926800002185, 44.97325700023045], [-93.23926399982389, 44.97313600003046], [-93.23935000003762, 44.97311800005242], [-93.24020899965502, 44.97296500001102], [-93.24138399963991, 44.972752999773355], [-93.24241300003492, 44.97256899991502], [-93.24370099999771, 44.97234299980619], [-93.24431699994088, 44.972233999969625], [-93.24464599982885, 44.972177999844796], [-93.24574299999593, 44.97199299974722], [-93.24593499961654, 44.971961000274405], [-93.24687299977496, 44.971787999955524], [-93.24723099997526, 44.97172200015184], [-93.24723099997526, 44.97128199994342]]]}, "properties": {"ZCTA5": "55455", "district_id": 55455, "zip_code": "55455"}, "id": 55455}, {"type": "Feature", "geometry": {"type": "Polygon", "coordinates": [[[-93.24297000042684, 44.955547999854325], [-93.24253000021079, 44.95474900015092], [-93.24246800028652, 44.95463800000183], [-93.24230599990481, 44.95434299979913], [-93.24189400017616, 44.95359299982516], [-93.24122700017938, 44.95244799980352], [-93.2408680001542, 44.95197700007983], [-93.24054699976382, 44.95157299986779], [-93.23943799990117, 44.950181999717074], [-93.23892499989019, 44.949538999859705], [-93.23818199972543, 44.94852999980494], [-93.23806500044788, 44.948371999916034], [-93.23834900013, 44.948371999916034], [-93.23873999994225, 44.948371999916034], [-93.23893699958575, 44.948371999916034], [-93.23890200032398, 44.94833099991806], [-93.23767899976016, 44.94656100015048], [-93.23757199963005, 44.94640600026229], [-93.23767100026258, 44.94632299985885], [-93.23803699996047, 44.94632799978696], [-93.23806100024991, 44.945224000131326], [-93.23827999963471, 44.945219000107066], [-93.23829399987841, 44.94486700022818], [-93.23828999968045, 44.944762999749734], [-93.2382849996576, 44.944648000065094], [-93.2385039999407, 44.94463900005794], [-93.23849399989497, 44.94455500013506], [-93.23848899987209, 44.94450799972343], [-93.23841699990207, 44.944503000272626], [-93.238305999574, 44.944495999896255], [-93.23824199999989, 44.94421300022471], [-93.23811099958031, 44.94420800011239], [-93.23810399990762, 44.943351000238586], [-93.23827299996202, 44.94335599978976], [-93.23826799993915, 44.94301600007156], [-93.2382710003122, 44.942943000299636], [-93.23827499961183, 44.94285199986168], [-93.23827499961183, 44.94262800002766], [-93.23809399986189, 44.94262999974617], [-93.23809899988474, 44.94188800019943], [-93.23828200018286, 44.94188800019943], [-93.23827999963471, 44.941455000188284], [-93.23832599966546, 44.94134399976235], [-93.23837300041946, 44.94123099999046], [-93.2383700000464, 44.94110300012089], [-93.23809399986189, 44.94109799973769], [-93.23808700018918, 44.93991099983371], [-93.23875099981292, 44.93991099983371], [-93.23874599979004, 44.93962299994015], [-93.23874599979004, 44.939544999786634], [-93.23874599979004, 44.939451000259716], [-93.23859600000219, 44.939451000259716], [-93.23859400035238, 44.93912999974789], [-93.23807799996834, 44.93912299998813], [-93.23807999961817, 44.93821599991477], [-93.23808499964105, 44.9381500002778], [-93.2382849996576, 44.93815500028183], [-93.2382849996576, 44.93798300001924], [-93.23887700020961, 44.93793900009113], [-93.23887600038469, 44.93772900002752], [-93.23887399983656, 44.93682600003233], [-93.23887300001164, 44.93592499977886], [-93.23719000003865, 44.93592499977886], [-93.23719000003865, 44.934113000029214], [-93.23781000017975, 44.93411399971882], [-93.23845700008503, 44.93411599973391], [-93.23833700043444, 44.93402099989534], [-93.23833700043444, 44.93381799990111], [-93.23787999960165, 44.93381799990111], [-93.23781199982957, 44.933807000078296], [-93.23782299970023, 44.93230999973767], [-93.2378350002941, 44.930514000252685], [-93.23784699998967, 44.92870099979815], [-93.23784899963948, 44.92691200000907], [-93.23766500041478, 44.92684200019999], [-93.23771700029332, 44.92555700008828], [-93.23834999995492, 44.925561999916745], [-93.23834999995492, 44.925195000157466], [-93.23846399975773, 44.92510599990594], [-93.23719800043457, 44.92510199988425], [-93.2371740001451, 44.925094999686586], [-93.23595399995439, 44.925091000300185], [-93.23466500016667, 44.92508700027746], [-93.23340700034112, 44.92508400010119], [-93.2334270004326, 44.92359999971966], [-93.2334209996865, 44.92349500028066], [-93.23340399996806, 44.9234290002625], [-93.23335499956424, 44.9233640000452], [-93.23330900043182, 44.92332700014307], [-93.23325300035532, 44.923301000146004], [-93.23318399986003, 44.9232950002429], [-93.23210099993666, 44.923286000069005], [-93.23210099993666, 44.921482000281], [-93.23217799992955, 44.91969600002742], [-93.23218499960224, 44.91826899973676], [-93.23218399977733, 44.91803199982195], [-93.23319399990578, 44.918045000060026], [-93.23329199981507, 44.91803399976092], [-93.23335499956424, 44.91801499970192], [-93.23338399987658, 44.91799700024288], [-93.23339899994518, 44.91798699990487], [-93.23341999986158, 44.9179489997495], [-93.23342900008241, 44.917896999964924], [-93.23346400024253, 44.9164049997036], [-93.23221100043983, 44.916421000302435], [-93.23094100002038, 44.91640999969242], [-93.2296609995552, 44.916412999685534], [-93.22834599982822, 44.91638899973647], [-93.22705799986542, 44.91639699972056], [-93.22705799986542, 44.916428000284725], [-93.2256550002749, 44.91642000030494], [-93.22421300032632, 44.916411999687845], [-93.2228469996474, 44.916400999712245], [-93.22151400037708, 44.91643600026345], [-93.22026700042217, 44.91646200018658], [-93.2189819999341, 44.91643800025797], [-93.21773800035226, 44.91643800025797], [-93.2173769997789, 44.916415000316945], [-93.21717000008968, 44.91636999976966], [-93.21695300035469, 44.91630599983528], [-93.21684200002662, 44.91627599984152], [-93.2167929996228, 44.916261999839044], [-93.2164260001, 44.91630499983574], [-93.21639299958973, 44.91630499983574], [-93.21571800009535, 44.91630299983658], [-93.21557199960716, 44.91630299983658], [-93.21524400044242, 44.91630799983432], [-93.21501599993847, 44.91631199983215], [-93.21480300040146, 44.91632699982163], [-93.21375200026513, 44.916458000199185], [-93.21323300040636, 44.916558999795946], [-93.21274799998446, 44.91673899990945], [-93.21248100002076, 44.91687099997357], [-93.2123000002708, 44.91706100024678], [-93.2121100003, 44.917276000099605], [-93.21192000032921, 44.91740800020241], [-93.21163900012182, 44.917540000001985], [-93.21134200002089, 44.91760599978806], [-93.21108599992785, 44.91760599978806], [-93.21072299970469, 44.91758099972383], [-93.21038299994606, 44.917615000215676], [-93.21013699989878, 44.91765599988396], [-93.20982300007941, 44.917796000175464], [-93.20950099986413, 44.917985999934565], [-93.20935799974902, 44.91808999993169], [-93.20913799964099, 44.91824999975547], [-93.20891500005821, 44.91837399982134], [-93.20860999956138, 44.91851400027172], [-93.20832099985638, 44.9185879998904], [-93.20802399975547, 44.91861300015261], [-93.20762899974525, 44.918635999849975], [-93.20735500010886, 44.91867100031201], [-93.20714900024454, 44.918721000117294], [-93.206512000385, 44.91892799985321], [-93.20645100028563, 44.91883900007042], [-93.20631400001828, 44.91865199982757], [-93.2061390001161, 44.91847599982881], [-93.20593300025176, 44.918319999856315], [-93.20570399992292, 44.91818200013923], [-93.20546000042376, 44.91806400010906], [-93.20519299956175, 44.917968999800934], [-93.20490999970453, 44.91789599999307], [-93.20462000017461, 44.91784700007873], [-93.2043230000737, 44.917824000065586], [-93.20401799957686, 44.917824000065586], [-93.20392600041367, 44.91782300009246], [-93.20369000041212, 44.91782100014615], [-93.20305900040034, 44.917816000280105], [-93.20121300022072, 44.91787799986063], [-93.20131899962762, 44.91924299973515], [-93.20135899981058, 44.91976399976014], [-93.20042700039826, 44.92407699993413], [-93.2001190004267, 44.92550299987793], [-93.19984900008996, 44.926750999684664], [-93.19981099955679, 44.92692900004072], [-93.1997889998155, 44.927032999750466], [-93.20025199959777, 44.93039100006773], [-93.20028699975786, 44.930645000082485], [-93.20029599997869, 44.93070899994408], [-93.2007670001569, 44.934129999837396], [-93.20079100044633, 44.93430099987219], [-93.20064599978306, 44.93737899991056], [-93.20063900011037, 44.93753000021541], [-93.20062300021684, 44.93787600027984], [-93.20010400035807, 44.9415060000714], [-93.2007040004077, 44.943632000025104], [-93.20205599994459, 44.94837600022438], [-93.20359699962738, 44.950977999971364], [-93.20775000011906, 44.95303499975119], [-93.20775699979177, 44.95320900004192], [-93.21002800011884, 44.954691000185704], [-93.21275999968002, 44.95610099993802], [-93.21493999977048, 44.957361000051066], [-93.21721100009756, 44.959211999755354], [-93.21866899993967, 44.96039899975006], [-93.22286400026417, 44.963817999966906], [-93.22573499974253, 44.966157999940464], [-93.22661500017463, 44.96575000004573], [-93.22681600001609, 44.96565199983504], [-93.22696599980392, 44.96558099980482], [-93.22728800001919, 44.96540700016491], [-93.22789599956641, 44.96511899979842], [-93.22831700041422, 44.964927000021966], [-93.22865799999775, 44.964793000221], [-93.2287810000214, 44.96474800007534], [-93.22923200010811, 44.96459700017602], [-93.2294849998281, 44.96452799970248], [-93.22972300037779, 44.96446400003653], [-93.23014500015218, 44.96437300003105], [-93.2305760001474, 44.964303000124175], [-93.23102100038633, 44.96424999991993], [-93.23145900005423, 44.96422099997932], [-93.23190500011808, 44.96421400010103], [-93.23301599963055, 44.96422499981861], [-93.2331739998143, 44.96422700005593], [-93.23339300009741, 44.96422600025506], [-93.23567600012004, 44.96421899974179], [-93.23616400001667, 44.9642170001398], [-93.23616400001667, 44.96398299982533], [-93.23624500020752, 44.96398299982533], [-93.23707600023582, 44.9639850000711], [-93.23773999985954, 44.963955000190936], [-93.23927100039491, 44.963962000100814], [-93.23931900007548, 44.96338900002083], [-93.23935699971031, 44.96287499977841], [-93.23916699973951, 44.96287499977841], [-93.23917099993747, 44.962749000153885], [-93.23917699978526, 44.96255099982153], [-93.23916699973951, 44.96223700020474], [-93.23853900010081, 44.96221800014852], [-93.23850099956766, 44.96140900011204], [-93.2385190000093, 44.961174999785555], [-93.23910499981524, 44.96119000013661], [-93.23910599964015, 44.9609549996947], [-93.23910800018827, 44.960586000104094], [-93.23857300043598, 44.96056600027211], [-93.23853699955268, 44.95978600011474], [-93.23874499996512, 44.95977400030331], [-93.23882600015598, 44.95967600005432], [-93.23884000039968, 44.95947700003905], [-93.23916500008968, 44.959262999753925], [-93.23916799956443, 44.95915299996217], [-93.23917099993747, 44.95904299995953], [-93.23916500008968, 44.95879299992046], [-93.23860799969778, 44.95878099990136], [-93.23855199962127, 44.95874499982898], [-93.23855199962127, 44.95829600010119], [-93.23915599986887, 44.95829000004001], [-93.23934900021271, 44.95816399988105], [-93.23943799990117, 44.95809699974942], [-93.23943200005338, 44.957474999774085], [-93.23934900021271, 44.95736299989202], [-93.23935699971031, 44.95657699981388], [-93.23937199977894, 44.956501000317616], [-93.2394260002056, 44.95643600002449], [-93.2395099998712, 44.956386999930906], [-93.2396089996054, 44.956359999705775], [-93.23995599993502, 44.95625000006995], [-93.23947899990907, 44.955550999710525], [-93.2396930001693, 44.95555500015423], [-93.24084499968964, 44.95555300025026], [-93.24109699958473, 44.95555200029828], [-93.24192000011543, 44.955550999710525], [-93.2424189998827, 44.95554999975851], [-93.2424950000507, 44.95554899980643], [-93.24297000042684, 44.955547999854325]]]}, "properties": {"ZCTA5": "55406", "district_id": 55406, "zip_code": "55406"}, "id": 55406}, {"type": "Feature", "geometry": {"type": "Polygon", "coordinates": [[[-93.25824699988023, 44.9835850001687], [-93.25998500010482, 44.98304099975344], [-93.2571239997739, 44.981865000127165], [-93.25582099974248, 44.981398999843705], [-93.2550559998364, 44.98112599993484], [-93.25429199975525, 44.98085199985046], [-93.25385300026242, 44.98067000022554], [-93.25372500021592, 44.98061699989447], [-93.25263800009458, 44.980167999787845], [-93.25142399975161, 44.97966499987114], [-93.25140000036049, 44.97965900013857], [-93.25062799988342, 44.97946800027527], [-93.25023899972098, 44.979371999701144], [-93.24787000038293, 44.9788629999752], [-93.24575499969148, 44.978911999935676], [-93.24540800026018, 44.97885099970619], [-93.24538999981851, 44.97888800005105], [-93.24502599977045, 44.97888200023718], [-93.24400899996928, 44.97886400015639], [-93.24385300033369, 44.97930800007633], [-93.24376100027217, 44.979572000133345], [-93.2436929996018, 44.97973900012183], [-93.24361200030927, 44.979898000225795], [-93.24351299967675, 44.98005500020353], [-93.24336600026197, 44.980238000031584], [-93.24297000042684, 44.98074100000479], [-93.2419669999711, 44.98035099989068], [-93.24185900001605, 44.980341000243925], [-93.2417700003276, 44.98037099981444], [-93.2407149999933, 44.98115800001236], [-93.24067900000831, 44.98114399994093], [-93.2392999998089, 44.98059599990557], [-93.2378849996245, 44.980052999882716], [-93.23715999990141, 44.97977400019857], [-93.23708299990852, 44.97974400031564], [-93.23648799988176, 44.97950000000728], [-93.23620000000166, 44.97987299995492], [-93.23462499998371, 44.980035999694806], [-93.23424199966907, 44.98007500023053], [-93.23387099994828, 44.980564000149805], [-93.23362999992386, 44.980868999796414], [-93.23281899998705, 44.981895000171086], [-93.2320480002332, 44.98286799981973], [-93.23127099973327, 44.98385099978203], [-93.22988900005913, 44.98329199969878], [-93.2286529999749, 44.98279200020531], [-93.2270989998733, 44.98227000003101], [-93.22692899999399, 44.98217399970065], [-93.22613099957765, 44.981734999755446], [-93.22603000019363, 44.98168000014484], [-93.2223820002153, 44.97967500027123], [-93.22306799958034, 44.97983200022415], [-93.22376300006452, 44.9799650003134], [-93.22446400039648, 44.9800799997596], [-93.22517400005097, 44.98017500026087], [-93.22588299988053, 44.98024700017473], [-93.2269359996667, 44.98034299991925], [-93.22828700027698, 44.980460999702686], [-93.22860600011921, 44.9804829998939], [-93.22882799987707, 44.980498999796666], [-93.22937000020036, 44.980514999694925], [-93.22987300016561, 44.98050799989885], [-93.22900000030451, 44.980337000257634], [-93.22838299963813, 44.98020700023374], [-93.22804700007747, 44.98015599979197], [-93.22725700005705, 44.98000800027146], [-93.22710899991904, 44.97996999985207], [-93.22703299975107, 44.97994000007174], [-93.2269359996667, 44.97987299995492], [-93.2268949996588, 44.97980500023048], [-93.22687700011546, 44.97969000023271], [-93.22686700006972, 44.97854799986515], [-93.22636999995225, 44.97863900025827], [-93.22625299977638, 44.97865399985532], [-93.22613700032375, 44.97865699977424], [-93.22612700027801, 44.97851099993633], [-93.22614599964626, 44.97836299998236], [-93.22619400022516, 44.978221000165455], [-93.22627399969276, 44.97809000023284], [-93.22633700034028, 44.978012000247205], [-93.22637199960208, 44.97795900000093], [-93.22674800024403, 44.97749599972274], [-93.2269359996667, 44.97726399998354], [-93.22700599998689, 44.977168999742744], [-93.22710399989617, 44.97703900016157], [-93.22803299983377, 44.97740200007298], [-93.23021600029729, 44.97825499970615], [-93.2315899995755, 44.97879299995911], [-93.232971000323, 44.97935799982899], [-93.23435499964697, 44.97992500017566], [-93.23510000035986, 44.97894299979824], [-93.23491000038906, 44.97886700006433], [-93.23369600004611, 44.97838199977453], [-93.23242200032702, 44.97786400027618], [-93.23099200007401, 44.97728699970375], [-93.22879799973983, 44.97640200011407], [-93.22783899966501, 44.97601499977521], [-93.22858600002772, 44.975070000061166], [-93.22862399966256, 44.9750279998254], [-93.22865499962471, 44.974983999696725], [-93.22867800008925, 44.974937000056386], [-93.22869200033294, 44.97488799987654], [-93.2287030002036, 44.97473399985571], [-93.23034699981854, 44.97476899981011], [-93.23036699991003, 44.973963999903226], [-93.23031099983352, 44.9736639998383], [-93.23031099983352, 44.97348800001883], [-93.23026300015295, 44.97255700023532], [-93.22868800013498, 44.97255399999726], [-93.2271120002921, 44.97255700023532], [-93.2271120002921, 44.97132100007799], [-93.2271120002921, 44.97024499985287], [-93.2271120002921, 44.970215000068855], [-93.2271120002921, 44.96973300007393], [-93.22711899996479, 44.96971500029894], [-93.22710100042144, 44.96886299982664], [-93.22567299981826, 44.96780500026453], [-93.22455100043513, 44.9669910001692], [-93.22449199998557, 44.96693599976332], [-93.22425500015912, 44.96676800023084], [-93.22446000019852, 44.9666989998263], [-93.22482599989642, 44.966568000266896], [-93.22561300044212, 44.9662230000249], [-93.22573499974253, 44.966157999940464], [-93.22286400026417, 44.963817999966906], [-93.21866899993967, 44.96039899975006], [-93.21721100009756, 44.959211999755354], [-93.21493999977048, 44.957361000051066], [-93.21275999968002, 44.95610099993802], [-93.21002800011884, 44.954691000185704], [-93.20775699979177, 44.95320900004192], [-93.2077590003399, 44.953263000266034], [-93.20776099998973, 44.95430800009467], [-93.20776199981465, 44.95476199970763], [-93.20776400036277, 44.95493299995949], [-93.20777100003546, 44.95522699971437], [-93.20777100003546, 44.95538299989381], [-93.20778199990612, 44.95608500022081], [-93.207786999929, 44.95640200026239], [-93.20776600001261, 44.95731200011167], [-93.20776799966242, 44.95842600021385], [-93.20777100003546, 44.95857199969586], [-93.20777699988327, 44.95874300003619], [-93.20776900038564, 44.95902799968277], [-93.20777000021057, 44.95963200022538], [-93.20777000021057, 44.959664000219895], [-93.20777000021057, 44.95969299992142], [-93.20777000021057, 44.95976199985372], [-93.20777000021057, 44.959792999897644], [-93.20777000021057, 44.959904000245565], [-93.20777000021057, 44.95997299992411], [-93.20777000021057, 44.96000600023853], [-93.20777000021057, 44.960033999893284], [-93.20776799966242, 44.96006800004591], [-93.20776400036277, 44.960117000174385], [-93.20776299963956, 44.96033300018998], [-93.20776199981465, 44.96059000019683], [-93.20775599996686, 44.962807000237405], [-93.20774099989825, 44.964607000025886], [-93.20773300040064, 44.96642299992054], [-93.20772599982963, 44.96801000031034], [-93.20771400013408, 44.969439999997554], [-93.20771300030916, 44.96960399986681], [-93.207710999761, 44.97002300018969], [-93.20770400008831, 44.97123299981817], [-93.2076959996924, 44.97140199993062], [-93.20769300021767, 44.971497999866706], [-93.2077020004385, 44.971587000027995], [-93.2076949998675, 44.97258300017367], [-93.20769200039275, 44.9731660001931], [-93.20768700036987, 44.974162000243005], [-93.20768700036987, 44.97428500007129], [-93.20768399999683, 44.974745999715395], [-93.20768300017191, 44.974919000008136], [-93.20768099962379, 44.975207999711415], [-93.20767800014906, 44.975739999814074], [-93.207674999776, 44.97602299971506], [-93.20767200030129, 44.9763260001896], [-93.20767300012618, 44.976735000058895], [-93.20767300012618, 44.97675399975509], [-93.20766999975314, 44.97722699986165], [-93.20764899983674, 44.980330999959946], [-93.2076399996159, 44.98116499972908], [-93.2076120000268, 44.98476000001595], [-93.20758699991245, 44.988070999731086], [-93.20757400039197, 44.98950399981652], [-93.20756599999605, 44.990424999744484], [-93.20755799960014, 44.991684000094814], [-93.20777100003546, 44.991684000094814], [-93.20777600005835, 44.99051900027893], [-93.21013000022609, 44.99157500017606], [-93.21028900023474, 44.99164599979115], [-93.21263900020452, 44.99161499980895], [-93.21514900000787, 44.99158099993217], [-93.21526500035883, 44.99148300002504], [-93.2156860003083, 44.991457999723664], [-93.21580400030909, 44.99147499970108], [-93.21583000024835, 44.991348000047054], [-93.21631800014498, 44.99133999970425], [-93.21642399955186, 44.99130499970023], [-93.2165599999943, 44.9912609999916], [-93.21702600014963, 44.9912609999916], [-93.21706399978447, 44.99144199970296], [-93.21753999998553, 44.99146999989511], [-93.21768999977336, 44.99145899968513], [-93.2178060001243, 44.99145099999313], [-93.21781600017006, 44.991166000072276], [-93.21830700043974, 44.991126000126016], [-93.21831099973939, 44.991245999881045], [-93.21837100001383, 44.99123800015931], [-93.21884899986472, 44.99123800015931], [-93.2189660000406, 44.99123700019404], [-93.21908800023931, 44.99123500026339], [-93.21956299971717, 44.99122000014602], [-93.21957399958782, 44.991417999981195], [-93.22011599991112, 44.99140599979891], [-93.22024499978255, 44.99140699976123], [-93.22084099963422, 44.991414000132494], [-93.22090799958137, 44.99140599979891], [-93.22091199977933, 44.99132800014094], [-93.22139399982817, 44.99132400028592], [-93.22139700020122, 44.99140599979891], [-93.22152000022486, 44.991401999949325], [-93.22163999987546, 44.99139900006198], [-93.22211500025162, 44.99138399998758], [-93.22218200019877, 44.991380000136466], [-93.22218600039673, 44.99119700029733], [-93.2226569996766, 44.99118999989957], [-93.2228170004085, 44.991195999695975], [-93.22292899966317, 44.99120100016117], [-93.22292899966317, 44.99055800003638], [-93.22333999956692, 44.99053999980952], [-93.22330299975698, 44.99015500020421], [-93.22294100025705, 44.990139999804235], [-93.22294799992976, 44.989761999990996], [-93.22282400008119, 44.98968200001678], [-93.22362599979716, 44.98967200009156], [-93.22543400034196, 44.99073900006194], [-93.22663299971798, 44.99144700014669], [-93.22694400006262, 44.9914440002617], [-93.22711800013987, 44.991445000223365], [-93.22716300034573, 44.991757000122654], [-93.22741400041588, 44.9919019999457], [-93.2295069995694, 44.99310800003209], [-93.23191299961569, 44.99449399984117], [-93.23216100021112, 44.99420500015226], [-93.2321810003026, 44.99339600024328], [-93.23266800037432, 44.99339600024328], [-93.2326730003972, 44.9932869997689], [-93.23273600014637, 44.99194299993866], [-93.2333219999523, 44.99194199998564], [-93.23332500032535, 44.99318399994607], [-93.23332799980008, 44.993285999839365], [-93.23585500022018, 44.993282000120985], [-93.2358579996949, 44.992800000251705], [-93.23594499973356, 44.99274200000473], [-93.23600300035818, 44.99271299985921], [-93.23608299982581, 44.99268500027438], [-93.23618699958288, 44.99265600010001], [-93.2362789996444, 44.99264400017695], [-93.23638999997249, 44.99266199974301], [-93.23628000036761, 44.9925700000663], [-93.23615899999379, 44.99241400000073], [-93.23604900038893, 44.992212000001715], [-93.23599099976431, 44.99207399998301], [-93.23592399981716, 44.99179499971742], [-93.23586299971778, 44.99148899979078], [-93.23635499981239, 44.991492000308725], [-93.2366179995781, 44.99149400023041], [-93.23712899993927, 44.99149700011278], [-93.23841100005428, 44.991496000151976], [-93.2397080002379, 44.9914950001912], [-93.24097399956108, 44.99149700011278], [-93.24206499988038, 44.99149300026955], [-93.2422630002471, 44.991703999876705], [-93.24247699960902, 44.99193199981947], [-93.24286699959637, 44.99237800007192], [-93.24306499996308, 44.99261899974676], [-93.24328599989603, 44.99282100021709], [-93.24352299972249, 44.99300799969084], [-93.24378999968619, 44.993179000289174], [-93.24408000011441, 44.99333199975673], [-93.24438499971293, 44.993461999876075], [-93.244712999776, 44.99357199994222], [-93.24504900023499, 44.99366000022424], [-93.24539200036664, 44.9937209999434], [-93.24574999966863, 44.99376299982689], [-93.24610899969382, 44.993777999913924], [-93.246467999719, 44.99377099983142], [-93.24681900024662, 44.99373600004147], [-93.24716900005097, 44.993679000029175], [-93.2473310004327, 44.99364099977776], [-93.24732999970946, 44.99330100005125], [-93.24732600040981, 44.9929269998646], [-93.24731399981594, 44.99165300013318], [-93.24730999961798, 44.99151899988073], [-93.24729399972446, 44.99146100024323], [-93.24722900032545, 44.9913650000571], [-93.24714800013459, 44.99131200008395], [-93.24696400001157, 44.99122599993934], [-93.24790800001777, 44.99089600021087], [-93.24844299977008, 44.99070800022448], [-93.24953499991429, 44.991157999704065], [-93.25092300033451, 44.99172199973798], [-93.25020600010903, 44.99263400013322], [-93.25208700044874, 44.9919930001073], [-93.25173199972318, 44.991478000219765], [-93.25143399979737, 44.99106200028099], [-93.25154099992749, 44.99092200009287], [-93.25168900006548, 44.99072699973749], [-93.25199000036437, 44.990765999988675], [-93.25280700014896, 44.99047399998825], [-93.25236299973496, 44.98984699980156], [-93.25245499979646, 44.989727000293996], [-93.25298899972384, 44.989139000282435], [-93.25348699966622, 44.98896799970111], [-93.25491299972127, 44.98848699977762], [-93.25563800034269, 44.989497999842975], [-93.25706400039773, 44.989003999865886], [-93.25633999960124, 44.9880030002], [-93.2570340002605, 44.98776999974679], [-93.25777400005222, 44.98749500025376], [-93.25780599983925, 44.98748399991623], [-93.25782799958057, 44.98747600030478], [-93.25867500040071, 44.987202000072365], [-93.25925399963562, 44.98701500008], [-93.25927700010017, 44.987006999767736], [-93.2596179996837, 44.986892000238264], [-93.25929200016877, 44.986292999804036], [-93.25900799958835, 44.986003000002086], [-93.25887399969403, 44.98586599970589], [-93.25841900030768, 44.9855840001618], [-93.2577720004024, 44.98508000003586], [-93.25715499973602, 44.98471699980963], [-93.2566269996564, 44.98448899975781], [-93.25671399969505, 44.98440599979523], [-93.25697300016115, 44.984199999812915], [-93.25725600001836, 44.984013000193485], [-93.25756800018789, 44.98384499985215], [-93.25789600025095, 44.98370399973025], [-93.25824699988023, 44.9835850001687]]]}, "properties": {"ZCTA5": "55414", "district_id": 55414, "zip_code": "55414"}, "id": 55414}, {"type": "Feature", "geometry": {"type": "MultiPolygon", "coordinates": [[[[-93.1059980003634, 44.95489999990595], [-93.10604400039415, 44.95237399993954], [-93.10597599972377, 44.952038000284844], [-93.10588700003531, 44.95181300004081], [-93.10584600002743, 44.95173499991986], [-93.1056250000945, 44.951532000249095], [-93.10547600013157, 44.95144300012322], [-93.10579300032398, 44.95100500018576], [-93.10584799967724, 44.95093799996006], [-93.10589100023327, 44.95089199972186], [-93.10602099992961, 44.95073299994136], [-93.10585299970012, 44.95070800030764], [-93.10575599961574, 44.950690000284915], [-93.10551600031454, 44.9506469999605], [-93.10522099986345, 44.95058200002992], [-93.1049299996103, 44.95050700026307], [-93.10480599976175, 44.95047000004532], [-93.10460900011826, 44.95041300024737], [-93.10432899973577, 44.95032200020725], [-93.10397499973344, 44.95018799999033], [-93.10377200024217, 44.950109000157056], [-93.10352500036997, 44.950031000263266], [-93.10330699991175, 44.94997600012777], [-93.10304599979585, 44.94992500013992], [-93.10277999965709, 44.94989000028413], [-93.10251000021864, 44.94986999990285], [-93.1022399998819, 44.94986699974968], [-93.10221599959245, 44.94986799980072], [-93.10219700022421, 44.94986799980072], [-93.10215500039142, 44.949868999851795], [-93.10191699984172, 44.94987600020867], [-93.10164599968006, 44.950121000082376], [-93.10150900031101, 44.95022699984374], [-93.10129400022586, 44.95036800026653], [-93.1011129995776, 44.95047699969317], [-93.10089199964465, 44.95060600031606], [-93.1005929998939, 44.9507299998333], [-93.10043600043339, 44.950787999987256], [-93.10009300030171, 44.95090700021819], [-93.09991699967631, 44.95095199977647], [-93.0996070000549, 44.951043000089186], [-93.09989400011008, 44.95134000014097], [-93.09991000000362, 44.95135899998496], [-93.09995600003438, 44.951410999994216], [-93.09879100009522, 44.951829000313346], [-93.09809099958818, 44.95208000019032], [-93.09744200003306, 44.95239800011207], [-93.0962200001925, 44.9529560000223], [-93.09697500005282, 44.95366100011496], [-93.09731499981145, 44.953965999806655], [-93.09791999988394, 44.954508000207156], [-93.09841500035158, 44.954895000088825], [-93.09883999960071, 44.955294000018604], [-93.0988880001796, 44.95537600020859], [-93.09888300015672, 44.955572999922545], [-93.0988759995857, 44.95585999995088], [-93.09884999964645, 44.95735699973327], [-93.09957600009277, 44.95792600002657], [-93.10087099972826, 44.95791700019433], [-93.1008740001013, 44.956843000118766], [-93.1022189999655, 44.95683999969441], [-93.10375700017356, 44.9568369999056], [-93.10594999978451, 44.95684200018921], [-93.10594700030975, 44.95669500018731], [-93.1059630002033, 44.955799999941846], [-93.1059980003634, 44.95489999990595]]], [[[-93.08492899992793, 44.95763800024479], [-93.08492300008014, 44.957481999838905], [-93.0849070001866, 44.95714600021362], [-93.08489600031596, 44.95643699996112], [-93.08488600027022, 44.95574500024923], [-93.0847940002087, 44.95574500024923], [-93.08472499971342, 44.95574500024923], [-93.0847299997363, 44.95540800003392], [-93.08470299997212, 44.95519299987165], [-93.08464799972052, 44.95496200014497], [-93.08456499987985, 44.95481399981209], [-93.08446100012277, 44.954693000119704], [-93.08411999964092, 44.95433500001386], [-93.08392499964725, 44.95415600007702], [-93.08307600007561, 44.954562999813916], [-93.08245900030754, 44.95389899985907], [-93.0819420000986, 44.95414800026568], [-93.08159099957099, 44.95431699985723], [-93.08153700004264, 44.95434299979913], [-93.0813930001026, 44.95441299977977], [-93.08073500032665, 44.95472900019147], [-93.07957100021243, 44.95530900000009], [-93.07949699969427, 44.955346000276705], [-93.07931699976922, 44.955435000071276], [-93.079695000061, 44.955767999699454], [-93.080604999732, 44.956533000151246], [-93.08108900032897, 44.95694000019317], [-93.08140399997325, 44.95720400024024], [-93.081450000004, 44.957304000104656], [-93.08171600014278, 44.957710999763414], [-93.0819420000986, 44.95775700025701], [-93.08223800037462, 44.95798299999078], [-93.08305299961107, 44.95798200008115], [-93.08466600016219, 44.95798100017144], [-93.08472499971342, 44.95807499986939], [-93.08481299957697, 44.95798100017144], [-93.08487399967633, 44.957823000237546], [-93.08492899992793, 44.95763800024479]]]]}, "properties": {"ZCTA5": "55155", "district_id": 55155, "zip_code": "55155"}, "id": 55155}, {"type": "Feature", "geometry": {"type": "Polygon", "coordinates": [[[-93.2757679998965, 44.99652000030712], [-93.27567800038312, 44.996365000070554], [-93.27364499970744, 44.99286400006178], [-93.27178500018243, 44.99167199996818], [-93.27034099968571, 44.99074599987948], [-93.26800099976167, 44.989652000235935], [-93.26764599993444, 44.98948599989398], [-93.26798700041628, 44.989660000179036], [-93.26652399965299, 44.990481999816616], [-93.26610000022878, 44.99064399991269], [-93.26585800037945, 44.9906830002204], [-93.265024999803, 44.99081899983146], [-93.26421200021635, 44.99066899993382], [-93.26332500011156, 44.99040700011117], [-93.26254900033484, 44.99006900022948], [-93.26206200026313, 44.989781999808294], [-93.26171199956045, 44.98941900013262], [-93.26138600004552, 44.98890199997568], [-93.26102600019541, 44.98900299986163], [-93.2602229997562, 44.98774899983666], [-93.2601249998469, 44.98763099980523], [-93.25982000024838, 44.98726300031162], [-93.2596179996837, 44.986892000238264], [-93.25927700010017, 44.987006999767736], [-93.25925399963562, 44.98701500008], [-93.25867500040071, 44.987202000072365], [-93.25782799958057, 44.98747600030478], [-93.25780599983925, 44.98748399991623], [-93.25777400005222, 44.98749500025376], [-93.2570340002605, 44.98776999974679], [-93.25633999960124, 44.9880030002], [-93.25706400039773, 44.989003999865886], [-93.25563800034269, 44.989497999842975], [-93.25491299972127, 44.98848699977762], [-93.25348699966622, 44.98896799970111], [-93.25298899972384, 44.989139000282435], [-93.25245499979646, 44.989727000293996], [-93.25236299973496, 44.98984699980156], [-93.25280700014896, 44.99047399998825], [-93.25199000036437, 44.990765999988675], [-93.25168900006548, 44.99072699973749], [-93.25154099992749, 44.99092200009287], [-93.25143399979737, 44.99106200028099], [-93.25173199972318, 44.991478000219765], [-93.25208700044874, 44.9919930001073], [-93.25020600010903, 44.99263400013322], [-93.25092300033451, 44.99172199973798], [-93.24953499991429, 44.991157999704065], [-93.24844299977008, 44.99070800022448], [-93.24790800001777, 44.99089600021087], [-93.24696400001157, 44.99122599993934], [-93.24714800013459, 44.99131200008395], [-93.24722900032545, 44.9913650000571], [-93.24729399972446, 44.99146100024323], [-93.24730999961798, 44.99151899988073], [-93.24731399981594, 44.99165300013318], [-93.24732600040981, 44.9929269998646], [-93.24732999970946, 44.99330100005125], [-93.2473310004327, 44.99364099977776], [-93.24716900005097, 44.993679000029175], [-93.24681900024662, 44.99373600004147], [-93.246467999719, 44.99377099983142], [-93.24610899969382, 44.993777999913924], [-93.24574999966863, 44.99376299982689], [-93.24539200036664, 44.9937209999434], [-93.24504900023499, 44.99366000022424], [-93.244712999776, 44.99357199994222], [-93.24438499971293, 44.993461999876075], [-93.24408000011441, 44.99333199975673], [-93.24378999968619, 44.993179000289174], [-93.24352299972249, 44.99300799969084], [-93.24328599989603, 44.99282100021709], [-93.24306499996308, 44.99261899974676], [-93.24286699959637, 44.99237800007192], [-93.24247699960902, 44.99193199981947], [-93.2422630002471, 44.991703999876705], [-93.24206499988038, 44.99149300026955], [-93.24097399956108, 44.99149700011278], [-93.2397080002379, 44.9914950001912], [-93.23841100005428, 44.991496000151976], [-93.23712899993927, 44.99149700011278], [-93.2366179995781, 44.99149400023041], [-93.23635499981239, 44.991492000308725], [-93.23586299971778, 44.99148899979078], [-93.23592399981716, 44.99179499971742], [-93.23599099976431, 44.99207399998301], [-93.23604900038893, 44.992212000001715], [-93.23615899999379, 44.99241400000073], [-93.23628000036761, 44.9925700000663], [-93.23638999997249, 44.99266199974301], [-93.2362789996444, 44.99264400017695], [-93.23618699958288, 44.99265600010001], [-93.23608299982581, 44.99268500027438], [-93.23600300035818, 44.99271299985921], [-93.23594499973356, 44.99274200000473], [-93.2358579996949, 44.992800000251705], [-93.23585500022018, 44.993282000120985], [-93.23332799980008, 44.993285999839365], [-93.23332500032535, 44.99318399994607], [-93.2333219999523, 44.99194199998564], [-93.23273600014637, 44.99194299993866], [-93.2326730003972, 44.9932869997689], [-93.23266800037432, 44.99339600024328], [-93.2321810003026, 44.99339600024328], [-93.23216100021112, 44.99420500015226], [-93.23191299961569, 44.99449399984117], [-93.2295069995694, 44.99310800003209], [-93.22741400041588, 44.9919019999457], [-93.22716300034573, 44.991757000122654], [-93.22711800013987, 44.991445000223365], [-93.22694400006262, 44.9914440002617], [-93.22663299971798, 44.99144700014669], [-93.22543400034196, 44.99073900006194], [-93.22362599979716, 44.98967200009156], [-93.22282400008119, 44.98968200001678], [-93.22294799992976, 44.989761999990996], [-93.22294100025705, 44.990139999804235], [-93.22330299975698, 44.99015500020421], [-93.22333999956692, 44.99053999980952], [-93.22292899966317, 44.99055800003638], [-93.22292899966317, 44.99120100016117], [-93.2228170004085, 44.991195999695975], [-93.2226569996766, 44.99118999989957], [-93.22218600039673, 44.99119700029733], [-93.22218200019877, 44.991380000136466], [-93.22211500025162, 44.99138399998758], [-93.22163999987546, 44.99139900006198], [-93.22152000022486, 44.991401999949325], [-93.22139700020122, 44.99140599979891], [-93.22139399982817, 44.99132400028592], [-93.22091199977933, 44.99132800014094], [-93.22090799958137, 44.99140599979891], [-93.22084099963422, 44.991414000132494], [-93.22024499978255, 44.99140699976123], [-93.22011599991112, 44.99140599979891], [-93.21957399958782, 44.991417999981195], [-93.21956299971717, 44.99122000014602], [-93.21908800023931, 44.99123500026339], [-93.2189660000406, 44.99123700019404], [-93.21884899986472, 44.99123800015931], [-93.21837100001383, 44.99123800015931], [-93.21831099973939, 44.991245999881045], [-93.21830700043974, 44.991126000126016], [-93.21781600017006, 44.991166000072276], [-93.2178060001243, 44.99145099999313], [-93.21768999977336, 44.99145899968513], [-93.21753999998553, 44.99146999989511], [-93.21706399978447, 44.99144199970296], [-93.21702600014963, 44.9912609999916], [-93.2165599999943, 44.9912609999916], [-93.21642399955186, 44.99130499970023], [-93.21631800014498, 44.99133999970425], [-93.21583000024835, 44.991348000047054], [-93.21580400030909, 44.99147499970108], [-93.2156860003083, 44.991457999723664], [-93.21526500035883, 44.99148300002504], [-93.21514900000787, 44.99158099993217], [-93.21263900020452, 44.99161499980895], [-93.21028900023474, 44.99164599979115], [-93.21013000022609, 44.99157500017606], [-93.20777600005835, 44.99051900027893], [-93.20777100003546, 44.991684000094814], [-93.20755799960014, 44.991684000094814], [-93.20757699986672, 44.99556599969599], [-93.2075960001333, 44.99886200024185], [-93.20760199998107, 45.00054899987224], [-93.20760299980597, 45.00057199977892], [-93.20760199998107, 45.000643000316266], [-93.20760100015615, 45.00070599982475], [-93.20760799982885, 45.000730000103225], [-93.2076179998746, 45.00252400007969], [-93.20763799996608, 45.0059770000049], [-93.20763600031627, 45.00620499968679], [-93.20771400013408, 45.00616599978043], [-93.2077309998525, 45.00616599978043], [-93.20776900038564, 45.006145000259586], [-93.20830599978777, 45.00593999999604], [-93.21223499997349, 45.00424299975684], [-93.21247000015012, 45.004578000049285], [-93.21311200003254, 45.00529599975561], [-93.21316300008615, 45.005360999936784], [-93.21324900029987, 45.00547799994994], [-93.2133410003614, 45.005643999699764], [-93.21339200041501, 45.005758999711134], [-93.2134200000041, 45.00581000023881], [-93.21344099992051, 45.00586399985131], [-93.21348000027857, 45.005944999809785], [-93.21378200040235, 45.00576499988767], [-93.21385000017442, 45.00565300029992], [-93.21386400041811, 45.00552099982419], [-93.21386400041811, 45.00534599970611], [-93.21390299987787, 45.0050800001287], [-93.2139680001752, 45.00475500006696], [-93.21401400020595, 45.00459299984594], [-93.21409200002377, 45.0044169996982], [-93.21420900019962, 45.00422900024234], [-93.21436400001032, 45.004085999969455], [-93.2145459995852, 45.003942999974775], [-93.21476499986831, 45.003813000131764], [-93.21502699980914, 45.0037289998223], [-93.21522199980281, 45.003677000234376], [-93.2154820000938, 45.003630999729], [-93.2157420003848, 45.00361200004797], [-93.21609899986186, 45.00360499989646], [-93.21646899975771, 45.00361200004797], [-93.21682000028531, 45.00363799987733], [-93.21714499997533, 45.003670000090814], [-93.21748200025921, 45.00369599989386], [-93.21778900040587, 45.00371599992975], [-93.21845999970229, 45.00371599992975], [-93.21871900016838, 45.00370399978199], [-93.21877400041996, 45.00369700027691], [-93.21897100006345, 45.00367399971925], [-93.21921499956261, 45.003632000113186], [-93.219459999785, 45.00357100014652], [-93.21952099988437, 45.0035539999464], [-93.21980999958936, 45.00349400028327], [-93.22017700001048, 45.00344800026608], [-93.22053500021077, 45.003425999996246], [-93.22090099990866, 45.00342899988918], [-93.22126800032977, 45.00345999983229], [-93.22162599963175, 45.003513000003394], [-93.22197700015936, 45.003592999725456], [-93.2222320004275, 45.003670999839144], [-93.22230500022242, 45.00369599989386], [-93.22252699998026, 45.00377300012077], [-93.22276299998181, 45.00383399987235], [-93.22299999980828, 45.0038759999655], [-93.22324400020577, 45.00389899980688], [-93.22349500027592, 45.003905999922466], [-93.2268949996588, 45.00398000000319], [-93.2269359996667, 45.00398599973089], [-93.22712800018562, 45.00401400014557], [-93.22702600007837, 45.004242000018486], [-93.22697800039779, 45.00439699990708], [-93.22695300028344, 45.00451899992187], [-93.22693400001687, 45.00464499987271], [-93.22692099959806, 45.00489000021876], [-93.22692099959806, 45.00521300007178], [-93.22692099959806, 45.00547599988117], [-93.22692099959806, 45.005939000287256], [-93.22812200042056, 45.00594299975732], [-93.22946899993457, 45.005946999862225], [-93.23075100004958, 45.005955000071175], [-93.23203999983728, 45.00596199993552], [-93.23196500039253, 45.00486299995978], [-93.23217799992955, 45.004816000043235], [-93.23240399988536, 45.00482000022682], [-93.23284199955327, 45.00482199968332], [-93.23298200019367, 45.0048040001259], [-93.23317600036243, 45.004748999784645], [-93.2334270004326, 45.004712999983084], [-93.23365800041127, 45.00473499975863], [-93.23394100026849, 45.00480100030496], [-93.23505400032911, 45.00479999994119], [-93.23516999978173, 45.00476799972375], [-93.2355399996776, 45.00460800027379], [-93.235672999747, 45.0045590000472], [-93.23591399977143, 45.00445800026451], [-93.23616700038971, 45.00470899979202], [-93.2364839996838, 45.005025999777104], [-93.2366669999819, 45.00520800019414], [-93.2368150001199, 45.00538399981707], [-93.23692999974763, 45.005526000309665], [-93.2370240003573, 45.00569399998162], [-93.23705799979415, 45.005828999825965], [-93.23710499964983, 45.005904000307744], [-93.23717499997002, 45.00598100010742], [-93.23846399975773, 45.00597400024539], [-93.23973099980412, 45.005968000090796], [-93.24100500042152, 45.00596100022713], [-93.24227099974472, 45.005955000071175], [-93.24353799979112, 45.005946999862225], [-93.24382800021932, 45.00594600015357], [-93.24471699997396, 45.0059420000486], [-93.24482699957882, 45.00593599989065], [-93.24494600030282, 45.005940999704755], [-93.24559800023097, 45.00593599989065], [-93.24609399962522, 45.005933999837836], [-93.24736800024263, 45.00592800031416], [-93.24915300032288, 45.005933000129005], [-93.25092300033451, 45.005939000287256], [-93.25151099979026, 45.005939000287256], [-93.2524570003446, 45.00594299975732], [-93.2524640000173, 45.00592499991693], [-93.2524640000173, 45.0054739998123], [-93.2529360000204, 45.00611599991056], [-93.25309000000617, 45.006325000257945], [-93.25313699986185, 45.00641399970941], [-93.25321200020493, 45.00655699988726], [-93.25340300000063, 45.00683699974353], [-93.25391699983652, 45.00748800012096], [-93.25397999958571, 45.00748800012096], [-93.2550130001787, 45.00748800012096], [-93.254998999935, 45.006565000011015], [-93.25499700028517, 45.00640099979101], [-93.25667600006022, 45.006396999717815], [-93.25715100043638, 45.00641000027227], [-93.25702000001681, 45.00652099995162], [-93.25852200023984, 45.00649399982629], [-93.25852200023984, 45.00638599983266], [-93.26004799985401, 45.006377999683906], [-93.26155799957465, 45.0063839997956], [-93.2622020000052, 45.00638599983266], [-93.26220600020316, 45.00627800027061], [-93.26221799989875, 45.005963000279], [-93.26229499989164, 45.005963000279], [-93.26229499989164, 45.005731000149375], [-93.26239100015108, 45.005731000149375], [-93.2626170001069, 45.005742999872524], [-93.26265499974174, 45.006315999763366], [-93.26296500026146, 45.00631300002161], [-93.26307700041444, 45.00633600015482], [-93.2632289998521, 45.00636699979509], [-93.26363999975584, 45.0063689998328], [-93.26384499979525, 45.00619999989569], [-93.26446999995922, 45.006218000284775], [-93.26460300002861, 45.00631900014007], [-93.26477600028097, 45.00645100004726], [-93.26603699958127, 45.00645700015131], [-93.2661219999701, 45.00648499999336], [-93.2661219999701, 45.00636200001813], [-93.26612100014518, 45.00596199993552], [-93.26611299974925, 45.00593799994336], [-93.26611299974925, 45.005299000185786], [-93.26760900012451, 45.005299000185786], [-93.26767000022389, 45.005299000185786], [-93.26767000022389, 45.00503900000756], [-93.26887199997294, 45.00504100009162], [-93.268867999775, 45.00534400026785], [-93.26886000027739, 45.00605399970645], [-93.27008100029303, 45.00605399970645], [-93.27165999961065, 45.00605000024418], [-93.27275299957977, 45.00602900004567], [-93.27366899999689, 45.00599200007035], [-93.27386300016563, 45.00597999976425], [-93.27443599955276, 45.00594299975732], [-93.27442499968211, 45.00576499988767], [-93.27442399985722, 45.004410000280224], [-93.27472299960795, 45.00255900021878], [-93.27507900015843, 45.000774000164235], [-93.27543099961261, 44.99898799993009], [-93.2757679998965, 44.99652000030712]]]}, "properties": {"ZCTA5": "55413", "district_id": 55413, "zip_code": "55413"}, "id": 55413}, {"type": "Feature", "geometry": {"type": "Polygon", "coordinates": [[[-93.25817099971225, 44.98040799981381], [-93.25847399966095, 44.98005500020353], [-93.25792600038817, 44.97980800008923], [-93.25743500011849, 44.97959900023673], [-93.25683900026682, 44.97932700019081], [-93.25610600014782, 44.979008000009095], [-93.25553399968729, 44.978697999709766], [-93.25528099996731, 44.978607000045685], [-93.25501900002648, 44.978532000053406], [-93.25475000041297, 44.97847599972408], [-93.25447500005335, 44.97844299986751], [-93.25431299967164, 44.978429999957314], [-93.2534640001, 44.978421999717845], [-93.25322700027354, 44.978411000181], [-93.25298899972384, 44.978388999830194], [-93.25275199989737, 44.978354999733504], [-93.2525219997436, 44.97831400018818], [-93.25222999966556, 44.978215999838824], [-93.25202200015141, 44.97813600027237], [-93.25178299977682, 44.97801400000376], [-93.25148900004893, 44.97783200026653], [-93.25140700003317, 44.97778899994746], [-93.25131999999455, 44.977740999863535], [-93.25119799979579, 44.977695999708686], [-93.25113699969644, 44.97767300015248], [-93.25096900036526, 44.97762699974151], [-93.2508160002044, 44.977599999980434], [-93.25001500031331, 44.97753900026151], [-93.2499080001832, 44.97753500007978], [-93.24979400038036, 44.97753900026151], [-93.24922899959252, 44.977599999980434], [-93.24918400028501, 44.97760799969912], [-93.24895499995615, 44.9776119998758], [-93.24806000035375, 44.97754200023881], [-93.24781900032933, 44.97753099989774], [-93.24756599971101, 44.97752000019001], [-93.2474519999082, 44.97753099989774], [-93.24734499977806, 44.977546999988746], [-93.24732100038695, 44.97755299994231], [-93.24725299971657, 44.97757000023096], [-93.24691799998081, 44.977688000002225], [-93.2468030003531, 44.977717999689965], [-93.24668899965195, 44.977740999863535], [-93.24656700035153, 44.977756999896], [-93.24644500015279, 44.97775999986185], [-93.24632299995407, 44.977756999896], [-93.24620099975533, 44.977745000030936], [-93.24607799973168, 44.977726000027644], [-93.24575100039183, 44.97770299984806], [-93.24582400018677, 44.97750899984471], [-93.24589199995884, 44.97736800002654], [-93.24603300042416, 44.97713899976779], [-93.24613200015837, 44.97696599981781], [-93.24619400008262, 44.976867999706364], [-93.24631299990831, 44.97666900022924], [-93.24640199959678, 44.97654800023825], [-93.2465580001307, 44.97635599995442], [-93.2467470002766, 44.97616000002095], [-93.24711200014958, 44.9758209997802], [-93.24833399999012, 44.974994000277775], [-93.24872099960442, 44.97472300024695], [-93.24970200031886, 44.9739279998258], [-93.24991499985589, 44.97375400008614], [-93.24998799965081, 44.97369499999609], [-93.25021799980458, 44.97346500004585], [-93.250570999982, 44.97310199999658], [-93.25089300019728, 44.972728000200256], [-93.25091199956553, 44.97270600021103], [-93.25134799958363, 44.97223300030836], [-93.2513879997666, 44.97218599968441], [-93.25146599958441, 44.972102000041815], [-93.25155599999609, 44.97199900028191], [-93.25184499970109, 44.971654999965345], [-93.25223800006148, 44.97119200026491], [-93.25254400038324, 44.970816000080454], [-93.25260399975937, 44.97072499998314], [-93.25270699969154, 44.970584000008046], [-93.25276600014108, 44.970505999981114], [-93.25280399977594, 44.97044800005523], [-93.25291599992892, 44.970255999684994], [-93.25293400037059, 44.970223999878584], [-93.25300100031774, 44.97008400027723], [-93.25304399997542, 44.969996999726334], [-93.25331299958894, 44.96936999991829], [-93.25338600028218, 44.96919599969622], [-93.2534499998563, 44.96901899979438], [-93.25359200014651, 44.9685469997162], [-93.25364999987283, 44.968352999880075], [-93.25371699981999, 44.96818000011812], [-93.25381899992723, 44.967919999946396], [-93.25390699979079, 44.96771099998304], [-93.25382200030027, 44.967646000313586], [-93.25375500035312, 44.96758399979757], [-93.25350900030585, 44.96734799974209], [-93.25330900028929, 44.9671349999652], [-93.25303599957951, 44.9668260000645], [-93.25241100031384, 44.966151000298545], [-93.25227099967346, 44.9660000002788], [-93.25202600034937, 44.9660330003044], [-93.25182200013488, 44.966061999964595], [-93.25177199990615, 44.96606799984861], [-93.25141700007893, 44.9661259997545], [-93.25079199991495, 44.96621100028865], [-93.25034099982823, 44.96623799969168], [-93.2499449999931, 44.966236000160066], [-93.24991300020608, 44.966236999925904], [-93.24985100028178, 44.966236000160066], [-93.24953300026446, 44.9662230000249], [-93.24936199966193, 44.966215999755356], [-93.24890899992539, 44.96616999968779], [-93.24870999973376, 44.966138000144106], [-93.24862400041836, 44.96612400021898], [-93.24834800023383, 44.9660610001957], [-93.24807799989709, 44.965982999738145], [-93.24759199965028, 44.96580199972629], [-93.2472610001125, 44.965668000062486], [-93.24713700026393, 44.96561799981364], [-93.24583699970725, 44.965091000082914], [-93.24505699973257, 44.96480300003669], [-93.24501800027284, 44.96478899978575], [-93.24485099986826, 44.964733000018946], [-93.24420999981075, 44.96456000014428], [-93.24399300007578, 44.964511999792684], [-93.24371199986837, 44.96444899990587], [-93.24320600042839, 44.96435700007801], [-93.24269300041742, 44.964293000221275], [-93.24239600031649, 44.96426999973892], [-93.24217799985828, 44.964250999720385], [-93.2416570003497, 44.9642319996955], [-93.24113599994278, 44.96423600016959], [-93.2408489998876, 44.96423499973331], [-93.24063100032772, 44.96423399993258], [-93.2392350004099, 44.96423000009396], [-93.23708700010648, 44.96422400001771], [-93.23631100032976, 44.9642170001398], [-93.23616400001667, 44.9642170001398], [-93.23567600012004, 44.96421899974179], [-93.23339300009741, 44.96422600025506], [-93.2331739998143, 44.96422700005593], [-93.23301599963055, 44.96422499981861], [-93.23190500011808, 44.96421400010103], [-93.23145900005423, 44.96422099997932], [-93.23102100038633, 44.96424999991993], [-93.2305760001474, 44.964303000124175], [-93.23014500015218, 44.96437300003105], [-93.22972300037779, 44.96446400003653], [-93.2294849998281, 44.96452799970248], [-93.22923200010811, 44.96459700017602], [-93.2287810000214, 44.96474800007534], [-93.22865799999775, 44.964793000221], [-93.22831700041422, 44.964927000021966], [-93.22789599956641, 44.96511899979842], [-93.22728800001919, 44.96540700016491], [-93.22696599980392, 44.96558099980482], [-93.22681600001609, 44.96565199983504], [-93.22661500017463, 44.96575000004573], [-93.22573499974253, 44.966157999940464], [-93.22594999982768, 44.96630700001518], [-93.22678400022903, 44.9659090001675], [-93.22693200036704, 44.96606400013787], [-93.22765200006727, 44.966582999843475], [-93.22795099981799, 44.966784000146966], [-93.22835500004905, 44.96701900022848], [-93.22878299967122, 44.967190999929436], [-93.22890599969487, 44.96720599997869], [-93.22899299973349, 44.967116000259985], [-93.2291040000616, 44.966999000096735], [-93.2292039996207, 44.96729900006933], [-93.2297240002027, 44.96746499982902], [-93.22989200043217, 44.967486999921896], [-93.23042600035957, 44.967612000202955], [-93.23058899966787, 44.967661999984855], [-93.23163599960625, 44.96791200014733], [-93.2323290004406, 44.96810800030591], [-93.23410899959967, 44.96848700026286], [-93.23433100025584, 44.96851899976729], [-93.2343489997992, 44.96853200001763], [-93.23467299966428, 44.968576000012085], [-93.23467299966428, 44.968410000289836], [-93.23548100012637, 44.96853999973028], [-93.23629000041338, 44.968651000314836], [-93.23693399994562, 44.96878400028], [-93.23754099966791, 44.968810999743084], [-93.23796800036351, 44.968914000143876], [-93.23838799958976, 44.969043999713115], [-93.2387850001481, 44.96919599969622], [-93.23915900024191, 44.96937600009186], [-93.23931099967956, 44.96911999975501], [-93.23976900033726, 44.96955100011148], [-93.24088099967466, 44.969194000267706], [-93.240905999789, 44.969188999789445], [-93.2409040001392, 44.968871999848545], [-93.2424819996319, 44.96887899979395], [-93.24249300040087, 44.969996999726334], [-93.24406400022087, 44.97001300001287], [-93.24407099989358, 44.96889199996276], [-93.24423400010019, 44.968961999989816], [-93.2445169999574, 44.96908300009842], [-93.24566299962999, 44.969575000090686], [-93.24566699982793, 44.969771999990755], [-93.24566699982793, 44.97001999981907], [-93.24565900033035, 44.971157000034005], [-93.24639199955104, 44.97116500001603], [-93.2467399997056, 44.97116999968648], [-93.24723099997526, 44.971176000307274], [-93.24723099997526, 44.97128199994342], [-93.24723099997526, 44.97172200015184], [-93.24687299977496, 44.971787999955524], [-93.24593499961654, 44.971961000274405], [-93.24574299999593, 44.97199299974722], [-93.24464599982885, 44.972177999844796], [-93.24431699994088, 44.972233999969625], [-93.24370099999771, 44.97234299980619], [-93.24241300003492, 44.97256899991502], [-93.24138399963991, 44.972752999773355], [-93.24020899965502, 44.97296500001102], [-93.23935000003762, 44.97311800005242], [-93.23926399982389, 44.97313600003046], [-93.23926800002185, 44.97325700023045], [-93.23933699961883, 44.97550999980434], [-93.23962700004707, 44.97646700002813], [-93.24065200024413, 44.97736300026094], [-93.24101299991914, 44.97755299994231], [-93.24121200011078, 44.97779099971178], [-93.24123999969986, 44.97781200009259], [-93.24286599977145, 44.9784820002159], [-93.24400899996928, 44.97886400015639], [-93.24502599977045, 44.97888200023718], [-93.24538999981851, 44.97888800005105], [-93.24540800026018, 44.97885099970619], [-93.24575499969148, 44.978911999935676], [-93.24787000038293, 44.9788629999752], [-93.25023899972098, 44.979371999701144], [-93.25062799988342, 44.97946800027527], [-93.25140000036049, 44.97965900013857], [-93.25142399975161, 44.97966499987114], [-93.25263800009458, 44.980167999787845], [-93.25372500021592, 44.98061699989447], [-93.25385300026242, 44.98067000022554], [-93.25429199975525, 44.98085199985046], [-93.2550559998364, 44.98112599993484], [-93.25582099974248, 44.981398999843705], [-93.2571239997739, 44.981865000127165], [-93.2574069996311, 44.98146399981193], [-93.25764500018079, 44.98112800021821], [-93.25775399996073, 44.980973000290355], [-93.25817099971225, 44.98040799981381]]]}, "properties": {"ZCTA5": "55454", "district_id": 55454, "zip_code": "55454"}, "id": 55454}, {"type": "Feature", "geometry": {"type": "Polygon", "coordinates": [[[-93.2975079996284, 44.92649100005276], [-93.29728699969544, 44.926353000244674], [-93.29709599989975, 44.926197000034705], [-93.29692799967025, 44.9260220000819], [-93.29679899979882, 44.92583499968482], [-93.29670699973731, 44.925635999998356], [-93.29665400003388, 44.92543400010057], [-93.29663099956933, 44.92522400010242], [-93.29658500043689, 44.92491500030847], [-93.29656199997235, 44.92481199979577], [-93.29650900026891, 44.9247129997835], [-93.2964020001388, 44.92451499988318], [-93.29632599997082, 44.92430899978291], [-93.29628800033596, 44.92409900012447], [-93.29627200044246, 44.923885000228026], [-93.29628800033596, 44.923656000190036], [-93.29632599997082, 44.923427999750864], [-93.29639399974286, 44.92320299995353], [-93.29663099956933, 44.922515999758396], [-93.29644800016955, 44.92249299970605], [-93.29626499987144, 44.92249299970605], [-93.29608199957333, 44.92251200019245], [-93.29590599984624, 44.92254999987429], [-93.29560100024771, 44.922634000186484], [-93.29531099981949, 44.92272899977822], [-93.2950299996121, 44.92283999993244], [-93.29479199996071, 44.92295500004366], [-93.29454000006564, 44.92304600021189], [-93.29427300010194, 44.923115000313246], [-93.29400600013827, 44.923164000187406], [-93.29372400010595, 44.92319100012619], [-93.29346700018802, 44.92319899979933], [-93.29344200007365, 44.923195000280934], [-93.29338799964697, 44.923195000280934], [-93.29210700025519, 44.92319100012619], [-93.2908479997064, 44.92319100012619], [-93.28958900005591, 44.923186999971165], [-93.2891220000757, 44.923185000211554], [-93.28831500033682, 44.92318299981581], [-93.28826900030607, 44.92318299981581], [-93.28759499973829, 44.92318899973065], [-93.28701800015318, 44.923195000280934], [-93.28572099996958, 44.923202000074006], [-93.28443100035695, 44.923206000228035], [-93.28313400017333, 44.9232139998991], [-93.28183699998971, 44.92322200020511], [-93.28053300013339, 44.92322899999493], [-93.27922799955384, 44.92324099981438], [-93.2779570002078, 44.92324800023791], [-93.27793100026852, 44.923255999903176], [-93.27664900015351, 44.92326699983855], [-93.27537500043444, 44.92327900028612], [-93.27538299993203, 44.92147399973264], [-93.27538299993203, 44.920765000302325], [-93.27538299993203, 44.91965900030738], [-93.27504900002118, 44.91966100018971], [-93.27454000020818, 44.919663000071935], [-93.27451699974362, 44.92328400031285], [-93.27435400043532, 44.92328400031285], [-93.2740709996798, 44.923286000069005], [-93.27277400039448, 44.92329399972892], [-93.27146100031733, 44.923305000293134], [-93.27018000002724, 44.92331399982799], [-93.26891299998084, 44.9233229999975], [-93.26827100009842, 44.92332700014307], [-93.26827600012128, 44.925134999895846], [-93.26821500002191, 44.926932000120594], [-93.26815800012051, 44.928749000212655], [-93.26809700002114, 44.93054599994739], [-93.268206999626, 44.930660999895586], [-93.26822500006767, 44.93227299987401], [-93.26821500002191, 44.93236100011224], [-93.268206999626, 44.932440000203954], [-93.26819800030347, 44.934067000298704], [-93.26819699958027, 44.93415199999314], [-93.26819499993043, 44.934251000271686], [-93.26820099977822, 44.93483099970175], [-93.26822199969462, 44.93587799993313], [-93.26822599989256, 44.93595499968736], [-93.26823000009053, 44.93605299974548], [-93.2682359999383, 44.937222000124265], [-93.2682419997861, 44.937371999937334], [-93.26887699999583, 44.9373660002321], [-93.26888000036887, 44.93755100007475], [-93.2688829998436, 44.93774900018777], [-93.26889000041461, 44.93776699981735], [-93.27017199963132, 44.937763000041464], [-93.27146100031733, 44.93775600011505], [-93.27275099992994, 44.9377479999256], [-93.274000000433, 44.93774400014839], [-93.27408999994637, 44.93774400014839], [-93.27453199981224, 44.93774099999735], [-93.27485599967734, 44.93774099999735], [-93.27533000022858, 44.93773999973499], [-93.2766270004122, 44.93773700021966], [-93.27793100026852, 44.937732999805775], [-93.27969200005934, 44.93772500024898], [-93.27975499980853, 44.93772900002752], [-93.27981799955772, 44.93772500024898], [-93.28140299962145, 44.93772500024898], [-93.28305800000535, 44.93772099983426], [-93.28433199972446, 44.93771700005521], [-93.28561399983947, 44.93771700005521], [-93.28691100002307, 44.93771700005521], [-93.2882080002067, 44.93771700005521], [-93.2882709999559, 44.93771399990272], [-93.2894900003217, 44.93771399990272], [-93.29075599964489, 44.93771200001299], [-93.29203799975991, 44.93771000012319], [-93.2932970003087, 44.93771000012319], [-93.29328899991276, 44.93769199983984], [-93.29330399998138, 44.935902000008035], [-93.29331999987491, 44.93588700004191], [-93.29335000001214, 44.93408200010429], [-93.29336500008074, 44.930450000173806], [-93.29335800040808, 44.9296229997653], [-93.29404899979596, 44.929199999776785], [-93.2944730001185, 44.92894100019769], [-93.29479100013582, 44.92882599998562], [-93.29520899971223, 44.92864699999937], [-93.2954880002698, 44.92848800029698], [-93.29592699976264, 44.92811899992766], [-93.2975079996284, 44.92649100005276]]]}, "properties": {"ZCTA5": "55409", "district_id": 55409, "zip_code": "55409"}, "id": 55409}, {"type": "Feature", "geometry": {"type": "Polygon", "coordinates": [[[-93.26838999992411, 44.91620399979253], [-93.26849700005423, 44.916103000207954], [-93.26773799999596, 44.91611100023192], [-93.26646400027686, 44.91611100023192], [-93.26520499972806, 44.916110000228976], [-93.26391599994035, 44.91610700022005], [-93.26264200022126, 44.91610700022005], [-93.26136000010627, 44.91610700022005], [-93.26006299992262, 44.91610600021705], [-93.25879699970115, 44.916103000207954], [-93.25752299998204, 44.916103000207954], [-93.25624099986703, 44.91610000019866], [-93.25504900016372, 44.91609900019553], [-93.25495899975202, 44.91610000019866], [-93.25486800041375, 44.91609800019243], [-93.25369900027664, 44.91609600018607], [-93.25236500028309, 44.91609400017965], [-93.25111400013022, 44.9160920001732], [-93.25107599959706, 44.9160920001732], [-93.25112800037391, 44.915511999810846], [-93.25075000008216, 44.915681999920295], [-93.25051200043077, 44.915770000131126], [-93.25029800017052, 44.91583200001079], [-93.2498520001067, 44.9159440001369], [-93.24944000037804, 44.916014999870924], [-93.24915800034573, 44.91605300003299], [-93.24888299998612, 44.91606600008267], [-93.24859000008315, 44.91607700012239], [-93.24810800003432, 44.916069000093685], [-93.24768799990976, 44.916073000108206], [-93.24730700014325, 44.9160560000447], [-93.2472689996101, 44.916054000036915], [-93.2460019995637, 44.916046000005025], [-93.24356799992833, 44.9160389999762], [-93.24305699956716, 44.9160389999762], [-93.24254600010433, 44.91605800005244], [-93.24218299988117, 44.916085000149984], [-93.24039699997599, 44.91629599983907], [-93.24016599999732, 44.916283999841355], [-93.23936500010623, 44.91639299972865], [-93.23841199987919, 44.916401999710125], [-93.23497399996317, 44.91639899971644], [-93.23346400024253, 44.9164049997036], [-93.23342900008241, 44.917896999964924], [-93.23341999986158, 44.9179489997495], [-93.23339899994518, 44.91798699990487], [-93.23338399987658, 44.91799700024288], [-93.23335499956424, 44.91801499970192], [-93.23329199981507, 44.91803399976092], [-93.23319399990578, 44.918045000060026], [-93.23218399977733, 44.91803199982195], [-93.23218499960224, 44.91826899973676], [-93.23217799992955, 44.91969600002742], [-93.23210099993666, 44.921482000281], [-93.23210099993666, 44.923286000069005], [-93.23318399986003, 44.9232950002429], [-93.23325300035532, 44.923301000146004], [-93.23330900043182, 44.92332700014307], [-93.23335499956424, 44.9233640000452], [-93.23340399996806, 44.9234290002625], [-93.2334209996865, 44.92349500028066], [-93.2334270004326, 44.92359999971966], [-93.23340700034112, 44.92508400010119], [-93.23466500016667, 44.92508700027746], [-93.23595399995439, 44.925091000300185], [-93.2371740001451, 44.925094999686586], [-93.23719800043457, 44.92510199988425], [-93.23846399975773, 44.92510599990594], [-93.23834999995492, 44.925195000157466], [-93.23834999995492, 44.925561999916745], [-93.23771700029332, 44.92555700008828], [-93.23766500041478, 44.92684200019999], [-93.23784899963948, 44.92691200000907], [-93.23784699998967, 44.92870099979815], [-93.2378350002941, 44.930514000252685], [-93.23782299970023, 44.93230999973767], [-93.23781199982957, 44.933807000078296], [-93.23787999960165, 44.93381799990111], [-93.23833700043444, 44.93381799990111], [-93.23833700043444, 44.93402099989534], [-93.23845700008503, 44.93411599973391], [-93.23781000017975, 44.93411399971882], [-93.23719000003865, 44.934113000029214], [-93.23719000003865, 44.93592499977886], [-93.23887300001164, 44.93592499977886], [-93.23887399983656, 44.93682600003233], [-93.23887600038469, 44.93772900002752], [-93.23887700020961, 44.93793900009113], [-93.2382849996576, 44.93798300001924], [-93.2382849996576, 44.93815500028183], [-93.23808499964105, 44.9381500002778], [-93.23807999961817, 44.93821599991477], [-93.23807799996834, 44.93912299998813], [-93.23859400035238, 44.93912999974789], [-93.23859600000219, 44.939451000259716], [-93.23874599979004, 44.939451000259716], [-93.23874599979004, 44.939544999786634], [-93.23874599979004, 44.93962299994015], [-93.23875099981292, 44.93991099983371], [-93.23808700018918, 44.93991099983371], [-93.23809399986189, 44.94109799973769], [-93.2383700000464, 44.94110300012089], [-93.23837300041946, 44.94123099999046], [-93.23832599966546, 44.94134399976235], [-93.23827999963471, 44.941455000188284], [-93.23828200018286, 44.94188800019943], [-93.23809899988474, 44.94188800019943], [-93.23809399986189, 44.94262999974617], [-93.23827499961183, 44.94262800002766], [-93.23827499961183, 44.94285199986168], [-93.2382710003122, 44.942943000299636], [-93.23826799993915, 44.94301600007156], [-93.23827299996202, 44.94335599978976], [-93.23810399990762, 44.943351000238586], [-93.23811099958031, 44.94420800011239], [-93.23824199999989, 44.94421300022471], [-93.238305999574, 44.944495999896255], [-93.23841699990207, 44.944503000272626], [-93.23848899987209, 44.94450799972343], [-93.23849399989497, 44.94455500013506], [-93.2385039999407, 44.94463900005794], [-93.2382849996576, 44.944648000065094], [-93.23828999968045, 44.944762999749734], [-93.23829399987841, 44.94486700022818], [-93.23827999963471, 44.945219000107066], [-93.23806100024991, 44.945224000131326], [-93.23803699996047, 44.94632799978696], [-93.23767100026258, 44.94632299985885], [-93.23757199963005, 44.94640600026229], [-93.23767899976016, 44.94656100015048], [-93.23890200032398, 44.94833099991806], [-93.23893699958575, 44.948371999916034], [-93.23873999994225, 44.948371999916034], [-93.23834900013, 44.948371999916034], [-93.23806500044788, 44.948371999916034], [-93.23818199972543, 44.94852999980494], [-93.23892499989019, 44.949538999859705], [-93.23943799990117, 44.950181999717074], [-93.24054699976382, 44.95157299986779], [-93.2408680001542, 44.95197700007983], [-93.24122700017938, 44.95244799980352], [-93.24189400017616, 44.95359299982516], [-93.24230599990481, 44.95434299979913], [-93.24246800028652, 44.95463800000183], [-93.24253000021079, 44.95474900015092], [-93.24297000042684, 44.955547999854325], [-93.24322099959869, 44.95554699990225], [-93.24378700021144, 44.95554599995012], [-93.24406400022087, 44.95554599995012], [-93.24607799973168, 44.9555420001415], [-93.247353000174, 44.955540000237086], [-93.24737800028836, 44.955535999792296], [-93.24855499992307, 44.95553499984001], [-93.24861900039548, 44.95553399988767], [-93.24867100027402, 44.95553499984001], [-93.24988600044188, 44.95553199998297], [-93.25115199976506, 44.95553299993531], [-93.25241899981145, 44.95553199998297], [-93.25368500003295, 44.95553199998297], [-93.25495899975202, 44.95553199998297], [-93.2562099999049, 44.95553199998297], [-93.257483999624, 44.95553199998297], [-93.25750700008852, 44.953743000095514], [-93.26005600024993, 44.9537509999633], [-93.26003299978541, 44.95553199998297], [-93.26131400007552, 44.95552800017333], [-93.2625810001219, 44.95552800017333], [-93.26383999977237, 44.95552800017333], [-93.26512100006248, 44.95552800017333], [-93.26638800010886, 44.95552800017333], [-93.2676440002846, 44.95552800017333], [-93.26767000022389, 44.95552399972775], [-93.26800499995963, 44.95552399972775], [-93.26808000030272, 44.95552399972775], [-93.26809799984606, 44.955421000076996], [-93.26811000043993, 44.95510900013644], [-93.26814800007476, 44.954132000003945], [-93.26834800009131, 44.95412200023544], [-93.26835499976401, 44.9538249999589], [-93.26820999999906, 44.9537289996885], [-93.26841500003846, 44.951939000159], [-93.2684030003429, 44.95102700023329], [-93.26841699968828, 44.950612999947325], [-93.26796200030194, 44.95059900004823], [-93.26797800019546, 44.95031399986148], [-93.26798999989103, 44.950097000229185], [-93.26838999992411, 44.950111000250736], [-93.26839199957392, 44.95005899969938], [-93.2683969995968, 44.94987300005586], [-93.26841000001558, 44.94873399999203], [-93.26796200030194, 44.94872700013162], [-93.26794899988315, 44.9484689996861], [-93.26794899988315, 44.94835299971903], [-93.26794899988315, 44.94823100031184], [-93.26795599955584, 44.94806199996471], [-93.26841699968828, 44.94803500027318], [-93.2684030003429, 44.94734299970148], [-93.2683969995968, 44.946745000143075], [-93.26838699955105, 44.946664999914695], [-93.2683759996804, 44.94657599987135], [-93.26836999983261, 44.94508299978835], [-93.26844500017569, 44.94498200010988], [-93.26844400035078, 44.94456300001193], [-93.26835899996198, 44.943172999911134], [-93.26825000018204, 44.94138100014011], [-93.26813999967885, 44.93956900023644], [-93.26828399961889, 44.93948900018172], [-93.26824500015914, 44.93788599969935], [-93.26825000018204, 44.93777100022887], [-93.26825400037998, 44.937657000155944], [-93.2682419997861, 44.937371999937334], [-93.2682359999383, 44.937222000124265], [-93.26823000009053, 44.93605299974548], [-93.26822599989256, 44.93595499968736], [-93.26822199969462, 44.93587799993313], [-93.26820099977822, 44.93483099970175], [-93.26819499993043, 44.934251000271686], [-93.26819699958027, 44.93415199999314], [-93.26819800030347, 44.934067000298704], [-93.268206999626, 44.932440000203954], [-93.26821500002191, 44.93236100011224], [-93.26822500006767, 44.93227299987401], [-93.268206999626, 44.930660999895586], [-93.26809700002114, 44.93054599994739], [-93.26815800012051, 44.928749000212655], [-93.26821500002191, 44.926932000120594], [-93.26827600012128, 44.925134999895846], [-93.26827100009842, 44.92332700014307], [-93.26830200006056, 44.92152600009649], [-93.26825900040285, 44.91971999986742], [-93.26834399989335, 44.91962299986927], [-93.2683759996804, 44.918005999973076], [-93.26837400003059, 44.91790699968248], [-93.26837200038077, 44.917834999768786], [-93.26838999992411, 44.91620399979253]]]}, "properties": {"ZCTA5": "55407", "district_id": 55407, "zip_code": "55407"}, "id": 55407}, {"type": "Feature", "geometry": {"type": "Polygon", "coordinates": [[[-93.14689199985585, 44.97879100022973], [-93.1468960000538, 44.978715000294336], [-93.1468890003811, 44.978358999858074], [-93.14687799961213, 44.978235999871856], [-93.14684199962714, 44.97809399974044], [-93.14681099966498, 44.978015999760245], [-93.14674899974071, 44.977866000037885], [-93.14668099996864, 44.977651999720806], [-93.14663499993789, 44.977436000099296], [-93.14650799971628, 44.97742899992733], [-93.14655700012008, 44.9756290002395], [-93.14656399979278, 44.973877999786666], [-93.1465649996177, 44.973549000234044], [-93.14656899981566, 44.97246500006554], [-93.14657300001362, 44.971344999952095], [-93.14657700021158, 44.97045499980835], [-93.14657700021158, 44.97040600024764], [-93.14657700021158, 44.97021399973681], [-93.14658100040953, 44.969321000066216], [-93.14658399988427, 44.96841199974567], [-93.14658800008223, 44.96734900012407], [-93.14406900005804, 44.96697699981668], [-93.14295500017252, 44.96683100011319], [-93.14180199992896, 44.966682999886466], [-93.1415390001632, 44.9666530001461], [-93.13914700036062, 44.96647000018254], [-93.13648699987114, 44.96630100015616], [-93.13143999960197, 44.966026000011674], [-93.12637899998738, 44.96574299971842], [-93.12638999985803, 44.96295399983572], [-93.12638499983515, 44.9620509999856], [-93.12638099963719, 44.96114700005197], [-93.12637499978942, 44.96024199998825], [-93.12637099959146, 44.95933599974781], [-93.12636599956859, 44.95842999982148], [-93.12636100044402, 44.95753900024419], [-93.12635600042115, 44.95664299988028], [-93.12635600042115, 44.956623999878545], [-93.1263520002232, 44.955954999889954], [-93.12635100039829, 44.95571799972203], [-93.12634600037542, 44.9548119998823], [-93.12634100035255, 44.95393999969396], [-93.12634100035255, 44.95391900010779], [-93.12633499960644, 44.95302999977158], [-93.12632999958358, 44.95212300007686], [-93.12632799993375, 44.95180399988558], [-93.12632700010884, 44.95162999978522], [-93.12632499956071, 44.95128199990915], [-93.12662900023264, 44.95127899982978], [-93.12736300017656, 44.95129300019878], [-93.12886100020164, 44.95127899982978], [-93.12885700000368, 44.95033900030257], [-93.12632000043614, 44.95033600017392], [-93.12631500041327, 44.94942999992326], [-93.12631100021531, 44.94897700015688], [-93.12617999979575, 44.94897500002369], [-93.1238959999482, 44.94899299994847], [-93.1237620000539, 44.94898600011969], [-93.12376000040409, 44.94853699968938], [-93.12370099995452, 44.94853699968938], [-93.12122200011333, 44.94854599972118], [-93.12122399976315, 44.949438999814994], [-93.12076000015597, 44.94944099993207], [-93.12047599957552, 44.94944199999055], [-93.12048300014654, 44.94936299976626], [-93.12047399992571, 44.949004000041036], [-93.11867100030211, 44.94901899975929], [-93.11867100030211, 44.949213000127635], [-93.118672000127, 44.94945099988044], [-93.11612799998848, 44.949491000292305], [-93.11612799998848, 44.95017099985028], [-93.11612799998848, 44.950399000299484], [-93.11612799998848, 44.950672000256546], [-93.11612799998848, 44.950971999780705], [-93.11612799998848, 44.951114999703485], [-93.11612799998848, 44.9511449999399], [-93.11516200024096, 44.951031999751685], [-93.11420700036409, 44.95093499986272], [-93.11355200006288, 44.950878999924285], [-93.11317100029638, 44.95084600008255], [-93.11263999984372, 44.950807000013974], [-93.11104300008444, 44.95080199984025], [-93.10993000002384, 44.950796000266955], [-93.10746500042633, 44.950779999706434], [-93.10726100021184, 44.95076799991885], [-93.10702199983723, 44.95078299981188], [-93.10678099981281, 44.950785999917166], [-93.10656499990274, 44.95078299981188], [-93.10632600042646, 44.95076799991885], [-93.1061110003413, 44.95074599977205], [-93.10602099992961, 44.95073299994136], [-93.10589100023327, 44.95089199972186], [-93.10584799967724, 44.95093799996006], [-93.10579300032398, 44.95100500018576], [-93.10547600013157, 44.95144300012322], [-93.1056250000945, 44.951532000249095], [-93.10584600002743, 44.95173499991986], [-93.10588700003531, 44.95181300004081], [-93.10597599972377, 44.952038000284844], [-93.10604400039415, 44.95237399993954], [-93.1059980003634, 44.95489999990595], [-93.1059630002033, 44.955799999941846], [-93.10594700030975, 44.95669500018731], [-93.10594999978451, 44.95684200018921], [-93.10375700017356, 44.9568369999056], [-93.1022189999655, 44.95683999969441], [-93.1008740001013, 44.956843000118766], [-93.10087099972826, 44.95791700019433], [-93.09957600009277, 44.95792600002657], [-93.09884999964645, 44.95735699973327], [-93.0988759995857, 44.95585999995088], [-93.09744600023102, 44.955860999897546], [-93.09700500019004, 44.95597600000244], [-93.09722399957487, 44.95624900013006], [-93.09876099995799, 44.958401000117284], [-93.09877199982864, 44.958469999696305], [-93.09880699998874, 44.95867900027333], [-93.0986010001244, 44.95943499982624], [-93.09833099978768, 44.96043099995244], [-93.09826499966545, 44.960671999810806], [-93.09823100022857, 44.9608009997648], [-93.09813999999197, 44.9611370002346], [-93.0980780000677, 44.96136600019154], [-93.09793599977746, 44.961887999974394], [-93.0979240000819, 44.96193299982098], [-93.097915999686, 44.96196200028253], [-93.09791700040921, 44.962949000084734], [-93.097915999686, 44.96319300026384], [-93.09971099981198, 44.963176000162576], [-93.10144499983862, 44.96318600026019], [-93.10367799963252, 44.96320000026671], [-93.10562799956922, 44.96321299981577], [-93.10591299997458, 44.963204999995824], [-93.1062390003878, 44.96322100027017], [-93.10725600018895, 44.96327100006575], [-93.10778400026857, 44.96333700005979], [-93.1083630004018, 44.96343499977596], [-93.10849100044831, 44.9634640001139], [-93.10968999982433, 44.96373499995504], [-93.110293000247, 44.963916000132635], [-93.11180499961746, 44.964325999957694], [-93.11231000013083, 44.96446199980746], [-93.11296500043206, 44.96462200011527], [-93.11344599975767, 44.96471599973842], [-93.11428000015904, 44.964893000206466], [-93.11520099970069, 44.96504900016622], [-93.1161299996383, 44.96518000001657], [-93.11677800026682, 44.9652380001847], [-93.11750700018786, 44.96530600002224], [-93.11978199981458, 44.96657100018254], [-93.11868999967037, 44.966571999942495], [-93.11856900019484, 44.96657299970248], [-93.11860900037782, 44.96747199994613], [-93.120319000115, 44.96747100020186], [-93.12091099976871, 44.96747100020186], [-93.12125100042566, 44.96746999982195], [-93.12125100042566, 44.96757500020913], [-93.12124899987751, 44.968054999803755], [-93.12124800005259, 44.96837300017525], [-93.12148400005415, 44.96837300017525], [-93.12301700023932, 44.96836999971833], [-93.12380700025976, 44.96881000002215], [-93.12380499971161, 44.96926899976233], [-93.1238030000618, 44.97017500012053], [-93.12624900029104, 44.970167999697736], [-93.12636100044402, 44.970167999697736], [-93.12636100044402, 44.970229999962804], [-93.12636100044402, 44.97095100011256], [-93.13120500032365, 44.973778000213066], [-93.13141000036305, 44.973778999847454], [-93.13224700023912, 44.97378099975163], [-93.13224300004117, 44.974237000231696], [-93.13218100011689, 44.97438199988934], [-93.13289499996932, 44.97441800031728], [-93.13289900016728, 44.97458599968534], [-93.13291900025878, 44.975559999691534], [-93.13490799965523, 44.975592999936325], [-93.13490799965523, 44.97566699972301], [-93.13487300039343, 44.97566100020759], [-93.13487000002038, 44.97642599976832], [-93.13482300016472, 44.976488999845465], [-93.1347720001111, 44.976556999689706], [-93.13468199969941, 44.976562000161], [-93.13468199969941, 44.97692799992415], [-93.13483700040844, 44.97694899998557], [-93.13483400003538, 44.97715999975191], [-93.13476600026331, 44.977136999980715], [-93.13476299989027, 44.97731199983129], [-93.13478800000463, 44.97739099970504], [-93.13505800034136, 44.9773919999119], [-93.1352230001978, 44.97739300011871], [-93.13535999956684, 44.97739300011871], [-93.13538200020646, 44.97739300011871], [-93.1354550000014, 44.9773919999119], [-93.13563099972849, 44.97767699968916], [-93.13582099969928, 44.977847000074696], [-93.13597499968508, 44.97795099969576], [-93.13614299991457, 44.97800599970626], [-93.13629100005258, 44.978037000058656], [-93.13644300038854, 44.9780549997636], [-93.13704099989002, 44.97804199976543], [-93.13712200008086, 44.97804800030266], [-93.1372729996936, 44.97807000014888], [-93.1374190001818, 44.97810600016788], [-93.13755800009898, 44.97815399994624], [-93.13771200008475, 44.97822700004849], [-93.13782699971247, 44.978300000057764], [-93.13792899981974, 44.97838299996411], [-93.13801500003345, 44.97847399998364], [-93.13809600022431, 44.97859199980093], [-93.13814399990488, 44.97869700016112], [-93.13817300021722, 44.97880400005809], [-93.13818300026296, 44.97891400029624], [-93.13819900015646, 44.979461999886645], [-93.13821500005, 44.97964499970112], [-93.13825299968482, 44.979885000010036], [-93.13831899980707, 44.980143999793526], [-93.13840800039385, 44.98039999985034], [-93.13852100037175, 44.98065099992067], [-93.13870700014458, 44.981021999718436], [-93.13880699970369, 44.98122499989842], [-93.13885399955937, 44.9813169999937], [-93.13892999972735, 44.981435999815105], [-93.1390390004056, 44.98156899999599], [-93.13916699955381, 44.9816929999536], [-93.139313000042, 44.98180600012209], [-93.1394760002486, 44.98190699980301], [-93.13962699986135, 44.98198400008197], [-93.13975300025804, 44.98204500015524], [-93.13991399991653, 44.98214700017445], [-93.14002400041969, 44.98223500020717], [-93.14007299992518, 44.98228200021984], [-93.14015599976587, 44.98237399988981], [-93.14023899960654, 44.98249199994105], [-93.14030100042913, 44.98261599980854], [-93.14033700041414, 44.98272900006398], [-93.14034400008684, 44.9827559999515], [-93.14036199963017, 44.98287499996308], [-93.14036900020119, 44.98343200009711], [-93.1403700000261, 44.983465999724736], [-93.14037599987388, 44.98349999996754], [-93.14038900029269, 44.983573999716235], [-93.14043000030057, 44.98367999994536], [-93.14048200017909, 44.98376399978398], [-93.14050599957022, 44.983796000295236], [-93.1405740002406, 44.98387299994325], [-93.14067399979972, 44.983957000134424], [-93.1407909999756, 44.98402899974647], [-93.14091999984701, 44.9840880000054], [-93.1429879997845, 44.984731999722754], [-93.1430089997009, 44.98460799998437], [-93.1430589999296, 44.984398999838824], [-93.1430720003484, 44.98435399982635], [-93.14311900020405, 44.984243999858954], [-93.14317699993038, 44.98415300010186], [-93.14326300014409, 44.984055000201906], [-93.14335299965748, 44.98397800016299], [-93.14347099965825, 44.98389899983404], [-93.14360299990271, 44.98383299999048], [-93.14374699984278, 44.98378100013724], [-93.14403499972285, 44.983694000032905], [-93.14440700016684, 44.98358099977338], [-93.14500399984342, 44.98340000001807], [-93.14511299962338, 44.983363000043376], [-93.14518600031663, 44.98333099992582], [-93.14531099999007, 44.98326399995932], [-93.14541200027243, 44.98319300012753], [-93.14551100000664, 44.98310300008012], [-93.14558899982444, 44.983006999873815], [-93.14609500016273, 44.982277000247365], [-93.1461560002621, 44.982170999965696], [-93.1461920002471, 44.982073999979846], [-93.1462120003386, 44.981960000212396], [-93.14621099961535, 44.98185899998944], [-93.14619300007202, 44.981759999849835], [-93.14615200006413, 44.98164899985582], [-93.14608900031494, 44.981542999683874], [-93.14601800016983, 44.98145599999575], [-93.14593199995609, 44.98137599986662], [-93.14588900029841, 44.98134299977284], [-93.14556799990804, 44.98110699978109], [-93.14551699985441, 44.98106699980466], [-93.14541999977003, 44.980973000290355], [-93.14534199995224, 44.98086999994257], [-93.1452909998986, 44.98077499995744], [-93.14525300026376, 44.980661000148785], [-93.14523800019515, 44.980544999809815], [-93.14524599969276, 44.98042899987158], [-93.14525599973851, 44.980378999782005], [-93.14529599992146, 44.98025799999476], [-93.14535600019593, 44.98014200011126], [-93.14543499983864, 44.980031999687284], [-93.14553299974794, 44.979929000190715], [-93.14564800027398, 44.979836000245676], [-93.1457770001454, 44.979752999900896], [-93.14645699966266, 44.97936999999195], [-93.14657600038666, 44.97929300001492], [-93.14666699972494, 44.97921599993454], [-93.14675499958848, 44.97911900003263], [-93.14682200043396, 44.9790149999883], [-93.14686799956638, 44.97890499994385], [-93.14689199985585, 44.97879100022973]]]}, "properties": {"ZCTA5": "55103", "district_id": 55103, "zip_code": "55103"}, "id": 55103}, {"type": "Feature", "geometry": {"type": "Polygon", "coordinates": [[[-93.20776900038564, 44.95902799968277], [-93.20777699988327, 44.95874300003619], [-93.20756500017116, 44.95878899970249], [-93.20716900033602, 44.9588620002994], [-93.2066610003479, 44.95896000003174], [-93.20613800029119, 44.95904899994198], [-93.203647999681, 44.95920099971234], [-93.2022590003342, 44.95927500030789], [-93.20031600007017, 44.95927600019505], [-93.20013100012225, 44.959170999873166], [-93.20013000029734, 44.95922600009601], [-93.20013000029734, 44.959282000153124], [-93.20013000029734, 44.95930799975244], [-93.20012799974921, 44.95957699975606], [-93.19955799983681, 44.95923700013422], [-93.19910099990233, 44.95919100019147], [-93.19856600015002, 44.95912800018236], [-93.19789699960512, 44.95899099987331], [-93.19716100001136, 44.958780000005575], [-93.19245600004894, 44.95722499989565], [-93.1924259999117, 44.9573009997044], [-93.19233200020038, 44.957422000254454], [-93.19239300029975, 44.95720400024024], [-93.18884700042868, 44.95603499988394], [-93.18848199965738, 44.95600700018478], [-93.1880819996243, 44.95605599996715], [-93.18762999971268, 44.95611299988191], [-93.18738200001556, 44.9561830002462], [-93.18709999998327, 44.956279000225564], [-93.18678799981372, 44.95645799989722], [-93.18659500036819, 44.95663199998041], [-93.18641899974277, 44.956832000257236], [-93.18532400012384, 44.95904100017713], [-93.18505700016013, 44.959543999830565], [-93.18478900037154, 44.95997500030968], [-93.18455099982187, 44.960301999802205], [-93.18409800008533, 44.960917999856576], [-93.18399400032824, 44.96127600020922], [-93.18389800006878, 44.96183900008719], [-93.18384600019024, 44.96217100021648], [-93.18384600019024, 44.96255499977726], [-93.18386799993155, 44.96291900029848], [-93.18373400003725, 44.96320299972286], [-93.18375599977857, 44.96679900030264], [-93.18424100020044, 44.96837500026794], [-93.18355099973914, 44.96872399980345], [-93.18227299982209, 44.96875300000985], [-93.17846199963716, 44.96878900015802], [-93.17720700018464, 44.96880099999052], [-93.17466700024407, 44.96886799969776], [-93.17341000024342, 44.96890799992198], [-93.17336199966454, 44.96890900027677], [-93.17199300040919, 44.968946999764206], [-93.17180099989027, 44.9689579998453], [-93.17156900008665, 44.96898400014409], [-93.17128799987927, 44.96903499971818], [-93.170424000239, 44.969179000102784], [-93.17013100033604, 44.96922899978986], [-93.17004500012231, 44.96924300022829], [-93.16972899975482, 44.96928399990372], [-93.16951000037002, 44.96930500022219], [-93.1691499996216, 44.96932599989737], [-93.16713799976061, 44.96934000031212], [-93.16711099999642, 44.96934000031212], [-93.1670449998742, 44.96934100002386], [-93.16697999957685, 44.96934199973558], [-93.16697999957685, 44.96969499983616], [-93.16697999957685, 44.970259000043306], [-93.16714299978348, 44.9702809997001], [-93.16810299968321, 44.97041200031283], [-93.17401500031589, 44.97121699987198], [-93.17488399997903, 44.971317000098004], [-93.18090700004149, 44.97181800018778], [-93.19255099958518, 44.97280199987091], [-93.19567300003204, 44.97308200007939], [-93.19596500011008, 44.973116999771], [-93.19742200012728, 44.97326499991954], [-93.19996999956544, 44.973818000190555], [-93.20032299974287, 44.97390500002928], [-93.20111799978616, 44.97410100004428], [-93.20164699969067, 44.974278999775784], [-93.20221300030343, 44.97447100002351], [-93.20224300044065, 44.974477999921135], [-93.20229199994615, 44.97448999983434], [-93.2023720003121, 44.97450800001725], [-93.20241400014488, 44.97449900024427], [-93.20243900025925, 44.97450800001725], [-93.20251100022925, 44.97453399970655], [-93.20324699982301, 44.97459699995593], [-93.20500099994113, 44.97476000007804], [-93.20768099962379, 44.975207999711415], [-93.20768300017191, 44.974919000008136], [-93.20768399999683, 44.974745999715395], [-93.20768700036987, 44.97428500007129], [-93.20768700036987, 44.974162000243005], [-93.20769200039275, 44.9731660001931], [-93.2076949998675, 44.97258300017367], [-93.2077020004385, 44.971587000027995], [-93.20769300021767, 44.971497999866706], [-93.2076959996924, 44.97140199993062], [-93.20770400008831, 44.97123299981817], [-93.207710999761, 44.97002300018969], [-93.20771300030916, 44.96960399986681], [-93.20771400013408, 44.969439999997554], [-93.20772599982963, 44.96801000031034], [-93.20773300040064, 44.96642299992054], [-93.20774099989825, 44.964607000025886], [-93.20775599996686, 44.962807000237405], [-93.20776199981465, 44.96059000019683], [-93.20776299963956, 44.96033300018998], [-93.20776400036277, 44.960117000174385], [-93.20776799966242, 44.96006800004591], [-93.20777000021057, 44.960033999893284], [-93.20777000021057, 44.96000600023853], [-93.20777000021057, 44.95997299992411], [-93.20777000021057, 44.959904000245565], [-93.20777000021057, 44.959792999897644], [-93.20777000021057, 44.95976199985372], [-93.20777000021057, 44.95969299992142], [-93.20777000021057, 44.959664000219895], [-93.20777000021057, 44.95963200022538], [-93.20776900038564, 44.95902799968277]]]}, "properties": {"ZCTA5": "55114", "district_id": 55114, "zip_code": "55114"}, "id": 55114}, {"type": "Feature", "geometry": {"type": "Polygon", "coordinates": [[[-93.3204800001449, 44.936225999718935], [-93.32048799964251, 44.9359130000655], [-93.3204729995739, 44.935756999747404], [-93.32042700044146, 44.935611999756624], [-93.32034299987755, 44.935470999971415], [-93.32022900007473, 44.93534499995162], [-93.32008400030978, 44.93523399979598], [-93.31990799968436, 44.93514600014456], [-93.31971699988866, 44.93507800017706], [-93.31951900042026, 44.9350359999137], [-93.31916000039506, 44.93502000004761], [-93.31880200019475, 44.935024000014565], [-93.3187770000804, 44.935027999981195], [-93.31763499970748, 44.9350359999137], [-93.31755799971458, 44.9350359999137], [-93.31719200001669, 44.93503199994759], [-93.3168260003188, 44.935047000137054], [-93.3164599997226, 44.935084999794], [-93.31527700024009, 44.935214999701984], [-93.31496400024565, 44.935214999701984], [-93.31465899974881, 44.93519600023764], [-93.31434599975437, 44.935161999975605], [-93.3141170003238, 44.9351199997737], [-93.31409100038455, 44.93511700012151], [-93.31388899981987, 44.93505900003145], [-93.31367499955964, 44.934975000082225], [-93.31343100006048, 44.93485300022483], [-93.31321000012753, 44.934715000157155], [-93.31300400026322, 44.93455899976429], [-93.31293499976792, 44.9345049997497], [-93.31276999991147, 44.93440999991869], [-93.31269000044384, 44.93437900015408], [-93.31263900039022, 44.93435500007861], [-93.3123349997183, 44.93423999989587], [-93.3120109998532, 44.93414399993747], [-93.31167699994235, 44.93407400003887], [-93.3114130003517, 44.934035000021986], [-93.31114899986275, 44.93402200022249], [-93.31088500027211, 44.93403300000413], [-93.31082699964746, 44.93403300000413], [-93.31074499963171, 44.93403900005755], [-93.31060499988962, 44.934043000092835], [-93.31053600029266, 44.93403799973075], [-93.31047299964514, 44.93401899987699], [-93.31043300036049, 44.93398700020948], [-93.31037599956076, 44.93389600020308], [-93.3103360002761, 44.93382199995178], [-93.31030199994092, 44.93362799971684], [-93.31030799978872, 44.93347499992493], [-93.31031899965934, 44.933406999886564], [-93.31033000042832, 44.9332930000531], [-93.31035299999455, 44.933150999955224], [-93.31035899984232, 44.933042999771075], [-93.3103420001239, 44.932939999842006], [-93.31031299981157, 44.93286600026668], [-93.31023400016885, 44.932752999708555], [-93.31010299974929, 44.9326389998488], [-93.31000599966491, 44.93253599983107], [-93.30988799966414, 44.932445999787895], [-93.30981400004428, 44.93232700007951], [-93.30966900027933, 44.93216299986365], [-93.30950199987475, 44.93201799970148], [-93.30942499988187, 44.93193399975588], [-93.30937999967601, 44.9318430003121], [-93.30937200017843, 44.93173599994304], [-93.30936600033063, 44.93166499992096], [-93.30933000034562, 44.93159599991397], [-93.3092650000483, 44.93153300013933], [-93.30918600040557, 44.931483000036785], [-93.30909299962084, 44.931447999748336], [-93.30876999958066, 44.93137499989577], [-93.30851000018798, 44.93131600010389], [-93.30833899958543, 44.9312380001136], [-93.30817899975186, 44.931088999919176], [-93.30809300043646, 44.930932999852025], [-93.30806499994905, 44.93073300027129], [-93.30796899968958, 44.93028999998259], [-93.30783399997037, 44.929944999762675], [-93.30775699997747, 44.929790999933836], [-93.30764499982448, 44.92964499973963], [-93.30755699996094, 44.92955000013702], [-93.30739700012735, 44.92950000021613], [-93.3072170002023, 44.92950000021613], [-93.30712299959266, 44.92950000021613], [-93.30698600022363, 44.92945699991866], [-93.30688300029146, 44.929387999802955], [-93.30681399979618, 44.929277000217084], [-93.30681399979618, 44.92920799988515], [-93.30683999973544, 44.928985999803196], [-93.30684899995626, 44.92877999983633], [-93.30682300001702, 44.928659999743566], [-93.3067460000241, 44.92859199972811], [-93.30662600037353, 44.928557000221886], [-93.3064630001669, 44.928557000221886], [-93.30587800018588, 44.928573999766655], [-93.30529800022775, 44.92859600014273], [-93.3047099998737, 44.92859600014273], [-93.30413099974048, 44.92856600020593], [-93.30355099978233, 44.928513000067326], [-93.30293999986206, 44.92843200008498], [-93.3023449998353, 44.92832600014754], [-93.30206700000096, 44.92826500018484], [-93.30174999980855, 44.92819599990916], [-93.3011699998504, 44.92804300027419], [-93.3006059997858, 44.927872000050286], [-93.30004900029219, 44.92767299978849], [-93.2995150003648, 44.92745599979746], [-93.29899599960771, 44.927219000254084], [-93.29849199981757, 44.92696399990291], [-93.29839300008337, 44.92689899986925], [-93.29828599995325, 44.92683800029919], [-93.29802700038547, 44.92671199978307], [-93.29775200002587, 44.926605000031344], [-93.2975079996284, 44.92649100005276], [-93.29592699976264, 44.92811899992766], [-93.2954880002698, 44.92848800029698], [-93.29520899971223, 44.92864699999937], [-93.29479100013582, 44.92882599998562], [-93.2944730001185, 44.92894100019769], [-93.29404899979596, 44.929199999776785], [-93.29335800040808, 44.9296229997653], [-93.29336500008074, 44.930450000173806], [-93.29335000001214, 44.93408200010429], [-93.29331999987491, 44.93588700004191], [-93.29330399998138, 44.935902000008035], [-93.29328899991276, 44.93769199983984], [-93.2932970003087, 44.93771000012319], [-93.29203799975991, 44.93771000012319], [-93.29075599964489, 44.93771200001299], [-93.2894900003217, 44.93771399990272], [-93.2882709999559, 44.93771399990272], [-93.2882080002067, 44.93771700005521], [-93.28691100002307, 44.93771700005521], [-93.28561399983947, 44.93771700005521], [-93.28433199972446, 44.93771700005521], [-93.28305800000535, 44.93772099983426], [-93.28140299962145, 44.93772500024898], [-93.27981799955772, 44.93772500024898], [-93.27975499980853, 44.93772900002752], [-93.27969200005934, 44.93772500024898], [-93.27793100026852, 44.937732999805775], [-93.2766270004122, 44.93773700021966], [-93.27533000022858, 44.93773999973499], [-93.27485599967734, 44.93774099999735], [-93.27453199981224, 44.93774099999735], [-93.27408999994637, 44.93774400014839], [-93.274000000433, 44.93774400014839], [-93.27275099992994, 44.9377479999256], [-93.27146100031733, 44.93775600011505], [-93.27017199963132, 44.937763000041464], [-93.26889000041461, 44.93776699981735], [-93.2688829998436, 44.93774900018777], [-93.26888000036887, 44.93755100007475], [-93.26887699999583, 44.9373660002321], [-93.2682419997861, 44.937371999937334], [-93.26825400037998, 44.937657000155944], [-93.26825000018204, 44.93777100022887], [-93.26824500015914, 44.93788599969935], [-93.26828399961889, 44.93948900018172], [-93.26813999967885, 44.93956900023644], [-93.26825000018204, 44.94138100014011], [-93.26835899996198, 44.943172999911134], [-93.26844400035078, 44.94456300001193], [-93.26844500017569, 44.94498200010988], [-93.26836999983261, 44.94508299978835], [-93.2683759996804, 44.94657599987135], [-93.26838699955105, 44.946664999914695], [-93.2683969995968, 44.946745000143075], [-93.2684030003429, 44.94734299970148], [-93.26841699968828, 44.94803500027318], [-93.26795599955584, 44.94806199996471], [-93.26794899988315, 44.94823100031184], [-93.26794899988315, 44.94835299971903], [-93.26794899988315, 44.9484689996861], [-93.26796200030194, 44.94872700013162], [-93.26841000001558, 44.94873399999203], [-93.2683969995968, 44.94987300005586], [-93.26839199957392, 44.95005899969938], [-93.26838999992411, 44.950111000250736], [-93.26798999989103, 44.950097000229185], [-93.26797800019546, 44.95031399986148], [-93.26796200030194, 44.95059900004823], [-93.26841699968828, 44.950612999947325], [-93.2684030003429, 44.95102700023329], [-93.26841500003846, 44.951939000159], [-93.26820999999906, 44.9537289996885], [-93.26835499976401, 44.9538249999589], [-93.26834800009131, 44.95412200023544], [-93.26814800007476, 44.954132000003945], [-93.26811000043993, 44.95510900013644], [-93.26894999979075, 44.955107000216884], [-93.26894399994298, 44.95552500031597], [-93.26978199964397, 44.955527000220904], [-93.2699160004366, 44.955527000220904], [-93.27021000016445, 44.95552800017333], [-93.27056199961866, 44.95552800017333], [-93.27149999977708, 44.955530000078205], [-93.27276599999855, 44.95553199998297], [-93.27403999971764, 44.95553199998297], [-93.27533699990128, 44.95553399988767], [-93.27534500029721, 44.95551600010712], [-93.27534899959684, 44.954836000306656], [-93.27544099965834, 44.9547919999448], [-93.27592899955498, 44.95479399987529], [-93.27592600008025, 44.955268999828874], [-93.27614399964013, 44.95526400004385], [-93.27620899993747, 44.95523999979849], [-93.27630299964879, 44.955266999914905], [-93.27646599985542, 44.95527199969962], [-93.27661300016851, 44.955260000215574], [-93.27668900033649, 44.955253999836934], [-93.27717899988295, 44.955251999922424], [-93.27723300030962, 44.955266999914905], [-93.27771600018337, 44.95526200012976], [-93.2778800002149, 44.95525499979411], [-93.27787799966677, 44.95553199998297], [-93.2796400001808, 44.955535999792296], [-93.28131899995586, 44.955535999792296], [-93.28296699976875, 44.955540000237086], [-93.28360799982627, 44.955537999696894], [-93.28422499959433, 44.955535999792296], [-93.28550000003665, 44.955540000237086], [-93.28676600025811, 44.955535999792296], [-93.28803999997722, 44.955535999792296], [-93.28932200009223, 44.9555369997446], [-93.29059599981132, 44.955537999696894], [-93.29186200003281, 44.95553900028483], [-93.29315199964542, 44.955540000237086], [-93.29441100019422, 44.955540000237086], [-93.29568499991329, 44.9555420001415], [-93.29678899975308, 44.95554300009366], [-93.29822499985389, 44.95554400004584], [-93.29838600041067, 44.955540000237086], [-93.29974899981822, 44.95609299976213], [-93.30059099971717, 44.9564350000879], [-93.30231499969807, 44.95713399985006], [-93.30354300028472, 44.95763399994631], [-93.30362699995031, 44.95743599976049], [-93.30367299998106, 44.95723000014546], [-93.3036960004456, 44.95702000008528], [-93.30367999965375, 44.95681400024813], [-93.30366499958515, 44.956691999755265], [-93.30361199988168, 44.95657300007708], [-93.3035280002161, 44.95646699995833], [-93.30342100008599, 44.95636699990663], [-93.30328399981865, 44.95628699973983], [-93.30298599989281, 44.956165000033565], [-93.30266600022566, 44.95606200026194], [-93.30233800016259, 44.955982000305646], [-93.3021620004355, 44.95594000007732], [-93.30198699963502, 44.95587900020559], [-93.30183400037245, 44.955807000211], [-93.30168899970919, 44.95571499987455], [-93.30156700040877, 44.955611999930966], [-93.30146000027864, 44.95548600024843], [-93.30138400011066, 44.95535299996559], [-93.3013310004072, 44.955211999711445], [-93.30130799994267, 44.95506699990482], [-93.30131499961536, 44.95492199973183], [-93.3013310004072, 44.95483800023566], [-93.30136900004203, 44.95475799984436], [-93.30162799960982, 44.954265999912586], [-93.30167399964057, 44.95420800009488], [-93.30172700024234, 44.95415500010065], [-93.30186500033459, 44.95401000016612], [-93.30199400020602, 44.95385400006862], [-93.30209399976515, 44.953693000260884], [-93.3021620004355, 44.953522000128366], [-93.30222299963656, 44.95332699971242], [-93.30229899980455, 44.95313999985822], [-93.30240599993466, 44.952957000019566], [-93.30246700003404, 44.95287300019001], [-93.30259699973037, 44.95272800019496], [-93.30271899992913, 44.952624999975946], [-93.30337500005524, 44.952128000135495], [-93.3036040003841, 44.95195399974599], [-93.30390899998261, 44.95173599993834], [-93.3042450004416, 44.95153799974545], [-93.30459600007087, 44.95135899998496], [-93.30496199976878, 44.951199000198855], [-93.30512199960233, 44.9511379997378], [-93.30505899985316, 44.95098999971499], [-93.3050270000661, 44.950835999741464], [-93.3050270000661, 44.9506840000642], [-93.30501899967018, 44.95048099985482], [-93.3050270000661, 44.950389999922514], [-93.30501500037055, 44.95028000028676], [-93.3050410003098, 44.95009800027627], [-93.30512999999827, 44.94999100022774], [-93.30522299988468, 44.94987800031051], [-93.30532900018989, 44.94969500024271], [-93.30537600004556, 44.949623000118606], [-93.30543100029713, 44.94949700000201], [-93.30550200044225, 44.94917699977456], [-93.30550800029003, 44.949004000041036], [-93.30548099962753, 44.94848999999492], [-93.30634900036408, 44.94893000018692], [-93.30677500033643, 44.94913400022389], [-93.30714799970703, 44.94930400001877], [-93.30719999958555, 44.94923300010207], [-93.30752199980084, 44.94917899990071], [-93.3076530002204, 44.94919699976158], [-93.30768800038051, 44.9492189998664], [-93.30781100040416, 44.94924500021058], [-93.30799999965173, 44.94931199986954], [-93.30848000005074, 44.949564000002596], [-93.30866800037171, 44.94963899973013], [-93.30943599975251, 44.94981799976892], [-93.31016399984865, 44.94991899983923], [-93.31040900007105, 44.94992300003976], [-93.31094999967112, 44.94987500015777], [-93.3114400001159, 44.94976600022364], [-93.31191299994391, 44.94963899973013], [-93.3123769995511, 44.94943500021651], [-93.31276800026164, 44.949396999884186], [-93.31311100039332, 44.94929099986147], [-93.31339900027342, 44.94918400021583], [-93.31400900036878, 44.94892699998462], [-93.31456300038765, 44.948634999888974], [-93.31523799988203, 44.94844200018607], [-93.31562399967142, 44.94824199991465], [-93.31592300032048, 44.94816899979462], [-93.31591300027472, 44.94810200007298], [-93.31594199968872, 44.94802600016125], [-93.315967999628, 44.94800799993321], [-93.31645499969972, 44.94881399987994], [-93.31644399982906, 44.94868300017217], [-93.31646899994341, 44.94854599972118], [-93.31651800034722, 44.94841800026656], [-93.31663100032512, 44.94814599984207], [-93.31676500021942, 44.94787999991464], [-93.31694799961922, 44.94762800001757], [-93.31715400038186, 44.94738399976942], [-93.31736000024618, 44.94717000016243], [-93.31758100017912, 44.94696799970637], [-93.31781800000557, 44.94677699969457], [-93.31810000003789, 44.9464989997368], [-93.3183750003975, 44.946213000058435], [-93.31862599956935, 44.94591899990426], [-93.31893199989109, 44.94557599972864], [-93.31920600042581, 44.94521699984292], [-93.31941200029013, 44.944938999959895], [-93.3194809998871, 44.944823999992046], [-93.3195799996213, 44.94464900020711], [-93.31971699988866, 44.944350999719816], [-93.319846999585, 44.94400399973572], [-93.31996899978374, 44.94365700019746], [-93.32009900037839, 44.94318399984738], [-93.3201980001126, 44.942711000051034], [-93.32022800024981, 44.94225699985046], [-93.32023699957233, 44.94194800012839], [-93.32026500005975, 44.9414940002526], [-93.3203100002656, 44.940731000052516], [-93.3203100002656, 44.94051300022216], [-93.3202969998468, 44.94022399994991], [-93.32022099967881, 44.939998999813305], [-93.3201219999446, 44.939780999747086], [-93.31999999974587, 44.93957100006154], [-93.319846999585, 44.93936900020852], [-93.31972500028458, 44.93917799971273], [-93.31964099972066, 44.93897200005716], [-93.31958800001723, 44.93876300020082], [-93.3195799996213, 44.93854900025029], [-93.31960300008583, 44.93833899987408], [-93.31967199968283, 44.938129000001624], [-93.31977100031531, 44.937930999927126], [-93.31990799968436, 44.93773999973499], [-93.32009099998247, 44.9374540002969], [-93.32024400014335, 44.93715700025317], [-93.32036600034208, 44.93685200026663], [-93.32044199961176, 44.93654300007109], [-93.3204800001449, 44.936225999718935]]]}, "properties": {"ZCTA5": "55408", "district_id": 55408, "zip_code": "55408"}, "id": 55408}, {"type": "Feature", "geometry": {"type": "Polygon", "coordinates": [[[-93.30470499985081, 44.96910399985492], [-93.30470800022387, 44.96819299980977], [-93.30456000008586, 44.96808500008203], [-93.30454300036745, 44.96797900025743], [-93.30452699957559, 44.96642299992054], [-93.3032529998565, 44.96642299992054], [-93.3032460001838, 44.96543499972617], [-93.3032460001838, 44.96444299985251], [-93.30329200021455, 44.96328400023429], [-93.3031619996199, 44.96322299990686], [-93.303084999627, 44.96319599972037], [-93.30302400042596, 44.963158000236795], [-93.30268100029427, 44.96282200016176], [-93.30260500012629, 44.962775999915124], [-93.30252099956239, 44.962746000038365], [-93.3024219998282, 44.96273000026718], [-93.30196400006879, 44.96272899980464], [-93.3011549997818, 44.96272700015071], [-93.30070500041832, 44.96272599968807], [-93.29946099993815, 44.96272300020698], [-93.29817200015043, 44.962719000263014], [-93.29810900040124, 44.96272300020698], [-93.29689800043133, 44.962714999683136], [-93.29563100038493, 44.962714999683136], [-93.29435699976753, 44.962710999738604], [-93.29307600037575, 44.96270800025673], [-93.29279699981818, 44.96270800025673], [-93.2925030000903, 44.96270800025673], [-93.29242699992231, 44.962816999763646], [-93.29243100012027, 44.963398000266004], [-93.29180699978122, 44.96339299991809], [-93.29180799960614, 44.96291300008506], [-93.29180900032935, 44.96272599968807], [-93.29181699982696, 44.96270800025673], [-93.29155599971105, 44.962702999848666], [-93.29134900002182, 44.962702999848666], [-93.29112300006601, 44.96282699992382], [-93.2909320002703, 44.96304999992789], [-93.29066600013152, 44.96304100026375], [-93.29066600013152, 44.96282699992382], [-93.29053300006213, 44.96283199968545], [-93.2904329996047, 44.96283600025717], [-93.29005199983818, 44.96283099986026], [-93.29003299957161, 44.962984000239295], [-93.28947600007801, 44.96299800029515], [-93.28935700025234, 44.963004999686184], [-93.28935200022946, 44.96270400031171], [-93.28926799966555, 44.96270400031171], [-93.28910299980912, 44.962702999848666], [-93.28800200034237, 44.96269999973079], [-93.28782400006715, 44.96281800022469], [-93.28754200003485, 44.96281800022469], [-93.28754700005771, 44.96296899972165], [-93.28755299990549, 44.96315299986801], [-93.28704599974229, 44.96308500002083], [-93.28607900016986, 44.96309200003687], [-93.28537899966281, 44.963116999996345], [-93.28418699995949, 44.96319199980938], [-93.28418600013457, 44.963017999914996], [-93.28418399958645, 44.96282099970083], [-93.28425599955646, 44.962702999848666], [-93.28391099977496, 44.962702999848666], [-93.28323399973245, 44.96270400031171], [-93.28335900030423, 44.96313800003013], [-93.2832720002656, 44.96324699999133], [-93.28285200014103, 44.96323999999421], [-93.28156199963009, 44.963218999997764], [-93.2815409997137, 44.96316399978897], [-93.2809569995576, 44.96316999997609], [-93.28084299975478, 44.963169000156796], [-93.28086399967117, 44.96364099999564], [-93.28083000023432, 44.96391499969077], [-93.2808229996633, 44.96392799971338], [-93.2807160004315, 44.964233000131884], [-93.28053999980608, 44.9641880001825], [-93.27932700018636, 44.964191000222606], [-93.27781699956739, 44.96419500006395], [-93.27781699956739, 44.96396599995816], [-93.27781699956739, 44.96269599978521], [-93.27657299998555, 44.962691999839315], [-93.2765350003507, 44.962691999839315], [-93.27528400019783, 44.96269599978521], [-93.27401700015143, 44.962691999839315], [-93.2733889996144, 44.96269400013009], [-93.27337400044411, 44.96387600024085], [-93.27287700032664, 44.96386899968491], [-93.27287999980138, 44.96396100029538], [-93.2728739999536, 44.964040999932465], [-93.27287899997646, 44.96459499995159], [-93.27342899979737, 44.96460000019475], [-93.27341200007893, 44.96522000027033], [-93.2734020000332, 44.966274999912315], [-93.2728739999536, 44.966274000147145], [-93.27276599999855, 44.966274000147145], [-93.27275799960265, 44.966323999824205], [-93.27275699977773, 44.96641299975166], [-93.27275699977773, 44.96654099974802], [-93.27273699968624, 44.966706000036936], [-93.27269499985344, 44.96680500010958], [-93.27259500029434, 44.9669169999922], [-93.2725509999134, 44.96696699974438], [-93.27250900008062, 44.96700100023733], [-93.27241199999624, 44.967084999723916], [-93.27229300017055, 44.96719500019718], [-93.27222799987322, 44.967251999851], [-93.27189399996237, 44.96753300020444], [-93.27179699987799, 44.96762599976492], [-93.27169700031888, 44.967789999736404], [-93.2716139995799, 44.968078999773404], [-93.27161000028025, 44.96853600019186], [-93.2716069999072, 44.9689219998032], [-93.27162500034885, 44.96949000009263], [-93.27165399976286, 44.9696149998219], [-93.2717550000452, 44.96978099986999], [-93.27199600006962, 44.96998999991737], [-93.27207200023761, 44.970078000177736], [-93.27214699968236, 44.97022300018227], [-93.27220199993396, 44.97036100005648], [-93.27145899976918, 44.9712830002568], [-93.27056499999169, 44.97221899996426], [-93.27195000003887, 44.97279400011722], [-93.27199100004677, 44.972810999910244], [-93.27332300039048, 44.973412000045336], [-93.27469199964581, 44.97396700006757], [-93.27390300034861, 44.97490299981932], [-93.27387999988409, 44.97493000021479], [-93.27530400028932, 44.97554600015963], [-93.27697600039168, 44.97641799988468], [-93.27598600035469, 44.97713500019358], [-93.27592500025534, 44.977180000153275], [-93.27481800004252, 44.97797799992701], [-93.2737049999819, 44.978790000047255], [-93.27366599962383, 44.97881699988349], [-93.27256000013422, 44.97961800025483], [-93.2737200000505, 44.98045299974657], [-93.27373500011913, 44.98043799998475], [-93.27485700040057, 44.98124400001307], [-93.2750640000898, 44.981393000292584], [-93.27532699985555, 44.98158099969614], [-93.27542200029009, 44.98164799972326], [-93.27557399972775, 44.98175700009322], [-93.27597799995878, 44.98204400002958], [-93.27649500016774, 44.98241400022516], [-93.27683300027654, 44.982657000090015], [-93.27745800044052, 44.98310500029447], [-93.27821400012576, 44.98364300015142], [-93.2789079998867, 44.984139000126405], [-93.27933499968395, 44.98444399981597], [-93.27961699971627, 44.98424100023235], [-93.28012399987948, 44.984244999946284], [-93.28264299990366, 44.98421200023317], [-93.28288300010317, 44.98434400024238], [-93.28316900033343, 44.98443799994811], [-93.28332900016702, 44.98446500030149], [-93.2838220000865, 44.984444999899765], [-93.2834349995739, 44.98417199988154], [-93.28295800044623, 44.983835000179354], [-93.28164399964587, 44.98289900008497], [-93.28058599983683, 44.98214300031415], [-93.2803570004063, 44.98211000002648], [-93.28026399962155, 44.98205500014021], [-93.27968799986138, 44.98161599991923], [-93.27957700043162, 44.98152899970646], [-93.2794019996311, 44.98138399969391], [-93.27891200008466, 44.98097499994364], [-93.2786479995957, 44.98075500017462], [-93.27876999979443, 44.980721000210096], [-93.2795060002865, 44.98023100020169], [-93.27960300037088, 44.98014300027014], [-93.27974200028805, 44.98002899984025], [-93.28021400029115, 44.97964300000145], [-93.28074900004346, 44.97920300019958], [-93.28089299998351, 44.979103999921776], [-93.28099599991567, 44.97905900020116], [-93.28108999962699, 44.979026000044676], [-93.28125899968138, 44.97898899978886], [-93.2815330002161, 44.9789300000014], [-93.28157900024685, 44.97789699983051], [-93.28160799966085, 44.97697799984585], [-93.2818019998296, 44.97693299972768], [-93.28418699995949, 44.9769399999602], [-93.2841950003554, 44.97596400005302], [-93.2855829998773, 44.97597099976836], [-93.2855829998773, 44.975293000131956], [-93.28576199997745, 44.97527899989943], [-93.28595100012335, 44.975264000054956], [-93.28619700017065, 44.97524699971813], [-93.28654100012723, 44.975202000147966], [-93.28733899964524, 44.97515699990701], [-93.28755899975327, 44.97515000009227], [-93.28783400011288, 44.975117999839036], [-93.28804900019806, 44.97509100016752], [-93.28803699960417, 44.97545699978737], [-93.28803699960417, 44.97570999972693], [-93.28803699960417, 44.97582300024859], [-93.28803800032739, 44.97605599969341], [-93.28807299958918, 44.97722000029959], [-93.28807099993935, 44.97735900006694], [-93.29023000011341, 44.97620000024335], [-93.29440299979828, 44.974056000210346], [-93.29531699966728, 44.973473999981096], [-93.29817999964803, 44.971652999987036], [-93.29898100043744, 44.97117200031717], [-93.29945400026544, 44.970917000054385], [-93.29994999965969, 44.97067600001756], [-93.30046100002085, 44.97045899984845], [-93.3009869995523, 44.97026100007024], [-93.30152899987561, 44.970084999976], [-93.30171999967132, 44.97004299990255], [-93.30190999964212, 44.97001599974835], [-93.30210899983375, 44.97000499987016], [-93.3023449998353, 44.97000099979838], [-93.30248999960025, 44.96998999991737], [-93.3026279996925, 44.96995900029902], [-93.30374099975313, 44.96968899969596], [-93.30413099974048, 44.96959400025249], [-93.30459600007087, 44.96948100016768], [-93.304154000205, 44.96945000027428], [-93.30393800029493, 44.969433999830684], [-93.30421699995419, 44.96927999978167], [-93.30470499985081, 44.96910399985492]]]}, "properties": {"ZCTA5": "55403", "district_id": 55403, "zip_code": "55403"}, "id": 55403}, {"type": "Feature", "geometry": {"type": "Polygon", "coordinates": [[[-93.207786999929, 44.95640200026239], [-93.20778199990612, 44.95608500022081], [-93.20777100003546, 44.95538299989381], [-93.20777100003546, 44.95522699971437], [-93.20776400036277, 44.95493299995949], [-93.20776199981465, 44.95476199970763], [-93.20776099998973, 44.95430800009467], [-93.2077590003399, 44.953263000266034], [-93.20775699979177, 44.95320900004192], [-93.20775000011906, 44.95303499975119], [-93.20359699962738, 44.950977999971364], [-93.20205599994459, 44.94837600022438], [-93.2007040004077, 44.943632000025104], [-93.20010400035807, 44.9415060000714], [-93.20062300021684, 44.93787600027984], [-93.20063900011037, 44.93753000021541], [-93.20064599978306, 44.93737899991056], [-93.20079100044633, 44.93430099987219], [-93.20060300012535, 44.93430000018585], [-93.19915199995594, 44.93429000014189], [-93.19841299998916, 44.93428899981941], [-93.1985140002715, 44.93518599971377], [-93.19842600040793, 44.93576900012936], [-93.19826700039928, 44.936124000065966], [-93.19826400002624, 44.936206000300004], [-93.19819500042927, 44.936423999949476], [-93.19805200031414, 44.93691800012381], [-93.19781399976443, 44.93778599970282], [-93.19777899960434, 44.937924000021184], [-93.19770199961144, 44.93824200015558], [-93.19758299978575, 44.93879200029023], [-93.1975640004175, 44.93914800021634], [-93.19756500024242, 44.9394489997946], [-93.19760299987725, 44.9395390003085], [-93.19771000000738, 44.93974400024581], [-93.19783100038119, 44.939956999969894], [-93.19788900010751, 44.940069000119834], [-93.19794799965874, 44.94021699968764], [-93.19798799984171, 44.94036800015958], [-93.1980089997581, 44.94052100002641], [-93.1980089997581, 44.94069600031347], [-93.19798799984171, 44.94084899994207], [-93.19794799965874, 44.94100000002359], [-93.19788900010751, 44.94114799973498], [-93.1978530001225, 44.941204000265245], [-93.19782499963509, 44.94126199987121], [-93.19781600031257, 44.94127699970499], [-93.19780299989378, 44.94132400021844], [-93.19778899965007, 44.941352000086624], [-93.19778199997738, 44.94136399993511], [-93.1977269997258, 44.94145299979295], [-93.19767999987013, 44.94151099978323], [-93.197648999908, 44.94154699985739], [-93.19747200035599, 44.94168699978973], [-93.197063999927, 44.94190899973659], [-93.19667800013761, 44.94208899990538], [-93.19627300008166, 44.942218999852905], [-93.19622600022599, 44.94224299982084], [-93.19611700044605, 44.942283999716274], [-93.19597199978277, 44.942322999853346], [-93.19585200013218, 44.94234299968511], [-93.1956989999713, 44.942354999962326], [-93.1955090000005, 44.94234200013878], [-93.19530300013618, 44.94236700023703], [-93.19516000002105, 44.94239199968854], [-93.19501799973082, 44.94242600012053], [-93.19489899990513, 44.94245999989651], [-93.19468899984287, 44.942519999863556], [-93.19473800024666, 44.942391000143054], [-93.19472900002583, 44.94205499990967], [-93.19367700006458, 44.94220099971143], [-93.19297099970974, 44.942293000092626], [-93.19257700042276, 44.94234200013878], [-93.1924469998281, 44.94227799988849], [-93.19244500017828, 44.94291200005484], [-93.19244400035338, 44.943122000237146], [-93.19244400035338, 44.94323699979948], [-93.19243799960726, 44.9451319999964], [-93.19243400030761, 44.94619700012773], [-93.1899040004128, 44.94620599989063], [-93.1873560000763, 44.94620900023516], [-93.18736199992408, 44.945149999854706], [-93.18736799977187, 44.9440030002183], [-93.18737199996981, 44.94326900003485], [-93.18737500034288, 44.94294099995618], [-93.18738600021352, 44.941667999923396], [-93.18738600021352, 44.941352000086624], [-93.18578100005831, 44.94133900003597], [-93.18416900023044, 44.941352000086624], [-93.18274300017538, 44.941346000161445], [-93.1827520003962, 44.941673999814974], [-93.18274800019825, 44.94215999975668], [-93.18274599965011, 44.94239999986679], [-93.18076399992637, 44.94239999986679], [-93.17858600038404, 44.9423899999617], [-93.17718399972011, 44.94239999986679], [-93.1746689998939, 44.94238000005492], [-93.17217699963388, 44.94232500021834], [-93.1708329995946, 44.942315000300184], [-93.169101999941, 44.94230000010179], [-93.16700300004139, 44.942288999996215], [-93.16445399987998, 44.9421040001589], [-93.16412800036508, 44.942080000132854], [-93.16189499967284, 44.94201900015406], [-93.15935999975513, 44.94194900031741], [-93.15814899978523, 44.94231000002256], [-93.15681899998964, 44.94224400000471], [-93.15426499980538, 44.9422389997209], [-93.1542589999576, 44.94156100005672], [-93.15297500019275, 44.94151799988774], [-93.15252300028114, 44.94144900027383], [-93.15171900001701, 44.94156100005672], [-93.15158799959744, 44.94170399989909], [-93.15159400034354, 44.94191899972545], [-93.15159799964319, 44.94205099979663], [-93.15135999999181, 44.94205099979663], [-93.15135999999181, 44.94232800012985], [-93.14915300013716, 44.942315999847], [-93.14692299981799, 44.94230400019748], [-93.14691799979511, 44.941679999705876], [-93.14660499980067, 44.9415149999339], [-93.14650299969341, 44.94139599994275], [-93.14406499986008, 44.94141700029573], [-93.1440720004311, 44.94209700012585], [-93.14407400008092, 44.94232400003587], [-93.14394500020948, 44.94234900014192], [-93.14206999971755, 44.94234900014192], [-93.14211900012135, 44.94211700003634], [-93.14164499957012, 44.94211700003634], [-93.1415230002697, 44.94212800017487], [-93.14141799978938, 44.94213699993983], [-93.14140299972078, 44.94235900005415], [-93.13964100010506, 44.942339000227996], [-93.13962600003644, 44.9421809998302], [-93.13909299993396, 44.942186000119115], [-93.13898499997892, 44.942184999934184], [-93.13898499997892, 44.942078999946126], [-93.1389830003291, 44.94139400018126], [-93.1364340001677, 44.94138299990206], [-93.13387400013565, 44.94137599978114], [-93.13388400018138, 44.94227699970522], [-93.13132599979913, 44.942273000243496], [-93.13132199960118, 44.941858999766175], [-93.12876800031522, 44.9417090002295], [-93.12864500029157, 44.94181100013512], [-93.12832399990121, 44.94179899974421], [-93.12803900039417, 44.941894000067975], [-93.12772899987444, 44.941894000067975], [-93.12728899965839, 44.941841000147654], [-93.1262109997579, 44.941824000078896], [-93.12621400013093, 44.941969999832295], [-93.12621900015381, 44.942263999864004], [-93.12622099980364, 44.94239699995903], [-93.12623199967429, 44.94317199974344], [-93.12623500004732, 44.94342699998165], [-93.12624500009308, 44.944063999996565], [-93.12625000011595, 44.94443200013978], [-93.12625799961354, 44.94495199983121], [-93.12626500018456, 44.945435999742685], [-93.12626900038252, 44.94577099977582], [-93.1262810000781, 44.946601000033176], [-93.12629299977365, 44.94741400004866], [-93.12630899966717, 44.94852700021752], [-93.12631100021531, 44.94897700015688], [-93.12631500041327, 44.94942999992326], [-93.12632000043614, 44.95033600017392], [-93.12885700000368, 44.95033900030257], [-93.12886100020164, 44.95127899982978], [-93.12736300017656, 44.95129300019878], [-93.12662900023264, 44.95127899982978], [-93.12632499956071, 44.95128199990915], [-93.12632700010884, 44.95162999978522], [-93.12632799993375, 44.95180399988558], [-93.12632999958358, 44.95212300007686], [-93.12633499960644, 44.95302999977158], [-93.12634100035255, 44.95391900010779], [-93.12634100035255, 44.95393999969396], [-93.12634600037542, 44.9548119998823], [-93.12635100039829, 44.95571799972203], [-93.1263520002232, 44.955954999889954], [-93.12635600042115, 44.956623999878545], [-93.12635600042115, 44.95664299988028], [-93.12636100044402, 44.95753900024419], [-93.12636599956859, 44.95842999982148], [-93.12637099959146, 44.95933599974781], [-93.12637499978942, 44.96024199998825], [-93.12638099963719, 44.96114700005197], [-93.12638499983515, 44.9620509999856], [-93.12638999985803, 44.96295399983572], [-93.12637899998738, 44.96574299971842], [-93.13143999960197, 44.966026000011674], [-93.13648699987114, 44.96630100015616], [-93.13914700036062, 44.96647000018254], [-93.1415390001632, 44.9666530001461], [-93.14180199992896, 44.966682999886466], [-93.14295500017252, 44.96683100011319], [-93.14406900005804, 44.96697699981668], [-93.14658800008223, 44.96734900012407], [-93.15124199999103, 44.968006000099436], [-93.15170300012349, 44.96806800015931], [-93.15426099960742, 44.96841199974567], [-93.15566999994402, 44.96863800009142], [-93.15681700033983, 44.96882300020654], [-93.15846299960461, 44.96904900020396], [-93.16061299955783, 44.96935699985784], [-93.16293699958834, 44.969659999962815], [-93.16371900011116, 44.969799999963556], [-93.16528999993116, 44.97002999999467], [-93.16638200007537, 44.97017799984753], [-93.16697999957685, 44.970259000043306], [-93.16697999957685, 44.96969499983616], [-93.16697999957685, 44.96934199973558], [-93.1670449998742, 44.96934100002386], [-93.16711099999642, 44.96934000031212], [-93.16713799976061, 44.96934000031212], [-93.1691499996216, 44.96932599989737], [-93.16951000037002, 44.96930500022219], [-93.16972899975482, 44.96928399990372], [-93.17004500012231, 44.96924300022829], [-93.17013100033604, 44.96922899978986], [-93.170424000239, 44.969179000102784], [-93.17128799987927, 44.96903499971818], [-93.17156900008665, 44.96898400014409], [-93.17180099989027, 44.9689579998453], [-93.17199300040919, 44.968946999764206], [-93.17336199966454, 44.96890900027677], [-93.17341000024342, 44.96890799992198], [-93.17466700024407, 44.96886799969776], [-93.17720700018464, 44.96880099999052], [-93.17846199963716, 44.96878900015802], [-93.18227299982209, 44.96875300000985], [-93.18355099973914, 44.96872399980345], [-93.18424100020044, 44.96837500026794], [-93.18375599977857, 44.96679900030264], [-93.18373400003725, 44.96320299972286], [-93.18386799993155, 44.96291900029848], [-93.18384600019024, 44.96255499977726], [-93.18384600019024, 44.96217100021648], [-93.18389800006878, 44.96183900008719], [-93.18399400032824, 44.96127600020922], [-93.18409800008533, 44.960917999856576], [-93.18455099982187, 44.960301999802205], [-93.18478900037154, 44.95997500030968], [-93.18505700016013, 44.959543999830565], [-93.18532400012384, 44.95904100017713], [-93.18641899974277, 44.956832000257236], [-93.18659500036819, 44.95663199998041], [-93.18678799981372, 44.95645799989722], [-93.18709999998327, 44.956279000225564], [-93.18738200001556, 44.9561830002462], [-93.18762999971268, 44.95611299988191], [-93.1880819996243, 44.95605599996715], [-93.18848199965738, 44.95600700018478], [-93.18884700042868, 44.95603499988394], [-93.19239300029975, 44.95720400024024], [-93.19233200020038, 44.957422000254454], [-93.1924259999117, 44.9573009997044], [-93.19245600004894, 44.95722499989565], [-93.19716100001136, 44.958780000005575], [-93.19789699960512, 44.95899099987331], [-93.19856600015002, 44.95912800018236], [-93.19910099990233, 44.95919100019147], [-93.19955799983681, 44.95923700013422], [-93.20012799974921, 44.95957699975606], [-93.20013000029734, 44.95930799975244], [-93.20013000029734, 44.959282000153124], [-93.20013000029734, 44.95922600009601], [-93.20013100012225, 44.959170999873166], [-93.20031600007017, 44.95927600019505], [-93.2022590003342, 44.95927500030789], [-93.203647999681, 44.95920099971234], [-93.20613800029119, 44.95904899994198], [-93.2066610003479, 44.95896000003174], [-93.20716900033602, 44.9588620002994], [-93.20756500017116, 44.95878899970249], [-93.20777699988327, 44.95874300003619], [-93.20777100003546, 44.95857199969586], [-93.20776799966242, 44.95842600021385], [-93.20776600001261, 44.95731200011167], [-93.207786999929, 44.95640200026239]]]}, "properties": {"ZCTA5": "55104", "district_id": 55104, "zip_code": "55104"}, "id": 55104}, {"type": "Feature", "geometry": {"type": "Polygon", "coordinates": [[[-93.10089199964465, 44.95060600031606], [-93.10084999981186, 44.95056199988977], [-93.10074900042784, 44.95045400002968], [-93.10050900022833, 44.95019899985382], [-93.10043399988525, 44.95023200006756], [-93.10033500015105, 44.950281999738756], [-93.09941799990902, 44.950753000021955], [-93.09935699980964, 44.95078399984696], [-93.09927700034203, 44.9507020000888], [-93.09923999963378, 44.95066399995956], [-93.09914500009754, 44.95056600004549], [-93.09868300014018, 44.95009199999361], [-93.09848599959838, 44.94987999977648], [-93.09771099964658, 44.94904699968908], [-93.09744899970576, 44.94876500027179], [-93.097262000108, 44.94856399978052], [-93.09716199965057, 44.9484580001268], [-93.09694699956542, 44.94823100031184], [-93.09692599964902, 44.94820899982833], [-93.09682899956464, 44.948112000254675], [-93.09679500012777, 44.948078000011364], [-93.09639500009469, 44.947680000228196], [-93.09593300013732, 44.94720699996435], [-93.0952419998511, 44.94649800026283], [-93.09397599962962, 44.947101999811295], [-93.09320300022594, 44.94626400016551], [-93.09445400037882, 44.945691000097426], [-93.09366900038125, 44.94485800025535], [-93.09281800026149, 44.94394000006658], [-93.09268799966684, 44.94384099996093], [-93.09247400030489, 44.94354200020476], [-93.09235600030412, 44.94338600026664], [-93.09229799967949, 44.94330999983347], [-93.09224499997603, 44.943233999935465], [-93.09168299956124, 44.94262800002766], [-93.08902600034313, 44.943512999971155], [-93.08821000038343, 44.9437959999143], [-93.0874970003559, 44.94401900012468], [-93.07922800008075, 44.94679400020406], [-93.07905700037652, 44.946802999873356], [-93.0794070001809, 44.94761400002618], [-93.07949800041747, 44.94773100030344], [-93.07961800006808, 44.947878999828966], [-93.079695000061, 44.948314999941886], [-93.07975399961221, 44.94841700019025], [-93.07981999973445, 44.94854200006043], [-93.07986199956724, 44.94860799983119], [-93.07991199979595, 44.948699000045764], [-93.0784360004105, 44.94935800010252], [-93.07820999955636, 44.949469000291735], [-93.07788599969128, 44.94964999969889], [-93.07747399996263, 44.94986799980072], [-93.07706899990667, 44.95018799999033], [-93.0767960000952, 44.95048399997589], [-93.07663999956128, 44.950812000187256], [-93.07662299984284, 44.95146099990979], [-93.07661199997219, 44.95196199986316], [-93.07398300034315, 44.95322899989543], [-93.07310999958374, 44.95365600018989], [-93.07290100024468, 44.95375799984669], [-93.07256399996079, 44.95392300002958], [-93.0724440003102, 44.95398100013527], [-93.07237200034017, 44.95401600003916], [-93.0719589998883, 44.95421899982369], [-93.07193399977393, 44.95423100016112], [-93.07177300011546, 44.95430900006838], [-93.07200400009413, 44.95445599982536], [-93.0723969995562, 44.95477000006908], [-93.0727559995814, 44.95500800029954], [-93.07307000029907, 44.95520500000541], [-93.07361799957185, 44.95554100018928], [-93.07421099994878, 44.95589899976425], [-93.07443899955442, 44.95606500009127], [-93.07450300002682, 44.95611199993964], [-93.07483600011275, 44.95631499993806], [-93.07521299968131, 44.9565489997435], [-93.07541000022312, 44.95668199979715], [-93.07563199998096, 44.95687599969061], [-93.07584600024121, 44.95707800023926], [-93.07594499997542, 44.9570339996894], [-93.07597000008977, 44.95702299986453], [-93.07613300029638, 44.95694900017864], [-93.07620699991624, 44.95691600001309], [-93.07673400017092, 44.95667900000007], [-93.07729200038774, 44.95642899983206], [-93.07736400035778, 44.95639699994043], [-93.07798199995075, 44.956076000099834], [-93.07803899985215, 44.95604699984162], [-93.07828499989945, 44.95591899995165], [-93.07831900023463, 44.95590400012961], [-93.07858299982529, 44.955785000088696], [-93.07890300039074, 44.955636999971304], [-93.07907900011783, 44.95555200029828], [-93.07931699976922, 44.955435000071276], [-93.07949699969427, 44.955346000276705], [-93.07957100021243, 44.95530900000009], [-93.08073500032665, 44.95472900019147], [-93.0813930001026, 44.95441299977977], [-93.08153700004264, 44.95434299979913], [-93.08159099957099, 44.95431699985723], [-93.0819420000986, 44.95414800026568], [-93.08245900030754, 44.95389899985907], [-93.08307600007561, 44.954562999813916], [-93.08392499964725, 44.95415600007702], [-93.08411999964092, 44.95433500001386], [-93.08446100012277, 44.954693000119704], [-93.08456499987985, 44.95481399981209], [-93.08464799972052, 44.95496200014497], [-93.08470299997212, 44.95519299987165], [-93.0847299997363, 44.95540800003392], [-93.08472499971342, 44.95574500024923], [-93.0847940002087, 44.95574500024923], [-93.08488600027022, 44.95574500024923], [-93.08489600031596, 44.95643699996112], [-93.0849070001866, 44.95714600021362], [-93.08492300008014, 44.957481999838905], [-93.08492899992793, 44.95763800024479], [-93.08487399967633, 44.957823000237546], [-93.08529899982378, 44.957825999974816], [-93.08611399995856, 44.9578339999091], [-93.08618500010365, 44.95783900010579], [-93.08629600043173, 44.957840999930134], [-93.08636000000584, 44.957840999930134], [-93.08755500008222, 44.95784199984222], [-93.08756000010509, 44.957789999938946], [-93.0875530004324, 44.95705899974591], [-93.08822600027695, 44.957061000233075], [-93.08871699964831, 44.95706300008448], [-93.08871300034866, 44.9557470001465], [-93.08926099962144, 44.9557490000437], [-93.09004399996918, 44.95575099994088], [-93.09004800016713, 44.95626499980155], [-93.09005999986269, 44.957861000076306], [-93.09047900016236, 44.957863999811586], [-93.09056200000303, 44.957863999811586], [-93.0906440000188, 44.95786499972333], [-93.09073000023253, 44.95786499972333], [-93.09099200017334, 44.95786600027069], [-93.09103900002901, 44.9578670001824], [-93.09106999999115, 44.9578670001824], [-93.09111699984682, 44.9578670001824], [-93.0911720000984, 44.9578670001824], [-93.091728999592, 44.95787099982896], [-93.09201499982227, 44.95787899975697], [-93.09227699976309, 44.957871999740576], [-93.09257399986402, 44.95784799995031], [-93.09283800035296, 44.95781299984085], [-93.0928759999878, 44.957806999729144], [-93.0930879996999, 44.9577590000842], [-93.09332899972432, 44.95769300003005], [-93.09356200025114, 44.95761500027275], [-93.09373299995538, 44.957549000052964], [-93.09389699998691, 44.95747700024675], [-93.09400199956887, 44.957425999932035], [-93.09593599961207, 44.95643999977084], [-93.09654599970743, 44.9561720002582], [-93.09700500019004, 44.95597600000244], [-93.09744600023102, 44.955860999897546], [-93.0988759995857, 44.95585999995088], [-93.09888300015672, 44.955572999922545], [-93.0988880001796, 44.95537600020859], [-93.09883999960071, 44.955294000018604], [-93.09841500035158, 44.954895000088825], [-93.09791999988394, 44.954508000207156], [-93.09731499981145, 44.953965999806655], [-93.09697500005282, 44.95366100011496], [-93.0962200001925, 44.9529560000223], [-93.09744200003306, 44.95239800011207], [-93.09809099958818, 44.95208000019032], [-93.09879100009522, 44.951829000313346], [-93.09995600003438, 44.951410999994216], [-93.09991000000362, 44.95135899998496], [-93.09989400011008, 44.95134000014097], [-93.0996070000549, 44.951043000089186], [-93.09991699967631, 44.95095199977647], [-93.10009300030171, 44.95090700021819], [-93.10043600043339, 44.950787999987256], [-93.1005929998939, 44.9507299998333], [-93.10089199964465, 44.95060600031606]]]}, "properties": {"ZCTA5": "55101", "district_id": 55101, "zip_code": "55101"}, "id": 55101}, {"type": "Feature", "geometry": {"type": "Polygon", "coordinates": [[[-93.14518799996644, 44.92532699987639], [-93.14518499959338, 44.92491500030847], [-93.14515899965413, 44.92450400018672], [-93.14515000033161, 44.92415500010847], [-93.14513500026298, 44.923652999939065], [-93.14512100001929, 44.92351299992555], [-93.14510299957762, 44.923353000128344], [-93.14506400011787, 44.922874999741765], [-93.14502800013285, 44.922383999941054], [-93.14494299974406, 44.921482000281], [-93.1448830003679, 44.92056099996411], [-93.14487300032216, 44.92040000028642], [-93.14482399991836, 44.919665999895216], [-93.14478999958318, 44.91894600029279], [-93.14475199994835, 44.91822699990364], [-93.14462700027487, 44.91680599997026], [-93.14454299971096, 44.91562899998128], [-93.14444399997677, 44.91415500002598], [-93.14436699998387, 44.912667000191114], [-93.14435899958795, 44.91259999975769], [-93.14435000026543, 44.912530999751894], [-93.14430400023468, 44.91217899988993], [-93.14426900007459, 44.91202999988089], [-93.14422999971654, 44.911808000214], [-93.14421200017318, 44.91171000013983], [-93.14413299963215, 44.91136500030174], [-93.1440380000959, 44.911021999848096], [-93.14399200006515, 44.910877999854385], [-93.14398399966923, 44.91085699978541], [-93.14387099969133, 44.910516999781905], [-93.14372400027655, 44.91014500008604], [-93.14346099961251, 44.90953999976039], [-93.14326800016697, 44.909149999781626], [-93.14305499973165, 44.90876300009396], [-93.14282200010315, 44.90838300003531], [-93.14270999995014, 44.90821400010621], [-93.14262499956135, 44.9080920000331], [-93.14254599991861, 44.90799600027326], [-93.14243799996358, 44.907851000186206], [-93.14235299957475, 44.907748000257605], [-93.14226100041157, 44.90763099994805], [-93.14195000006694, 44.90726499969316], [-93.14162600020185, 44.906890000091764], [-93.14128399989508, 44.906523000038916], [-93.14113599975708, 44.906372000292], [-93.13985700001513, 44.90501299999077], [-93.13908500043637, 44.90422700023283], [-93.13905299975099, 44.90424500018722], [-93.13891399983382, 44.904334999874756], [-93.13887899967372, 44.90435899976764], [-93.13833899989854, 44.90470700026972], [-93.13759300025907, 44.905190000058944], [-93.13649299971894, 44.90610200019408], [-93.13551699992567, 44.9075419998467], [-93.1344499998958, 44.90911600000718], [-93.13367099974604, 44.91026500004575], [-93.13278799983921, 44.91240599973331], [-93.13194099991738, 44.916024999916], [-93.13025000044676, 44.917920999920284], [-93.1291890002647, 44.91911199998187], [-93.12870999969059, 44.91964800031725], [-93.12862900039804, 44.91964800031725], [-93.12849899980338, 44.91968899980714], [-93.1281120001891, 44.91990100019343], [-93.12590000031157, 44.92111399998402], [-93.12237899965655, 44.922520999851535], [-93.11748799992128, 44.92387200003923], [-93.11504199969204, 44.92471199993027], [-93.11122399983441, 44.92605100024537], [-93.1075890002749, 44.92974900025576], [-93.10576900003454, 44.93156200006434], [-93.10434700017744, 44.93298100002112], [-93.10425400029102, 44.933076000308176], [-93.09985700030018, 44.93760600003333], [-93.09907599960226, 44.93814299976266], [-93.09685899970188, 44.939884000123634], [-93.09636699960727, 44.94026999983538], [-93.09344400025036, 44.941848999766854], [-93.09179300006441, 44.942590999817696], [-93.09168299956124, 44.94262800002766], [-93.09224499997603, 44.943233999935465], [-93.09229799967949, 44.94330999983347], [-93.09235600030412, 44.94338600026664], [-93.09247400030489, 44.94354200020476], [-93.09268799966684, 44.94384099996093], [-93.09281800026149, 44.94394000006658], [-93.09366900038125, 44.94485800025535], [-93.09445400037882, 44.945691000097426], [-93.09320300022594, 44.94626400016551], [-93.09397599962962, 44.947101999811295], [-93.0952419998511, 44.94649800026283], [-93.09593300013732, 44.94720699996435], [-93.09639500009469, 44.947680000228196], [-93.09679500012777, 44.948078000011364], [-93.09682899956464, 44.948112000254675], [-93.09692599964902, 44.94820899982833], [-93.09694699956542, 44.94823100031184], [-93.09716199965057, 44.9484580001268], [-93.097262000108, 44.94856399978052], [-93.09744899970576, 44.94876500027179], [-93.09771099964658, 44.94904699968908], [-93.09848599959838, 44.94987999977648], [-93.09868300014018, 44.95009199999361], [-93.09914500009754, 44.95056600004549], [-93.09923999963378, 44.95066399995956], [-93.09927700034203, 44.9507020000888], [-93.09935699980964, 44.95078399984696], [-93.09941799990902, 44.950753000021955], [-93.10033500015105, 44.950281999738756], [-93.10043399988525, 44.95023200006756], [-93.10050900022833, 44.95019899985382], [-93.10074900042784, 44.95045400002968], [-93.10084999981186, 44.95056199988977], [-93.10089199964465, 44.95060600031606], [-93.1011129995776, 44.95047699969317], [-93.10129400022586, 44.95036800026653], [-93.10150900031101, 44.95022699984374], [-93.10164599968006, 44.950121000082376], [-93.10191699984172, 44.94987600020867], [-93.10215500039142, 44.949868999851795], [-93.10219700022421, 44.94986799980072], [-93.10221599959245, 44.94986799980072], [-93.1022399998819, 44.94986699974968], [-93.10251000021864, 44.94986999990285], [-93.10277999965709, 44.94989000028413], [-93.10304599979585, 44.94992500013992], [-93.10330699991175, 44.94997600012777], [-93.10352500036997, 44.950031000263266], [-93.10377200024217, 44.950109000157056], [-93.10397499973344, 44.95018799999033], [-93.10432899973577, 44.95032200020725], [-93.10460900011826, 44.95041300024737], [-93.10480599976175, 44.95047000004532], [-93.1049299996103, 44.95050700026307], [-93.10522099986345, 44.95058200002992], [-93.10551600031454, 44.9506469999605], [-93.10575599961574, 44.950690000284915], [-93.10585299970012, 44.95070800030764], [-93.10602099992961, 44.95073299994136], [-93.1061110003413, 44.95074599977205], [-93.10632600042646, 44.95076799991885], [-93.10656499990274, 44.95078299981188], [-93.10678099981281, 44.950785999917166], [-93.10702199983723, 44.95078299981188], [-93.10726100021184, 44.95076799991885], [-93.10746500042633, 44.950779999706434], [-93.10993000002384, 44.950796000266955], [-93.11104300008444, 44.95080199984025], [-93.11263999984372, 44.950807000013974], [-93.11317100029638, 44.95084600008255], [-93.11355200006288, 44.950878999924285], [-93.11420700036409, 44.95093499986272], [-93.11516200024096, 44.951031999751685], [-93.11612799998848, 44.9511449999399], [-93.11612799998848, 44.951114999703485], [-93.11612799998848, 44.950971999780705], [-93.11612799998848, 44.950672000256546], [-93.11612799998848, 44.950399000299484], [-93.11612799998848, 44.95017099985028], [-93.11612799998848, 44.949491000292305], [-93.118672000127, 44.94945099988044], [-93.11867100030211, 44.949213000127635], [-93.11867100030211, 44.94901899975929], [-93.12047399992571, 44.949004000041036], [-93.12048300014654, 44.94936299976626], [-93.12047599957552, 44.94944199999055], [-93.12076000015597, 44.94944099993207], [-93.12122399976315, 44.949438999814994], [-93.12122200011333, 44.94854599972118], [-93.12370099995452, 44.94853699968938], [-93.12376000040409, 44.94853699968938], [-93.1237620000539, 44.94898600011969], [-93.1238959999482, 44.94899299994847], [-93.12617999979575, 44.94897500002369], [-93.12631100021531, 44.94897700015688], [-93.12630899966717, 44.94852700021752], [-93.12629299977365, 44.94741400004866], [-93.1262810000781, 44.946601000033176], [-93.12626900038252, 44.94577099977582], [-93.12626500018456, 44.945435999742685], [-93.12625799961354, 44.94495199983121], [-93.12625000011595, 44.94443200013978], [-93.12624500009308, 44.944063999996565], [-93.12623500004732, 44.94342699998165], [-93.12623199967429, 44.94317199974344], [-93.12622099980364, 44.94239699995903], [-93.12621900015381, 44.942263999864004], [-93.12621400013093, 44.941969999832295], [-93.1262109997579, 44.941824000078896], [-93.1262049999101, 44.94134499996188], [-93.12620200043537, 44.9399199999462], [-93.12620200043537, 44.93989600027894], [-93.12619900006233, 44.9388440002385], [-93.12619900006233, 44.93880700013341], [-93.12619599968927, 44.937793000261486], [-93.12619400003945, 44.93717300015977], [-93.12619400003945, 44.93707199991935], [-93.1262049999101, 44.93701599981028], [-93.12623699969714, 44.93695399989826], [-93.12628600010095, 44.93689899995109], [-93.12635100039829, 44.93685200026663], [-93.12642900021609, 44.93681599979233], [-93.12651600025474, 44.936792999742444], [-93.12657599963087, 44.93678599969778], [-93.12687299973179, 44.9367850000547], [-93.12875400007151, 44.93677999993132], [-93.12875400007151, 44.936708000141635], [-93.12864600011646, 44.93665899973853], [-93.12854499983413, 44.936595999794726], [-93.12808000040205, 44.93645100001472], [-93.12749500042104, 44.936267000095704], [-93.12734200026016, 44.9361920000667], [-93.12723000010716, 44.93612299977548], [-93.12625099994086, 44.9353969998419], [-93.12816999991541, 44.93449299973954], [-93.12832200025137, 44.93444399999007], [-93.1283869996504, 44.934399999893884], [-93.12842400035862, 44.9343180002606], [-93.12846199999346, 44.93410999968848], [-93.1284999996283, 44.93410999968848], [-93.12887600027025, 44.93411100001408], [-93.12896999998158, 44.93411199970371], [-93.12967200013846, 44.93411399971882], [-93.12967399978827, 44.9337409998252], [-93.12989499972122, 44.93363100008281], [-93.1301900001723, 44.93350000006841], [-93.13049399994591, 44.93338100000025], [-93.13077199978026, 44.933286000217734], [-93.13109300017064, 44.93319100027806], [-93.13145800004362, 44.933100999989435], [-93.1317950003275, 44.933033000144185], [-93.13243200018707, 44.93291199968737], [-93.1330049995742, 44.93281600005276], [-93.13342200022403, 44.93275899989571], [-93.13391900034148, 44.93270799987464], [-93.13410199974128, 44.9326940000604], [-93.1360540002261, 44.93256200009996], [-93.13620400001393, 44.93254400011073], [-93.13629799972526, 44.9325260001159], [-93.13638899996187, 44.93247499988786], [-93.13639499980964, 44.93222200005731], [-93.13639700035779, 44.93190500001865], [-93.1363990000076, 44.93158500030148], [-93.1363990000076, 44.93139600009807], [-93.13757999984028, 44.93136599971585], [-93.13786900044357, 44.93136200013008], [-93.13826500027872, 44.93134399976475], [-93.13865899956569, 44.93130900002756], [-93.13904899955303, 44.931258999730055], [-93.13943500024072, 44.931192999728545], [-93.13985199999225, 44.93110399986665], [-93.14033999988888, 44.93096200008004], [-93.14069800008916, 44.930840999711634], [-93.14107999968058, 44.930693000144366], [-93.14128700026812, 44.93060200000626], [-93.1413979996979, 44.930555000255815], [-93.1415099998509, 44.930502999797035], [-93.14189300016554, 44.93028499992966], [-93.14224499961973, 44.93007900016979], [-93.1425790004289, 44.929858000038145], [-93.14289300024825, 44.92962400016905], [-93.14313900029555, 44.929418999717704], [-93.14339299984046, 44.92918400019265], [-93.14355000019928, 44.92902200009825], [-93.14360899975051, 44.928956999849454], [-93.14376699993426, 44.92874400002563], [-93.1439319997907, 44.92852299984524], [-93.14412299958641, 44.92826200017459], [-93.14432000012822, 44.92792200011633], [-93.14449099983244, 44.92757599986159], [-93.14462499972674, 44.927251999685566], [-93.144734000405, 44.92692900004072], [-93.14494100009424, 44.92692999985532], [-93.1450299997827, 44.92661800023769], [-93.14509900027797, 44.92629200009476], [-93.14512299966911, 44.926148000203426], [-93.14516700005004, 44.925737999834276], [-93.14518799996644, 44.92532699987639]]]}, "properties": {"ZCTA5": "55102", "district_id": 55102, "zip_code": "55102"}, "id": 55102}, {"type": "Feature", "geometry": {"type": "Polygon", "coordinates": [[[-93.27598600035469, 44.97713500019358], [-93.27697600039168, 44.97641799988468], [-93.27530400028932, 44.97554600015963], [-93.27387999988409, 44.97493000021479], [-93.27390300034861, 44.97490299981932], [-93.27469199964581, 44.97396700006757], [-93.27332300039048, 44.973412000045336], [-93.27199100004677, 44.972810999910244], [-93.27195000003887, 44.97279400011722], [-93.27056499999169, 44.97221899996426], [-93.26926199996029, 44.97169799979997], [-93.26839199957392, 44.97263399972516], [-93.26758599965999, 44.97359500010346], [-93.26759300023099, 44.973621000206684], [-93.26678300011908, 44.974578999800954], [-93.26814300005191, 44.97514699998986], [-93.26733899978778, 44.97609400016492], [-93.2673339997649, 44.97611199984431], [-93.2665179998052, 44.977069999765824], [-93.26788299976091, 44.97764599977759], [-93.26782900023254, 44.97771100018788], [-93.26707500019714, 44.97862200028656], [-93.26845000019856, 44.979211999869754], [-93.2692059998838, 44.97829499973802], [-93.26925699993741, 44.97823299993086], [-93.27063000028902, 44.97882799997786], [-93.27058599990809, 44.97887999987545], [-93.26982000017712, 44.97980000004199], [-93.27137799957835, 44.98046900029309], [-93.27140100004287, 44.980452000228574], [-93.2714160001115, 44.98044199996395], [-93.27247200027068, 44.97968100000213], [-93.27252199960108, 44.97964499970112], [-93.27256000013422, 44.97961800025483], [-93.27366599962383, 44.97881699988349], [-93.2737049999819, 44.978790000047255], [-93.27481800004252, 44.97797799992701], [-93.27592500025534, 44.977180000153275], [-93.27598600035469, 44.97713500019358]]]}, "properties": {"ZCTA5": "55402", "district_id": 55402, "zip_code": "55402"}, "id": 55402}]}