{"type": "FeatureCollection", "features": [{"type": "Feature", "properties": {}, "geometry": {"type": "Polygon", "coordinates": [[[-93.2683759996804, 44.91320100010323], [-93.26798400004323, 44.913191000202914], [-93.26775100041475, 44.91318000024688], [-93.26775399988946, 44.91271199982119], [-93.26775399988946, 44.91268500004735], [-93.26775399988946, 44.91257399999571], [-93.26775399988946, 44.912487000046106], [-93.26776099956217, 44.91239500026322], [-93.2677560004376, 44.91234999974879], [-93.26776099956217, 44.91218200010392], [-93.26776099956217, 44.911453000125285], [-93.26847100011496, 44.91144600017317], [-93.26856200035155, 44.91143399979888], [-93.26864600001714, 44.91140399980643], [-93.2687070001165, 44.91135399999626], [-93.26874499975135, 44.911297000172326], [-93.26875300014726, 44.91122799987457], [-93.26876099964487, 44.91067899989222], [-93.26776899995808, 44.910689999690696], [-93.26777599963079, 44.90976699984769], [-93.26774300001881, 44.90960099988311], [-93.26767400042185, 44.90943899991538], [-93.26758400001015, 44.90928599995076], [-93.2674590003367, 44.909138999688416], [-93.26731100019869, 44.909008999930826], [-93.26718899999995, 44.908917000306495], [-93.26714700016714, 44.908892999771716], [-93.26681400008121, 44.90755899988384], [-93.26702300031859, 44.90704300007189], [-93.26726500016792, 44.90656299981692], [-93.26727299966552, 44.90522000011358], [-93.26734200016082, 44.90495300028611], [-93.26738700036667, 44.90468599985485], [-93.26740300026017, 44.904414999902876], [-93.26739499986427, 44.904143999945944], [-93.26735700022942, 44.903872999984], [-93.26732999956694, 44.90373799995123], [-93.26732600026729, 44.90371699981868], [-93.26726500016792, 44.903560999866265], [-93.26717399993132, 44.903416000044814], [-93.2671510003651, 44.90338899972178], [-93.2670590003036, 44.90327800016912], [-93.26687600000551, 44.90308000021146], [-93.26672399966954, 44.90286600029384], [-93.2666020003691, 44.902644999828176], [-93.26651000030762, 44.902415999765225], [-93.26645699970585, 44.90218399996325], [-93.26635700014673, 44.90156199993914], [-93.26631199994088, 44.901299000072456], [-93.26628900037467, 44.901035000010026], [-93.26629600004736, 44.90077200027778], [-93.26631799978867, 44.90058400014799], [-93.2663270000095, 44.9005089999788], [-93.26640300017749, 44.90018800008369], [-93.2665179998052, 44.899871999824065], [-93.26667000014118, 44.89956299986409], [-93.26679999983753, 44.89935300012346], [-93.2668609999369, 44.899265000228354], [-93.26707500019714, 44.898979000116285], [-93.26747100003224, 44.8984989999792], [-93.26757800016237, 44.89835699978045], [-93.26766199982796, 44.89821200019699], [-93.26771500042973, 44.89805599994278], [-93.26774600039187, 44.89789999990167], [-93.26776099956217, 44.89628199997005], [-93.26776899995808, 44.89603399969139], [-93.26787699991311, 44.89603399969139], [-93.26838699955105, 44.89603700011167], [-93.26837700040363, 44.89430600012505], [-93.26837700040363, 44.892504999943064], [-93.26841699968828, 44.89106900024252], [-93.2684250000842, 44.89076499974556], [-93.26782900023254, 44.89077000005564], [-93.26783099988235, 44.89062499979697], [-93.26816700034134, 44.89063799987019], [-93.2698400002686, 44.89062199973069], [-93.2724859996161, 44.8905939999532], [-93.27405399996135, 44.89056699997299], [-93.27441999965926, 44.89056900023125], [-93.2751190003414, 44.890563999903705], [-93.27682400005571, 44.89055399988373], [-93.27705400020946, 44.89043899984728], [-93.27730100008169, 44.89034699977983], [-93.2775630000225, 44.890266999905954], [-93.2778309998111, 44.890203999998505], [-93.27810799982053, 44.89016400029424], [-93.27838099963202, 44.890116000103255], [-93.27872200011386, 44.890067000052596], [-93.27903099991035, 44.89005099975426], [-93.27951999963189, 44.89003599990808], [-93.2832100003413, 44.8900590002222], [-93.28394099991219, 44.8900590002222], [-93.28835299997165, 44.89008299971005], [-93.28895700021924, 44.890088999898666], [-93.28999400011188, 44.89009999981855], [-93.29152300009908, 44.89006300013754], [-93.29186899970549, 44.89006300013754], [-93.29210700025519, 44.89005699994621], [-93.29234400008166, 44.890031000170616], [-93.29260099999959, 44.889999000185846], [-93.29282000028272, 44.88996700018332], [-93.29322399961544, 44.88989600009425], [-93.2936289996714, 44.88978700023508], [-93.29407399991032, 44.88985099978623], [-93.29444200015635, 44.889903999947315], [-93.29502700013737, 44.88998999988865], [-93.29579299986834, 44.89014599975], [-93.29596600012071, 44.89017100029223], [-93.29655600012457, 44.89022800006229], [-93.29695299978461, 44.89027200025933], [-93.29732299968046, 44.890304999907656], [-93.29779700023171, 44.890327000299116], [-93.29833000033419, 44.89033699972213], [-93.29961499992392, 44.89038399991458], [-93.30504999963232, 44.89059600021051], [-93.30535599995406, 44.89060499977649], [-93.30659500041139, 44.89064400000091], [-93.30794100010048, 44.890619000300696], [-93.30866099980071, 44.89060499977649], [-93.30866199962563, 44.89080099980455], [-93.30866199962563, 44.89108600005958], [-93.30866199962563, 44.891227999757774], [-93.30931600010193, 44.891194000202574], [-93.30934700006407, 44.89434400000363], [-93.30919999975097, 44.896383000023405], [-93.30867000002154, 44.89641500027423], [-93.30867000002154, 44.89694199991428], [-93.30867000002154, 44.89792599993791], [-93.30867800041746, 44.897943999956105], [-93.30866199962563, 44.89975399974084], [-93.30865499995294, 44.90153500001792], [-93.30871799970213, 44.90153199988449], [-93.30929799966026, 44.901536999894695], [-93.309279000292, 44.903346999830255], [-93.30929600001043, 44.903620000167216], [-93.30935899975962, 44.903963999831966], [-93.30938300004908, 44.90436700015387], [-93.30938700024703, 44.90514100012701], [-93.30929600001043, 44.90513999993319], [-93.30869500013591, 44.90512899970879], [-93.30863200038671, 44.9051320002908], [-93.30863999988432, 44.90605900019809], [-93.308646999557, 44.906939999967875], [-93.308646999557, 44.90698199977931], [-93.30866300034886, 44.90818899977335], [-93.30867000002154, 44.908740999757285], [-93.30866199962563, 44.90875900020687], [-93.30866300034886, 44.908859999974325], [-93.30866400017375, 44.90898399994375], [-93.30927799956878, 44.908987999815196], [-93.30929099998755, 44.91056500012138], [-93.3093019998582, 44.910650999701566], [-93.309307999706, 44.91205800003588], [-93.30915000042057, 44.91205800003588], [-93.30915600026836, 44.91228100007904], [-93.30881999980937, 44.912284000287656], [-93.30881999980937, 44.91236600020432], [-93.30881999980937, 44.912450000137305], [-93.30883200040326, 44.91277399981926], [-93.30932000029988, 44.91277700000219], [-93.30934000039137, 44.91408900009315], [-93.30934100021629, 44.914180000308505], [-93.30934899971388, 44.915040999863095], [-93.30887300041114, 44.91495999996933], [-93.3088850001067, 44.915398000084394], [-93.30874600018952, 44.915443000120604], [-93.30840300005785, 44.91541300031245], [-93.30803700035996, 44.915389999961164], [-93.30743399993729, 44.915332999687145], [-93.30678600020708, 44.91528700018369], [-93.30622100031756, 44.91526399978202], [-93.30594599995796, 44.915236999934876], [-93.30566399992564, 44.91523399988037], [-93.30537400039573, 44.915249000151235], [-93.30509900003611, 44.91528300011451], [-93.30474900023174, 44.915347999932166], [-93.30413800031148, 44.915477999983054], [-93.3039630004093, 44.91550399970348], [-93.30378000011119, 44.915519999917095], [-93.30346700011673, 44.915550000305544], [-93.3031619996199, 44.915596000234615], [-93.30285600019647, 44.915667999773106], [-93.30257400016416, 44.91575600000538], [-93.30230700020046, 44.91585900021452], [-93.30158199957907, 44.9162029997912], [-93.30046799969354, 44.916751999803935], [-93.3002049999278, 44.916912000172765], [-93.30004900029219, 44.917006999683956], [-93.29981199956741, 44.917182999729405], [-93.29959099963449, 44.917377000166944], [-93.29939999983877, 44.91757999974647], [-93.29908000017161, 44.917991999756026], [-93.2985000002135, 44.91873600011398], [-93.29838600041067, 44.918883999956364], [-93.29829099997612, 44.91902299984802], [-93.29828599995325, 44.919041000257884], [-93.29798200017964, 44.919570999691324], [-93.29796600028611, 44.91959800004646], [-93.29740100039659, 44.92067700010804], [-93.29715699999912, 44.9211239997778], [-93.2969510001348, 44.92158100013657], [-93.2967760002326, 44.92204300017531], [-93.29663099956933, 44.922515999758396], [-93.29639399974286, 44.92320299995353], [-93.29632599997082, 44.923427999750864], [-93.29628800033596, 44.923656000190036], [-93.29627200044246, 44.923885000228026], [-93.29628800033596, 44.92409900012447], [-93.29632599997082, 44.92430899978291], [-93.2964020001388, 44.92451499988318], [-93.29650900026891, 44.9247129997835], [-93.29656199997235, 44.92481199979577], [-93.29658500043689, 44.92491500030847], [-93.29663099956933, 44.92522400010242], [-93.29665400003388, 44.92543400010057], [-93.29670699973731, 44.925635999998356], [-93.29679899979882, 44.92583499968482], [-93.29692799967025, 44.9260220000819], [-93.29709599989975, 44.926197000034705], [-93.29728699969544, 44.926353000244674], [-93.2975079996284, 44.92649100005276], [-93.29775200002587, 44.926605000031344], [-93.29802700038547, 44.92671199978307], [-93.29828599995325, 44.92683800029919], [-93.29839300008337, 44.92689899986925], [-93.29849199981757, 44.92696399990291], [-93.29899599960771, 44.927219000254084], [-93.2995150003648, 44.92745599979746], [-93.30004900029219, 44.92767299978849], [-93.3006059997858, 44.927872000050286], [-93.3011699998504, 44.92804300027419], [-93.30174999980855, 44.92819599990916], [-93.30206700000096, 44.92826500018484], [-93.3023449998353, 44.92832600014754], [-93.30293999986206, 44.92843200008498], [-93.30355099978233, 44.928513000067326], [-93.30413099974048, 44.92856600020593], [-93.3047099998737, 44.92859600014273], [-93.30529800022775, 44.92859600014273], [-93.30587800018588, 44.928573999766655], [-93.3064630001669, 44.928557000221886], [-93.30662600037353, 44.928557000221886], [-93.3067460000241, 44.92859199972811], [-93.30682300001702, 44.928659999743566], [-93.30684899995626, 44.92877999983633], [-93.30683999973544, 44.928985999803196], [-93.30681399979618, 44.92920799988515], [-93.30681399979618, 44.929277000217084], [-93.30688300029146, 44.929387999802955], [-93.30698600022363, 44.92945699991866], [-93.30712299959266, 44.92950000021613], [-93.3072170002023, 44.92950000021613], [-93.30739700012735, 44.92950000021613], [-93.30755699996094, 44.92955000013702], [-93.30764499982448, 44.92964499973963], [-93.30775699997747, 44.929790999933836], [-93.30783399997037, 44.929944999762675], [-93.30796899968958, 44.93028999998259], [-93.30806499994905, 44.93073300027129], [-93.30809300043646, 44.930932999852025], [-93.30817899975186, 44.931088999919176], [-93.30833899958543, 44.9312380001136], [-93.30851000018798, 44.93131600010389], [-93.30876999958066, 44.93137499989577], [-93.30909299962084, 44.931447999748336], [-93.30918600040557, 44.931483000036785], [-93.3092650000483, 44.93153300013933], [-93.30933000034562, 44.93159599991397], [-93.30936600033063, 44.93166499992096], [-93.30937200017843, 44.93173599994304], [-93.30937999967601, 44.9318430003121], [-93.30942499988187, 44.93193399975588], [-93.30950199987475, 44.93201799970148], [-93.30966900027933, 44.93216299986365], [-93.30981400004428, 44.93232700007951], [-93.30988799966414, 44.932445999787895], [-93.31000599966491, 44.93253599983107], [-93.31010299974929, 44.9326389998488], [-93.31023400016885, 44.932752999708555], [-93.31031299981157, 44.93286600026668], [-93.3103420001239, 44.932939999842006], [-93.31035899984232, 44.933042999771075], [-93.31035299999455, 44.933150999955224], [-93.31033000042832, 44.9332930000531], [-93.31031899965934, 44.933406999886564], [-93.31030799978872, 44.93347499992493], [-93.31030199994092, 44.93362799971684], [-93.3103360002761, 44.93382199995178], [-93.31037599956076, 44.93389600020308], [-93.31043300036049, 44.93398700020948], [-93.31047299964514, 44.93401899987699], [-93.31053600029266, 44.93403799973075], [-93.31060499988962, 44.934043000092835], [-93.31074499963171, 44.93403900005755], [-93.31082699964746, 44.93403300000413], [-93.31088500027211, 44.93403300000413], [-93.31114899986275, 44.93402200022249], [-93.3114130003517, 44.934035000021986], [-93.31167699994235, 44.93407400003887], [-93.3120109998532, 44.93414399993747], [-93.3123349997183, 44.93423999989587], [-93.31263900039022, 44.93435500007861], [-93.31269000044384, 44.93437900015408], [-93.31276999991147, 44.93440999991869], [-93.31293499976792, 44.9345049997497], [-93.31300400026322, 44.93455899976429], [-93.31321000012753, 44.934715000157155], [-93.31343100006048, 44.93485300022483], [-93.31367499955964, 44.934975000082225], [-93.31388899981987, 44.93505900003145], [-93.31409100038455, 44.93511700012151], [-93.3141170003238, 44.9351199997737], [-93.31434599975437, 44.935161999975605], [-93.31465899974881, 44.93519600023764], [-93.31496400024565, 44.935214999701984], [-93.31527700024009, 44.935214999701984], [-93.3164599997226, 44.935084999794], [-93.3168260003188, 44.935047000137054], [-93.31719200001669, 44.93503199994759], [-93.31755799971458, 44.9350359999137], [-93.31763499970748, 44.9350359999137], [-93.3187770000804, 44.935027999981195], [-93.31880200019475, 44.935024000014565], [-93.31916000039506, 44.93502000004761], [-93.31951900042026, 44.9350359999137], [-93.31971699988866, 44.93507800017706], [-93.31990799968436, 44.93514600014456], [-93.32008400030978, 44.93523399979598], [-93.32022900007473, 44.93534499995162], [-93.32034299987755, 44.935470999971415], [-93.32042700044146, 44.935611999756624], [-93.3204729995739, 44.935756999747404], [-93.32048799964251, 44.9359130000655], [-93.3204800001449, 44.936225999718935], [-93.32044199961176, 44.93654300007109], [-93.32036600034208, 44.93685200026663], [-93.32024400014335, 44.93715700025317], [-93.32009099998247, 44.9374540002969], [-93.31990799968436, 44.93773999973499], [-93.31977100031531, 44.937930999927126], [-93.31967199968283, 44.938129000001624], [-93.31960300008583, 44.93833899987408], [-93.3195799996213, 44.93854900025029], [-93.31958800001723, 44.93876300020082], [-93.31964099972066, 44.93897200005716], [-93.31972500028458, 44.93917799971273], [-93.319846999585, 44.93936900020852], [-93.31999999974587, 44.93957100006154], [-93.3201219999446, 44.939780999747086], [-93.32022099967881, 44.939998999813305], [-93.3202969998468, 44.94022399994991], [-93.3203100002656, 44.94051300022216], [-93.3203100002656, 44.940731000052516], [-93.32026500005975, 44.9414940002526], [-93.32023699957233, 44.94194800012839], [-93.32022800024981, 44.94225699985046], [-93.3201980001126, 44.942711000051034], [-93.32009900037839, 44.94318399984738], [-93.31996899978374, 44.94365700019746], [-93.319846999585, 44.94400399973572], [-93.31971699988866, 44.944350999719816], [-93.3195799996213, 44.94464900020711], [-93.3194809998871, 44.944823999992046], [-93.31941200029013, 44.944938999959895], [-93.31920600042581, 44.94521699984292], [-93.31893199989109, 44.94557599972864], [-93.31862599956935, 44.94591899990426], [-93.3183750003975, 44.946213000058435], [-93.31810000003789, 44.9464989997368], [-93.31781800000557, 44.94677699969457], [-93.31758100017912, 44.94696799970637], [-93.31736000024618, 44.94717000016243], [-93.31715400038186, 44.94738399976942], [-93.31694799961922, 44.94762800001757], [-93.31676500021942, 44.94787999991464], [-93.31663100032512, 44.94814599984207], [-93.31651800034722, 44.94841800026656], [-93.31646899994341, 44.94854599972118], [-93.31644399982906, 44.94868300017217], [-93.31645499969972, 44.94881399987994], [-93.315967999628, 44.94800799993321], [-93.31594199968872, 44.94802600016125], [-93.31591300027472, 44.94810200007298], [-93.31592300032048, 44.94816899979462], [-93.31562399967142, 44.94824199991465], [-93.31523799988203, 44.94844200018607], [-93.31456300038765, 44.948634999888974], [-93.31400900036878, 44.94892699998462], [-93.31339900027342, 44.94918400021583], [-93.31311100039332, 44.94929099986147], [-93.31276800026164, 44.949396999884186], [-93.3123769995511, 44.94943500021651], [-93.31191299994391, 44.94963899973013], [-93.3114400001159, 44.94976600022364], [-93.31094999967112, 44.94987500015777], [-93.31040900007105, 44.94992300003976], [-93.31016399984865, 44.94991899983923], [-93.30943599975251, 44.94981799976892], [-93.30866800037171, 44.94963899973013], [-93.30848000005074, 44.949564000002596], [-93.30799999965173, 44.94931199986954], [-93.30781100040416, 44.94924500021058], [-93.30768800038051, 44.9492189998664], [-93.3076530002204, 44.94919699976158], [-93.30752199980084, 44.94917899990071], [-93.30719999958555, 44.94923300010207], [-93.30714799970703, 44.94930400001877], [-93.30677500033643, 44.94913400022389], [-93.30634900036408, 44.94893000018692], [-93.30548099962753, 44.94848999999492], [-93.30550800029003, 44.949004000041036], [-93.30550200044225, 44.94917699977456], [-93.30543100029713, 44.94949700000201], [-93.30537600004556, 44.949623000118606], [-93.30532900018989, 44.94969500024271], [-93.30522299988468, 44.94987800031051], [-93.30512999999827, 44.94999100022774], [-93.3050410003098, 44.95009800027627], [-93.30501500037055, 44.95028000028676], [-93.3050270000661, 44.950389999922514], [-93.30501899967018, 44.95048099985482], [-93.3050270000661, 44.9506840000642], [-93.3050270000661, 44.950835999741464], [-93.30505899985316, 44.95098999971499], [-93.30512199960233, 44.9511379997378], [-93.30538899956602, 44.95107100030312], [-93.30554199972691, 44.95105000030291], [-93.30559699997849, 44.951043000089186], [-93.30576400038308, 44.95104200005862], [-93.30579000032233, 44.951044000119786], [-93.30596199985148, 44.95105699987999], [-93.30599600018667, 44.95106100000126], [-93.3061810001346, 44.95108400005722], [-93.30679299987978, 44.9511599997344], [-93.30761700023538, 44.95127899982978], [-93.30844099969269, 44.951416000114875], [-93.30912799978094, 44.951545999920604], [-93.30981400004428, 44.95169399978113], [-93.31052200004895, 44.951835999795414], [-93.31121400016008, 44.95199300030664], [-93.31135899992505, 44.952032000205044], [-93.31148699997156, 44.95208600026515], [-93.31159900012455, 44.952157999842456], [-93.31175800013321, 44.95228099981198], [-93.31181000001175, 44.952385000019866], [-93.31183599995101, 44.95247499996211], [-93.3118560000425, 44.95259899989144], [-93.3118560000425, 44.95268900013378], [-93.31186199989027, 44.95281300023649], [-93.3118560000425, 44.952962000005535], [-93.31181699968444, 44.953149999797844], [-93.31179699959296, 44.953260000290214], [-93.31181000001175, 44.95353299998865], [-93.31183000010321, 44.95375999981325], [-93.31188799982955, 44.95394800017001], [-93.31204000016551, 44.95435500011064], [-93.31209200004405, 44.95455699999806], [-93.31212800002906, 44.95465200018712], [-93.31236400003061, 44.95464800031614], [-93.3124550002672, 44.95464599974485], [-93.31395999996498, 44.95476600020633], [-93.31616699981963, 44.95529000019241], [-93.31663499962477, 44.95560299973575], [-93.31678299976278, 44.955701999898025], [-93.31665999973913, 44.955796000150876], [-93.3165660000278, 44.95586800015926], [-93.3164599997226, 44.95596599991959], [-93.31631499995764, 44.956099999995544], [-93.31626700027705, 44.95615200015898], [-93.31608599962878, 44.956344999999004], [-93.31588700033547, 44.95660000020199], [-93.31571999993088, 44.95686699969369], [-93.31558199983861, 44.95714600021362], [-93.3154680000358, 44.957427999770715], [-93.31539199986783, 44.957714000142175], [-93.31535300040807, 44.95800800026952], [-93.31523100020934, 44.95909099980167], [-93.31521299976768, 44.95917799973113], [-93.31737899961445, 44.95920300012482], [-93.3172050004355, 44.9596569997856], [-93.31718899964363, 44.95995100012776], [-93.31732199971304, 44.960108000050155], [-93.31775400043148, 44.960308000288656], [-93.31811099990854, 44.96070299999871], [-93.31814699989354, 44.96078000014682], [-93.31836700000159, 44.96107600016688], [-93.31844700036753, 44.961260000028076], [-93.31845900006309, 44.96135199973741], [-93.31842100042826, 44.96153000026238], [-93.31837100019953, 44.961568000188635], [-93.31801200017435, 44.96161000011133], [-93.31747800024695, 44.96173999970735], [-93.31715299965862, 44.96185999995314], [-93.31704200022887, 44.96187699980878], [-93.31692300040316, 44.962034000181525], [-93.31654599993631, 44.962383000159356], [-93.31633199967608, 44.96285199999878], [-93.31626399990401, 44.96299999993964], [-93.31583000043405, 44.963437000040834], [-93.31570700041041, 44.96367100004001], [-93.31565700018169, 44.963797999990334], [-93.31562500039465, 44.96384400005313], [-93.31576599996163, 44.963987000316784], [-93.31580799979442, 44.96399999968746], [-93.31636099998839, 44.9639899997318], [-93.31645499969972, 44.96405199968316], [-93.31658199992131, 44.96443099974388], [-93.31672599986136, 44.96461000004408], [-93.31728800027616, 44.96513099976308], [-93.31758799985181, 44.96538499990983], [-93.31813299964985, 44.965317999947786], [-93.31840499963641, 44.965364999844006], [-93.31857000039118, 44.965294000094175], [-93.31857600023895, 44.965126999987014], [-93.3185939997823, 44.96499999980084], [-93.31862300009462, 44.96496099981736], [-93.3188180000883, 44.96486199974019], [-93.31898999961743, 44.964855999730034], [-93.31919499965683, 44.96490900001001], [-93.31930799963474, 44.96500200001115], [-93.31956000042813, 44.965565999966245], [-93.31973799980504, 44.96570899975096], [-93.32010000020331, 44.965797999997], [-93.32122599978437, 44.96582800018451], [-93.3213680000746, 44.96582399982143], [-93.32164099988609, 44.965820000093686], [-93.32209199997278, 44.96579200008475], [-93.32311799999475, 44.965834000093004], [-93.32357400010434, 44.96576999997732], [-93.32368700008224, 44.96568700024731], [-93.3236989997778, 44.9656700002495], [-93.3239309995814, 44.965825000230055], [-93.32404299973439, 44.9659040000385], [-93.32364699989928, 44.96594599996476], [-93.32334899997345, 44.96596899977514], [-93.32304400037494, 44.96598400014394], [-93.31878299992817, 44.96628700027075], [-93.31853500023108, 44.96630499985037], [-93.31833799968926, 44.96632500022405], [-93.31858299991164, 44.966820000259766], [-93.31882499976098, 44.96720800011207], [-93.31899499964028, 44.9674810001863], [-93.31913899958035, 44.96744900010279], [-93.31921499974831, 44.96743299973658], [-93.31921100044866, 44.96801300015052], [-93.3188619995709, 44.9680309998241], [-93.31866699957725, 44.96804099971092], [-93.31852699983514, 44.96808099987635], [-93.31852699983514, 44.96814400022328], [-93.31852699983514, 44.968375999996496], [-93.31852699983514, 44.9692990000412], [-93.31852699983514, 44.969321999778245], [-93.31853699988089, 44.96997000018598], [-93.32044400015988, 44.96997000018598], [-93.32058399990197, 44.96997000018598], [-93.32168500026701, 44.9699790000342], [-93.32186400036716, 44.96997499996061], [-93.32191899972042, 44.97011600016176], [-93.32456099976825, 44.970087000008995], [-93.32554699960724, 44.970087000008995], [-93.32653499999441, 44.97007400011105], [-93.32763700018435, 44.970040999868026], [-93.32869099979543, 44.97001999981907], [-93.32868900014559, 44.97013599984223], [-93.32868699959747, 44.97026999987274], [-93.32867300025208, 44.97124699976744], [-93.32865999983328, 44.97451800004582], [-93.3286539999855, 44.97714199976596], [-93.32857199996972, 44.97714199976596], [-93.32844499974811, 44.97714199976596], [-93.32815600004312, 44.97714599997516], [-93.3278730001859, 44.977168999742744], [-93.3278380000258, 44.97717499973586], [-93.32776299968272, 44.97718799993059], [-93.32615000002993, 44.97718499993478], [-93.32593199957172, 44.97718600014524], [-93.32498300044095, 44.97718399972434], [-93.32167299967314, 44.9771789999427], [-93.32044599980972, 44.97715300018167], [-93.3186430001861, 44.97715799996558], [-93.31854500027681, 44.97715799996558], [-93.31852699983514, 44.97715799996558], [-93.31845300021531, 44.97715799996558], [-93.31840700018455, 44.97715799996558], [-93.3183960003139, 44.97717299995005], [-93.31838100024528, 44.977192999711406], [-93.31836700000159, 44.977241000254054], [-93.31837200002445, 44.977298000091636], [-93.3184259995528, 44.97743799987594], [-93.31847099975865, 44.97756700025512], [-93.3184950000481, 44.97764999995163], [-93.31852400036041, 44.97782999986817], [-93.31852000016247, 44.978946999881735], [-93.31850400026892, 44.980747000259555], [-93.31846900010882, 44.98173700001757], [-93.31846800028393, 44.983116000201576], [-93.31846900010882, 44.983936000098154], [-93.31846800028393, 44.98405099983934], [-93.31846900010882, 44.98444999968316], [-93.31846900010882, 44.984511000309524], [-93.31846800028393, 44.984879000315395], [-93.31846800028393, 44.984939999849836], [-93.31846900010882, 44.98518499995097], [-93.31846800028393, 44.9855340001204], [-93.31846800028393, 44.98669900023879], [-93.31846800028393, 44.98690700021759], [-93.31846800028393, 44.98696500001605], [-93.31854100007885, 44.9871010001896], [-93.31899999966316, 44.98795299972717], [-93.31937399975698, 44.988482999724376], [-93.31951900042026, 44.988662999939194], [-93.31968699975141, 44.98883400015976], [-93.31987800044546, 44.988990999809], [-93.32009099998247, 44.98913200026864], [-93.32032000031133, 44.98925399975108], [-93.32057200020641, 44.98936100027595], [-93.32061200038937, 44.98937500024675], [-93.32043300028923, 44.989493999860244], [-93.32012000029478, 44.98986900020286], [-93.32006800041624, 44.98991499968629], [-93.31998700022541, 44.98993700006149], [-93.31999899992095, 44.989999999905216], [-93.3199090004076, 44.99039099979707], [-93.31970900039104, 44.99090899983569], [-93.31961999980426, 44.99096100021141], [-93.31955200003222, 44.99102200026214], [-93.31952000024516, 44.991071999963694], [-93.31954700000934, 44.991280999921095], [-93.31948500008507, 44.99125400023697], [-93.31957100029878, 44.991517999920354], [-93.31958499964416, 44.99156000014768], [-93.31925999995416, 44.991558000228345], [-93.31926400015212, 44.99167000005271], [-93.31934399961976, 44.99382400007166], [-93.31935899968836, 44.994175000197764], [-93.31939700022153, 44.99452600007984], [-93.31945800032088, 44.99487699971784], [-93.31954199998648, 44.99522400016417], [-93.31963300022306, 44.99552200008237], [-93.31980099955423, 44.9958949999663], [-93.31999999974587, 44.996262000062586], [-93.32006699969301, 44.99637199983616], [-93.31986000000379, 44.99664299981534], [-93.31987000004953, 44.99724600015384], [-93.31974799985079, 44.997259000244], [-93.31963499987287, 44.997270999836005], [-93.3196280002002, 44.99794599983579], [-93.3194809998871, 44.99793900026241], [-93.31942800018365, 44.99784999971385], [-93.31929599993917, 44.99794599983579], [-93.31911400036431, 44.997949999863835], [-93.31917399974044, 44.99873799994538], [-93.31870000008752, 44.998938000147476], [-93.31845900006309, 44.99890599983176], [-93.31844800019243, 45.00063700023846], [-93.3184459996443, 45.001040999838615], [-93.3185300002082, 45.00143100020294], [-93.3185650003683, 45.001583999870036], [-93.3185999996301, 45.001741000162276], [-93.31856600019321, 45.00176500000724], [-93.31853400040616, 45.00182500021076], [-93.31852699983514, 45.00265099973829], [-93.31852699983514, 45.00455499984539], [-93.31852000016247, 45.00560000020319], [-93.31852000016247, 45.00604200004845], [-93.31852000016247, 45.00783899974817], [-93.31852000016247, 45.00964700012886], [-93.31851699978941, 45.01020500011468], [-93.31851400031468, 45.01149099997165], [-93.31851400031468, 45.011577000186406], [-93.31851299959145, 45.011704999705636], [-93.31849900024606, 45.012868999787685], [-93.31849400022318, 45.01324600001207], [-93.31849199967505, 45.01337700025358], [-93.31849199967505, 45.013427000135806], [-93.31849099985014, 45.01348899998003], [-93.3184740001317, 45.01377100002231], [-93.31843599959856, 45.01425199982899], [-93.31843599959856, 45.01506799994866], [-93.31842800010095, 45.01686499969235], [-93.31843599959856, 45.018677000112575], [-93.31843599959856, 45.02047300017123], [-93.3184809998044, 45.02228199989665], [-93.31852699983514, 45.02409399968871], [-93.31857299986589, 45.02590599990676], [-93.31861899989666, 45.0277179999104], [-93.31866499992742, 45.02953300012448], [-93.31870299956223, 45.031341999887466], [-93.31874799976808, 45.03339800026344], [-93.31879399979883, 45.03545799972997], [-93.31916700006774, 45.03545100029678], [-93.3194189999628, 45.03545100029678], [-93.31941999978774, 45.035460999849526], [-93.31942700035873, 45.03644299985397], [-93.31943499985636, 45.03660599993119], [-93.31942700035873, 45.03670899976394], [-93.31937399975698, 45.03680800019269], [-93.3192900000914, 45.03689600007734], [-93.31922399996915, 45.03693800004673], [-93.31923999986269, 45.03735400013406], [-93.31925199955825, 45.037666000119245], [-93.31927500002277, 45.03855600027521], [-93.3193040003351, 45.040128999812104], [-93.31930500016001, 45.040180000199165], [-93.31806900007575, 45.04019500019234], [-93.31810000003789, 45.04095800024363], [-93.31807699957336, 45.04106099985957], [-93.31803100044093, 45.04116100010424], [-93.31795500027293, 45.04124799991466], [-93.31793500018145, 45.04136800004902], [-93.31818600025161, 45.04160299968878], [-93.31849900024606, 45.04178999987661], [-93.31892799969313, 45.04191599970606], [-93.3193820001529, 45.04201900013629], [-93.31931699985557, 45.04046799988891], [-93.31931500020575, 45.04041899987656], [-93.31941499976486, 45.04042099999446], [-93.31995899973798, 45.040423999853815], [-93.32107099997368, 45.0404330000657], [-93.32133200008958, 45.04043399980708], [-93.32312700021559, 45.04044700025145], [-93.32323299962249, 45.04044799999259], [-93.32320800040644, 45.04057700008979], [-93.32313800008626, 45.04100100013665], [-93.32311200014698, 45.04115400009913], [-93.32296999985675, 45.04200699976292], [-93.32295300013833, 45.04210700025832], [-93.32260599980867, 45.04264399991654], [-93.32030500024271, 45.04209999973425], [-93.32018600041702, 45.042072000168325], [-93.31943300020654, 45.04190199987978], [-93.31943300020654, 45.04202199991186], [-93.31943300020654, 45.042169999858665], [-93.3193889998256, 45.042160000208874], [-93.31788400012782, 45.041834999847566], [-93.3177900004165, 45.04181499979433], [-93.3164399996311, 45.041524999823515], [-93.31426999958637, 45.04105800003356], [-93.31173999969154, 45.04048799977826], [-93.31088299972399, 45.04029500004636], [-93.31048600006393, 45.04020300006016], [-93.30919599955301, 45.03990600001264], [-93.30790500011547, 45.039621999690084], [-93.30667599970393, 45.03935200031583], [-93.30538899956602, 45.03906900018248], [-93.30517100000614, 45.039020000241514], [-93.30449899998649, 45.03887300016691], [-93.30414599980908, 45.03879499975372], [-93.30172200021946, 45.038252999984664], [-93.30110000042853, 45.03811400000373], [-93.30034899986785, 45.03794600022004], [-93.29906500010301, 45.03765899968658], [-93.29907400032384, 45.03798700026946], [-93.30067899958073, 45.04027299996655], [-93.30063799957286, 45.04026700023181], [-93.30052499959494, 45.040250999878225], [-93.29968100004616, 45.040248999754375], [-93.29913200005018, 45.040250000133696], [-93.29870100005495, 45.04027000009923], [-93.29830199984677, 45.04027200022235], [-93.29805400014965, 45.040273999710685], [-93.29783599969144, 45.04027599983366], [-93.29780899992727, 45.04027200022235], [-93.29655500029968, 45.04027899970061], [-93.29527300018466, 45.04028299994615], [-93.29399899956725, 45.04029099980167], [-93.29272499984816, 45.04029500004636], [-93.29144299973314, 45.040297999912326], [-93.29016900001405, 45.04030200015658], [-93.28887900040142, 45.04030599976575], [-93.28759800011133, 45.04032900021081], [-93.28755200008058, 45.04033299981813], [-93.28713199995602, 45.04033999992365], [-93.28659300000577, 45.04201999984991], [-93.2865600003938, 45.04212199974634], [-93.28623999982834, 45.04269400026415], [-93.28560799999167, 45.04393399985487], [-93.28519500043811, 45.04394100015454], [-93.28481299994837, 45.0439359998499], [-93.28448700043346, 45.04393199985977], [-93.2845259998932, 45.04334499986188], [-93.28481700014633, 45.03937900018364], [-93.28488699956822, 45.03911800008143], [-93.28500399974408, 45.03857499978956], [-93.28517100014867, 45.03804799976215], [-93.28525900001222, 45.03781499969508], [-93.2854199996707, 45.03737300004753], [-93.28557200000667, 45.03698699986622], [-93.28572500016755, 45.036634000267675], [-93.28601399987254, 45.03593500026064], [-93.28643999984489, 45.03494600029622], [-93.28668400024236, 45.034351999949465], [-93.28693699996235, 45.03376400020262], [-93.28708000007748, 45.03328600011962], [-93.28714600019971, 45.032990000226064], [-93.28721200032196, 45.03260600007316], [-93.28726000000253, 45.032252000228844], [-93.28727599989605, 45.03199500018585], [-93.28727400024623, 45.031838000290826], [-93.2872659998503, 45.03172800005523], [-93.28724599975884, 45.03149799997595], [-93.28701300013033, 45.03149500028349], [-93.28672799972499, 45.03151299970567], [-93.28636899969979, 45.03155900003737], [-93.2860180000705, 45.03162799983068], [-93.28405899991297, 45.032098999951934], [-93.28299000023328, 45.03235600016277], [-93.2826959996071, 45.03242700002741], [-93.28219199981696, 45.030750999956325], [-93.28146799991877, 45.02931200016916], [-93.28118400023664, 45.02876199990271], [-93.28002500014527, 45.027175999984145], [-93.27862900022744, 45.024982000099875], [-93.27814600035369, 45.02384400005972], [-93.27793100026852, 45.0229599999614], [-93.27746599993812, 45.02192799969528], [-93.27713200002727, 45.02029699992448], [-93.27660300012276, 45.01771099975572], [-93.27589299956996, 45.015911000015706], [-93.27507300031064, 45.01474000010271], [-93.27488900018761, 45.01312599996899], [-93.27443599955276, 45.00594299975732], [-93.27386300016563, 45.00597999976425], [-93.27366899999689, 45.00599200007035], [-93.27275299957977, 45.00602900004567], [-93.27165999961065, 45.00605000024418], [-93.27008100029303, 45.00605399970645], [-93.26886000027739, 45.00605399970645], [-93.268867999775, 45.00534400026785], [-93.26887199997294, 45.00504100009162], [-93.26767000022389, 45.00503900000756], [-93.26767000022389, 45.005299000185786], [-93.26760900012451, 45.005299000185786], [-93.26611299974925, 45.005299000185786], [-93.26611299974925, 45.00593799994336], [-93.26612100014518, 45.00596199993552], [-93.2661219999701, 45.00636200001813], [-93.2661219999701, 45.00648499999336], [-93.26603699958127, 45.00645700015131], [-93.26477600028097, 45.00645100004726], [-93.26460300002861, 45.00631900014007], [-93.26446999995922, 45.006218000284775], [-93.26384499979525, 45.00619999989569], [-93.26363999975584, 45.0063689998328], [-93.2632289998521, 45.00636699979509], [-93.26307700041444, 45.00633600015482], [-93.26296500026146, 45.00631300002161], [-93.26265499974174, 45.006315999763366], [-93.2626170001069, 45.005742999872524], [-93.26239100015108, 45.005731000149375], [-93.26229499989164, 45.005731000149375], [-93.26229499989164, 45.005963000279], [-93.26221799989875, 45.005963000279], [-93.26220600020316, 45.00627800027061], [-93.2622020000052, 45.00638599983266], [-93.26155799957465, 45.0063839997956], [-93.26004799985401, 45.006377999683906], [-93.25852200023984, 45.00638599983266], [-93.25852200023984, 45.00649399982629], [-93.25702000001681, 45.00652099995162], [-93.25715100043638, 45.00641000027227], [-93.25667600006022, 45.006396999717815], [-93.25499700028517, 45.00640099979101], [-93.254998999935, 45.006565000011015], [-93.2550130001787, 45.00748800012096], [-93.25397999958571, 45.00748800012096], [-93.25391699983652, 45.00748800012096], [-93.25340300000063, 45.00683699974353], [-93.25321200020493, 45.00655699988726], [-93.25313699986185, 45.00641399970941], [-93.25309000000617, 45.006325000257945], [-93.2529360000204, 45.00611599991056], [-93.2524640000173, 45.0054739998123], [-93.2524640000173, 45.00592499991693], [-93.2524570003446, 45.00594299975732], [-93.25151099979026, 45.005939000287256], [-93.25092300033451, 45.005939000287256], [-93.24915300032288, 45.005933000129005], [-93.24736800024263, 45.00592800031416], [-93.24609399962522, 45.005933999837836], [-93.24559800023097, 45.00593599989065], [-93.24494600030282, 45.005940999704755], [-93.24482699957882, 45.00593599989065], [-93.24471699997396, 45.0059420000486], [-93.24382800021932, 45.00594600015357], [-93.24353799979112, 45.005946999862225], [-93.24227099974472, 45.005955000071175], [-93.24100500042152, 45.00596100022713], [-93.23973099980412, 45.005968000090796], [-93.23846399975773, 45.00597400024539], [-93.23717499997002, 45.00598100010742], [-93.23710499964983, 45.005904000307744], [-93.23705799979415, 45.005828999825965], [-93.2370240003573, 45.00569399998162], [-93.23692999974763, 45.005526000309665], [-93.2368150001199, 45.00538399981707], [-93.2366669999819, 45.00520800019414], [-93.2364839996838, 45.005025999777104], [-93.23616700038971, 45.00470899979202], [-93.23591399977143, 45.00445800026451], [-93.235672999747, 45.0045590000472], [-93.2355399996776, 45.00460800027379], [-93.23516999978173, 45.00476799972375], [-93.23505400032911, 45.00479999994119], [-93.23394100026849, 45.00480100030496], [-93.23365800041127, 45.00473499975863], [-93.2334270004326, 45.004712999983084], [-93.23317600036243, 45.004748999784645], [-93.23298200019367, 45.0048040001259], [-93.23284199955327, 45.00482199968332], [-93.23240399988536, 45.00482000022682], [-93.23217799992955, 45.004816000043235], [-93.23196500039253, 45.00486299995978], [-93.23203999983728, 45.00596199993552], [-93.23075100004958, 45.005955000071175], [-93.22946899993457, 45.005946999862225], [-93.22812200042056, 45.00594299975732], [-93.22692099959806, 45.005939000287256], [-93.22692099959806, 45.00547599988117], [-93.22692099959806, 45.00521300007178], [-93.22692099959806, 45.00489000021876], [-93.22693400001687, 45.00464499987271], [-93.22695300028344, 45.00451899992187], [-93.22697800039779, 45.00439699990708], [-93.22702600007837, 45.004242000018486], [-93.22712800018562, 45.00401400014557], [-93.2269359996667, 45.00398599973089], [-93.2268949996588, 45.00398000000319], [-93.22349500027592, 45.003905999922466], [-93.22324400020577, 45.00389899980688], [-93.22299999980828, 45.0038759999655], [-93.22276299998181, 45.00383399987235], [-93.22252699998026, 45.00377300012077], [-93.22230500022242, 45.00369599989386], [-93.2222320004275, 45.003670999839144], [-93.22197700015936, 45.003592999725456], [-93.22162599963175, 45.003513000003394], [-93.22126800032977, 45.00345999983229], [-93.22090099990866, 45.00342899988918], [-93.22053500021077, 45.003425999996246], [-93.22017700001048, 45.00344800026608], [-93.21980999958936, 45.00349400028327], [-93.21952099988437, 45.0035539999464], [-93.219459999785, 45.00357100014652], [-93.21921499956261, 45.003632000113186], [-93.21897100006345, 45.00367399971925], [-93.21877400041996, 45.00369700027691], [-93.21871900016838, 45.00370399978199], [-93.21845999970229, 45.00371599992975], [-93.21778900040587, 45.00371599992975], [-93.21748200025921, 45.00369599989386], [-93.21714499997533, 45.003670000090814], [-93.21682000028531, 45.00363799987733], [-93.21646899975771, 45.00361200004797], [-93.21609899986186, 45.00360499989646], [-93.2157420003848, 45.00361200004797], [-93.2154820000938, 45.003630999729], [-93.21522199980281, 45.003677000234376], [-93.21502699980914, 45.0037289998223], [-93.21476499986831, 45.003813000131764], [-93.2145459995852, 45.003942999974775], [-93.21436400001032, 45.004085999969455], [-93.21420900019962, 45.00422900024234], [-93.21409200002377, 45.0044169996982], [-93.21401400020595, 45.00459299984594], [-93.2139680001752, 45.00475500006696], [-93.21390299987787, 45.0050800001287], [-93.21386400041811, 45.00534599970611], [-93.21386400041811, 45.00552099982419], [-93.21385000017442, 45.00565300029992], [-93.21378200040235, 45.00576499988767], [-93.21348000027857, 45.005944999809785], [-93.21344099992051, 45.00586399985131], [-93.2134200000041, 45.00581000023881], [-93.21339200041501, 45.005758999711134], [-93.2133410003614, 45.005643999699764], [-93.21324900029987, 45.00547799994994], [-93.21316300008615, 45.005360999936784], [-93.21311200003254, 45.00529599975561], [-93.21247000015012, 45.004578000049285], [-93.21223499997349, 45.00424299975684], [-93.20830599978777, 45.00593999999604], [-93.20776900038564, 45.006145000259586], [-93.2077309998525, 45.00616599978043], [-93.20771400013408, 45.00616599978043], [-93.20763600031627, 45.00620499968679], [-93.20763799996608, 45.0059770000049], [-93.2076179998746, 45.00252400007969], [-93.20760799982885, 45.000730000103225], [-93.20760100015615, 45.00070599982475], [-93.20760199998107, 45.000643000316266], [-93.20760299980597, 45.00057199977892], [-93.20760199998107, 45.00054899987224], [-93.2075960001333, 44.99886200024185], [-93.20757699986672, 44.99556599969599], [-93.20755799960014, 44.991684000094814], [-93.20756599999605, 44.990424999744484], [-93.20757400039197, 44.98950399981652], [-93.20758699991245, 44.988070999731086], [-93.2076120000268, 44.98476000001595], [-93.2076399996159, 44.98116499972908], [-93.20764899983674, 44.980330999959946], [-93.20766999975314, 44.97722699986165], [-93.20767300012618, 44.97675399975509], [-93.20767300012618, 44.976735000058895], [-93.20767200030129, 44.9763260001896], [-93.207674999776, 44.97602299971506], [-93.20767800014906, 44.975739999814074], [-93.20768099962379, 44.975207999711415], [-93.20500099994113, 44.97476000007804], [-93.20324699982301, 44.97459699995593], [-93.20251100022925, 44.97453399970655], [-93.20243900025925, 44.97450800001725], [-93.20241400014488, 44.97449900024427], [-93.2023720003121, 44.97450800001725], [-93.20229199994615, 44.97448999983434], [-93.20224300044065, 44.974477999921135], [-93.20221300030343, 44.97447100002351], [-93.20164699969067, 44.974278999775784], [-93.20111799978616, 44.97410100004428], [-93.20032299974287, 44.97390500002928], [-93.19996999956544, 44.973818000190555], [-93.19742200012728, 44.97326499991954], [-93.19596500011008, 44.973116999771], [-93.19567300003204, 44.97308200007939], [-93.19255099958518, 44.97280199987091], [-93.18090700004149, 44.97181800018778], [-93.17488399997903, 44.971317000098004], [-93.17401500031589, 44.97121699987198], [-93.16810299968321, 44.97041200031283], [-93.16714299978348, 44.9702809997001], [-93.16697999957685, 44.970259000043306], [-93.16638200007537, 44.97017799984753], [-93.16528999993116, 44.97002999999467], [-93.16371900011116, 44.969799999963556], [-93.16293699958834, 44.969659999962815], [-93.16061299955783, 44.96935699985784], [-93.15846299960461, 44.96904900020396], [-93.15681700033983, 44.96882300020654], [-93.15566999994402, 44.96863800009142], [-93.15426099960742, 44.96841199974567], [-93.15170300012349, 44.96806800015931], [-93.15124199999103, 44.968006000099436], [-93.14658800008223, 44.96734900012407], [-93.14658399988427, 44.96841199974567], [-93.14658100040953, 44.969321000066216], [-93.14657700021158, 44.97021399973681], [-93.14657700021158, 44.97040600024764], [-93.14657700021158, 44.97045499980835], [-93.14657300001362, 44.971344999952095], [-93.14656899981566, 44.97246500006554], [-93.1465649996177, 44.973549000234044], [-93.14656399979278, 44.973877999786666], [-93.14655700012008, 44.9756290002395], [-93.14650799971628, 44.97742899992733], [-93.14663499993789, 44.977436000099296], [-93.14668099996864, 44.977651999720806], [-93.14674899974071, 44.977866000037885], [-93.14681099966498, 44.978015999760245], [-93.14684199962714, 44.97809399974044], [-93.14687799961213, 44.978235999871856], [-93.1468890003811, 44.978358999858074], [-93.1468960000538, 44.978715000294336], [-93.14689199985585, 44.97879100022973], [-93.14686799956638, 44.97890499994385], [-93.14682200043396, 44.9790149999883], [-93.14675499958848, 44.97911900003263], [-93.14666699972494, 44.97921599993454], [-93.14657600038666, 44.97929300001492], [-93.14645699966266, 44.97936999999195], [-93.1457770001454, 44.979752999900896], [-93.14564800027398, 44.979836000245676], [-93.14553299974794, 44.979929000190715], [-93.14543499983864, 44.980031999687284], [-93.14535600019593, 44.98014200011126], [-93.14529599992146, 44.98025799999476], [-93.14525599973851, 44.980378999782005], [-93.14524599969276, 44.98042899987158], [-93.14523800019515, 44.980544999809815], [-93.14525300026376, 44.980661000148785], [-93.1452909998986, 44.98077499995744], [-93.14534199995224, 44.98086999994257], [-93.14541999977003, 44.980973000290355], [-93.14551699985441, 44.98106699980466], [-93.14556799990804, 44.98110699978109], [-93.14588900029841, 44.98134299977284], [-93.14593199995609, 44.98137599986662], [-93.14601800016983, 44.98145599999575], [-93.14608900031494, 44.981542999683874], [-93.14615200006413, 44.98164899985582], [-93.14619300007202, 44.981759999849835], [-93.14621099961535, 44.98185899998944], [-93.1462120003386, 44.981960000212396], [-93.1461920002471, 44.982073999979846], [-93.1461560002621, 44.982170999965696], [-93.14609500016273, 44.982277000247365], [-93.14558899982444, 44.983006999873815], [-93.14551100000664, 44.98310300008012], [-93.14541200027243, 44.98319300012753], [-93.14531099999007, 44.98326399995932], [-93.14518600031663, 44.98333099992582], [-93.14511299962338, 44.983363000043376], [-93.14500399984342, 44.98340000001807], [-93.14440700016684, 44.98358099977338], [-93.14403499972285, 44.983694000032905], [-93.14374699984278, 44.98378100013724], [-93.14360299990271, 44.98383299999048], [-93.14347099965825, 44.98389899983404], [-93.14335299965748, 44.98397800016299], [-93.14326300014409, 44.984055000201906], [-93.14317699993038, 44.98415300010186], [-93.14311900020405, 44.984243999858954], [-93.1430720003484, 44.98435399982635], [-93.1430589999296, 44.984398999838824], [-93.1430089997009, 44.98460799998437], [-93.1429879997845, 44.984731999722754], [-93.14091999984701, 44.9840880000054], [-93.1407909999756, 44.98402899974647], [-93.14067399979972, 44.983957000134424], [-93.1405740002406, 44.98387299994325], [-93.14050599957022, 44.983796000295236], [-93.14048200017909, 44.98376399978398], [-93.14043000030057, 44.98367999994536], [-93.14038900029269, 44.983573999716235], [-93.14037599987388, 44.98349999996754], [-93.1403700000261, 44.983465999724736], [-93.14036900020119, 44.98343200009711], [-93.14036199963017, 44.98287499996308], [-93.14034400008684, 44.9827559999515], [-93.14033700041414, 44.98272900006398], [-93.14030100042913, 44.98261599980854], [-93.14023899960654, 44.98249199994105], [-93.14015599976587, 44.98237399988981], [-93.14007299992518, 44.98228200021984], [-93.14002400041969, 44.98223500020717], [-93.13991399991653, 44.98214700017445], [-93.13975300025804, 44.98204500015524], [-93.13962699986135, 44.98198400008197], [-93.1394760002486, 44.98190699980301], [-93.139313000042, 44.98180600012209], [-93.13916699955381, 44.9816929999536], [-93.1390390004056, 44.98156899999599], [-93.13892999972735, 44.981435999815105], [-93.13885399955937, 44.9813169999937], [-93.13880699970369, 44.98122499989842], [-93.13870700014458, 44.981021999718436], [-93.13852100037175, 44.98065099992067], [-93.13840800039385, 44.98039999985034], [-93.13831899980707, 44.980143999793526], [-93.13825299968482, 44.979885000010036], [-93.13821500005, 44.97964499970112], [-93.13819900015646, 44.979461999886645], [-93.13818300026296, 44.97891400029624], [-93.13817300021722, 44.97880400005809], [-93.13814399990488, 44.97869700016112], [-93.13809600022431, 44.97859199980093], [-93.13801500003345, 44.97847399998364], [-93.13792899981974, 44.97838299996411], [-93.13782699971247, 44.978300000057764], [-93.13771200008475, 44.97822700004849], [-93.13755800009898, 44.97815399994624], [-93.1374190001818, 44.97810600016788], [-93.1372729996936, 44.97807000014888], [-93.13712200008086, 44.97804800030266], [-93.13704099989002, 44.97804199976543], [-93.13644300038854, 44.9780549997636], [-93.13629100005258, 44.978037000058656], [-93.13614299991457, 44.97800599970626], [-93.13597499968508, 44.97795099969576], [-93.13582099969928, 44.977847000074696], [-93.13563099972849, 44.97767699968916], [-93.1354550000014, 44.9773919999119], [-93.13538200020646, 44.97739300011871], [-93.13535999956684, 44.97739300011871], [-93.1352230001978, 44.97739300011871], [-93.13505800034136, 44.9773919999119], [-93.13478800000463, 44.97739099970504], [-93.13476299989027, 44.97731199983129], [-93.13476600026331, 44.977136999980715], [-93.13483400003538, 44.97715999975191], [-93.13483700040844, 44.97694899998557], [-93.13468199969941, 44.97692799992415], [-93.13468199969941, 44.976562000161], [-93.1347720001111, 44.976556999689706], [-93.13482300016472, 44.976488999845465], [-93.13487000002038, 44.97642599976832], [-93.13487300039343, 44.97566100020759], [-93.13490799965523, 44.97566699972301], [-93.13490799965523, 44.975592999936325], [-93.13291900025878, 44.975559999691534], [-93.13289900016728, 44.97458599968534], [-93.13289499996932, 44.97441800031728], [-93.13218100011689, 44.97438199988934], [-93.13224300004117, 44.974237000231696], [-93.13224700023912, 44.97378099975163], [-93.13141000036305, 44.973778999847454], [-93.13120500032365, 44.973778000213066], [-93.12636100044402, 44.97095100011256], [-93.12636100044402, 44.970229999962804], [-93.12636100044402, 44.970167999697736], [-93.12624900029104, 44.970167999697736], [-93.1238030000618, 44.97017500012053], [-93.12380499971161, 44.96926899976233], [-93.12380700025976, 44.96881000002215], [-93.12301700023932, 44.96836999971833], [-93.12148400005415, 44.96837300017525], [-93.12124800005259, 44.96837300017525], [-93.12124899987751, 44.968054999803755], [-93.12125100042566, 44.96757500020913], [-93.12125100042566, 44.96746999982195], [-93.12091099976871, 44.96747100020186], [-93.120319000115, 44.96747100020186], [-93.11860900037782, 44.96747199994613], [-93.11856900019484, 44.96657299970248], [-93.11868999967037, 44.966571999942495], [-93.11978199981458, 44.96657100018254], [-93.11750700018786, 44.96530600002224], [-93.11677800026682, 44.9652380001847], [-93.1161299996383, 44.96518000001657], [-93.11520099970069, 44.96504900016622], [-93.11428000015904, 44.964893000206466], [-93.11344599975767, 44.96471599973842], [-93.11296500043206, 44.96462200011527], [-93.11231000013083, 44.96446199980746], [-93.11180499961746, 44.964325999957694], [-93.110293000247, 44.963916000132635], [-93.10968999982433, 44.96373499995504], [-93.10849100044831, 44.9634640001139], [-93.1083630004018, 44.96343499977596], [-93.10778400026857, 44.96333700005979], [-93.10725600018895, 44.96327100006575], [-93.1062390003878, 44.96322100027017], [-93.10591299997458, 44.963204999995824], [-93.10562799956922, 44.96321299981577], [-93.10367799963252, 44.96320000026671], [-93.10144499983862, 44.96318600026019], [-93.09971099981198, 44.963176000162576], [-93.097915999686, 44.96319300026384], [-93.09637900020117, 44.96322599999745], [-93.0959380001602, 44.96329999985097], [-93.09537599974541, 44.96342699998703], [-93.09446600007438, 44.963640000184604], [-93.09388699994116, 44.963738999828166], [-93.09337099955712, 44.96381300029121], [-93.0930230003009, 44.96380899978763], [-93.09272200000201, 44.96380899978763], [-93.09235700012903, 44.963787999999404], [-93.0920380002868, 44.963760000269886], [-93.09139499968116, 44.963673000296644], [-93.09094399959446, 44.9636030001712], [-93.09070500011816, 44.96357000001889], [-93.0904959998808, 44.96354200018296], [-93.09045599969782, 44.96353500022184], [-93.09001100035722, 44.964735000238555], [-93.08937899962223, 44.96645200001917], [-93.08932199972081, 44.96666400003154], [-93.08930199962934, 44.966737000142246], [-93.08928800028394, 44.96678999995547], [-93.08918199997873, 44.96715500004948], [-93.08895900039597, 44.967965000145995], [-93.08890900016725, 44.96814999988958], [-93.0888980002966, 44.968520000128855], [-93.08889200044882, 44.96874600004906], [-93.08887999985494, 44.96914300019944], [-93.08887499983207, 44.96935800020484], [-93.08885300009077, 44.970027000259925], [-93.08885300009077, 44.970221000154034], [-93.08882899980131, 44.97111199979658], [-93.08875299963333, 44.97230599968667], [-93.08876500022721, 44.972563000075475], [-93.08877699992279, 44.97454899974197], [-93.08879000034158, 44.97675499997306], [-93.08880200003713, 44.977042000164985], [-93.08880500041019, 44.97710899977712], [-93.08881000043306, 44.977265000192574], [-93.08890999999217, 44.98064500029128], [-93.08892300041096, 44.98100400030947], [-93.08902600034313, 44.983204000017736], [-93.08902899981786, 44.98324399977399], [-93.08905899995509, 44.98397900025492], [-93.08909300029026, 44.98455099978917], [-93.0891300001002, 44.98556699970784], [-93.08914699981862, 44.986340999717356], [-93.08921600031393, 44.98777799995256], [-93.08932599991877, 44.990043999946636], [-93.08935900042904, 44.99066300008219], [-93.08932300044405, 44.99066300008219], [-93.08916100006233, 44.99066100013156], [-93.08912099987936, 44.99066100013156], [-93.08907900004657, 44.99066000015617], [-93.08838399956238, 44.99065500027909], [-93.08761000033381, 44.99064799981517], [-93.08756299957982, 44.991167000038786], [-93.08692300024556, 44.99116100023934], [-93.08693099974316, 44.99168699996725], [-93.08640799968643, 44.991682000179765], [-93.08629200023377, 44.99179099989498], [-93.0850050000959, 44.99180699981825], [-93.08483500021659, 44.991808999728946], [-93.08374200024747, 44.99182299973706], [-93.08326799969622, 44.99182800014755], [-93.08249000026967, 44.99183799969661], [-93.08051100002066, 44.991861999877806], [-93.08148199979105, 44.99130900019189], [-93.08116999962152, 44.99095099987403], [-93.07883999974322, 44.99116899997181], [-93.07868099973457, 44.99142600031311], [-93.07674699969141, 44.99146500008869], [-93.07661600017015, 44.991909000256456], [-93.07620799974116, 44.991914999977595], [-93.07562399958505, 44.99191799983799], [-93.07556000001094, 44.991827000192565], [-93.07557400025465, 44.991496000151976], [-93.0743249997516, 44.991510000236595], [-93.07433200032261, 44.991848999833834], [-93.0738179995884, 44.991848999833834], [-93.07366699997566, 44.991825000282496], [-93.07354700032505, 44.991805999862905], [-93.07330799995046, 44.99181999987175], [-93.07329299988184, 44.99147099985632], [-93.07188699991826, 44.99147099985632], [-93.07102999995068, 44.99146300016599], [-93.07012000027967, 44.99147099985632], [-93.0700309996929, 44.991510000236595], [-93.06985999998868, 44.991638000125214], [-93.06939600038149, 44.99163500025021], [-93.0693820001378, 44.99196200031284], [-93.06854400043679, 44.99196800002843], [-93.06609900003247, 44.99197800018836], [-93.06605200017678, 44.99197700023595], [-93.06505600029206, 44.99198699975901], [-93.0645669996722, 44.99198799971121], [-93.06422500026375, 44.99198799971121], [-93.06401600002637, 44.99198900029872], [-93.0638839997819, 44.99198900029872], [-93.06311200020312, 44.99199100020302], [-93.06284000021657, 44.99199100020302], [-93.06267500036013, 44.99199100020302], [-93.0623699998633, 44.99199200015519], [-93.05920399993383, 44.99199799986765], [-93.0525210004456, 44.99201099987781], [-93.0520360000237, 44.99201299978139], [-93.0519089998021, 44.99201299978139], [-93.0511909997517, 44.99201399973313], [-93.05082800042685, 44.99201399973313], [-93.05050399966345, 44.99201399973313], [-93.05051600025732, 44.99193299977262], [-93.05051899973206, 44.99154799999513], [-93.05034399982988, 44.99154400015545], [-93.05033499960903, 44.991417000019055], [-93.05014399981333, 44.991417000019055], [-93.05013399976758, 44.991290000236496], [-93.04993999959882, 44.9912930001296], [-93.04994299997188, 44.99156399998623], [-93.04974899980313, 44.9915699997435], [-93.04974899980313, 44.991598999832085], [-93.04955800000741, 44.991592000118736], [-93.04942900013599, 44.991589000241326], [-93.04942800031107, 44.99201499968485], [-93.04832799977093, 44.99201499968485], [-93.04820200027255, 44.99201499968485], [-93.04697799988385, 44.99201499968485], [-93.04569900014191, 44.9920160002719], [-93.04505499971134, 44.9920160002719], [-93.04481799988488, 44.99201399973313], [-93.04457000018776, 44.99201199982959], [-93.04430099967594, 44.99201199982959], [-93.04313900010983, 44.992008000022345], [-93.04309599955381, 44.992008000022345], [-93.04057800025286, 44.99199999977168], [-93.03928400044228, 44.99199500001149], [-93.03801599967267, 44.99199100020302], [-93.03795999959615, 44.99199100020302], [-93.03673899958052, 44.99198699975901], [-93.03545800018874, 44.991982999950025], [-93.03376699981982, 44.99197700023595], [-93.0328989999816, 44.99197399974341], [-93.03033999977443, 44.991966000123284], [-93.02980900022008, 44.991963000265464], [-93.02981300041806, 44.99180999968429], [-93.02980500002212, 44.99148300002504], [-93.02789199989536, 44.99146500008869], [-93.02777300006967, 44.99153799976016], [-93.02777300006967, 44.99195699991404], [-93.02522200025845, 44.99194900029155], [-93.02372400023337, 44.99195200015011], [-93.02367599965449, 44.991105000174805], [-93.02362299995103, 44.99015100026737], [-93.02362200012611, 44.98924499975128], [-93.02361999957797, 44.98833700013031], [-93.0252259995581, 44.988333000066554], [-93.0252270002813, 44.987433000229736], [-93.02522899993114, 44.98652699995495], [-93.0252270002813, 44.98562500022677], [-93.02523099958096, 44.984717999888694], [-93.0252399998018, 44.98381799984212], [-93.02473600001163, 44.98381799984212], [-93.02456000028454, 44.98381799984212], [-93.02455600008658, 44.98321299969529], [-93.02512299962594, 44.983218000221534], [-93.02524499982466, 44.98322699989684], [-93.02524900002263, 44.98291800028026], [-93.02525800024347, 44.982015000189804], [-93.02526699956597, 44.98111400013946], [-93.0252759997868, 44.98021500022419], [-93.02528500000764, 44.97931300030773], [-93.02529400022846, 44.9784070000601], [-93.02530299955099, 44.977511000254275], [-93.02460700014021, 44.97750899984471], [-93.02462600040678, 44.97703300015422], [-93.02277000018141, 44.97696100001716], [-93.02259699992905, 44.97703900016157], [-93.02039599992219, 44.97702700014624], [-93.02021500017221, 44.97703099972799], [-93.02018099983704, 44.975973999827694], [-93.02023100006576, 44.97546499980507], [-93.02192699955923, 44.97487600004658], [-93.02529099985541, 44.97339699971257], [-93.0252900000305, 44.972992000047974], [-93.02528800038068, 44.972111000190964], [-93.02528500000764, 44.9712029999154], [-93.02528300035782, 44.97043199989004], [-93.02528300035782, 44.970292999856], [-93.02528599983255, 44.969520999964466], [-93.02529099985541, 44.96874899985076], [-93.02529599987828, 44.96772099992564], [-93.02517399967957, 44.967649000172855], [-93.02472299959284, 44.967646000313586], [-93.02472799961572, 44.96724999971915], [-93.02473099998878, 44.967190999929436], [-93.0248740001039, 44.96718800004626], [-93.0248740001039, 44.96677900009419], [-93.02517399967957, 44.96677900009419], [-93.02530099990116, 44.96668799994761], [-93.02530500009912, 44.965825000230055], [-93.025310000122, 44.964924000020396], [-93.025310000122, 44.964884999985244], [-93.02531400031997, 44.964024999886874], [-93.02531400031997, 44.96398200002021], [-93.02531900034283, 44.96308299974369], [-93.02531199977182, 44.9622039999023], [-93.02530400027422, 44.96128600000236], [-93.0252969997032, 44.960377999984956], [-93.0252890002056, 44.95949100031505], [-93.02498100023402, 44.95948999979602], [-93.02462499968355, 44.959488999912594], [-93.02464700032318, 44.95939199969757], [-93.02466900006448, 44.95859800025257], [-93.02443800008581, 44.95859099968822], [-93.02438700003218, 44.957789000025905], [-93.02471199972219, 44.95776099991128], [-93.02470199967645, 44.957671999910225], [-93.0246909998058, 44.95758000002116], [-93.0246620003918, 44.956894000315955], [-93.02465900001874, 44.95677900014371], [-93.02464700032318, 44.95628100010423], [-93.02513100002184, 44.95628800031476], [-93.02510900028055, 44.95547300022002], [-93.02399000037215, 44.95547999989341], [-93.02397600012846, 44.954556000028724], [-93.02455299971353, 44.95454099985041], [-93.02455299971353, 44.954194999777], [-93.02456699995723, 44.9541099998752], [-93.02524900002263, 44.954112999806576], [-93.0252399998018, 44.95264000001934], [-93.0252399998018, 44.95261399994162], [-93.02523499977892, 44.951845999962295], [-93.02523200030419, 44.951354999884465], [-93.02523099958096, 44.95119800017096], [-93.02522999975606, 44.95091399981275], [-93.02522800010622, 44.9506309999942], [-93.02522800010622, 44.950603000201404], [-93.02522200025845, 44.949684999701084], [-93.02521600041067, 44.948724999989714], [-93.02520100034205, 44.947593000032654], [-93.02518500044852, 44.94644299992085], [-93.02517100020482, 44.94540299995064], [-93.025161999984, 44.94478300000309], [-93.02514600009046, 44.9436050001574], [-93.0250220002419, 44.9436050001574], [-93.02474400040757, 44.943602000312616], [-93.02440499957552, 44.94357999996242], [-93.02410099980192, 44.94354500005267], [-93.02391900022704, 44.94351599982059], [-93.02362200012611, 44.94345600025869], [-93.02334000009381, 44.94338399993858], [-93.02300199998501, 44.94327599992501], [-93.02277600002921, 44.943189000048875], [-93.02162399961053, 44.94272900003261], [-93.02174900018231, 44.94265499971901], [-93.02198600000877, 44.94252999974594], [-93.02201600014601, 44.942526999844986], [-93.02212099972799, 44.94249899991399], [-93.02218199982737, 44.9424960000114], [-93.02225600034551, 44.94250100027288], [-93.02231599972166, 44.9424809998603], [-93.02234099983602, 44.942465999705284], [-93.02239299971455, 44.94244400019145], [-93.02248800014911, 44.942391000143054], [-93.02249200034707, 44.94236600005525], [-93.02247700027846, 44.94230000010179], [-93.0224100003313, 44.94214200023257], [-93.0223890004149, 44.94192100010451], [-93.02239400043779, 44.94188899975362], [-93.0223609999275, 44.9418389997658], [-93.02234599985887, 44.94171500011675], [-93.02235900027767, 44.94167900014799], [-93.02233199961518, 44.94157999995846], [-93.02233699963806, 44.941507999829035], [-93.02237699982103, 44.941446000316375], [-93.02242100020196, 44.941413000138276], [-93.02242500039992, 44.941394999744105], [-93.02249700036995, 44.94132300001849], [-93.02253300035494, 44.941299000301875], [-93.02268399996768, 44.941163999801226], [-93.02275500011281, 44.94112099997074], [-93.0227900002729, 44.94109400019385], [-93.02281100018931, 44.94106900017714], [-93.02282700008281, 44.94104899990156], [-93.02288700035729, 44.94101000017079], [-93.02308400000078, 44.940847000161526], [-93.02310599974207, 44.940835000204984], [-93.02312699965847, 44.94080899986659], [-93.0231369997042, 44.94077499974868], [-93.02313000003153, 44.94074100024656], [-93.02305700023659, 44.940636999923825], [-93.02293000001498, 44.9405070002093], [-93.02285700022006, 44.940448999840626], [-93.0228189996869, 44.9404309997801], [-93.02274599989197, 44.94038200001059], [-93.02269099964039, 44.94036599972641], [-93.02263399973897, 44.94033099976486], [-93.02260600014989, 44.940298000217595], [-93.02258400040857, 44.940246000314424], [-93.02255099989831, 44.940202000212814], [-93.0225009996696, 44.9401500002227], [-93.02245399981392, 44.94011000029612], [-93.02237799964593, 44.940030999945854], [-93.02234099983602, 44.93996700029875], [-93.02223799990385, 44.93988100008441], [-93.02217400032974, 44.93981100018452], [-93.02212800029899, 44.939772000248695], [-93.02208300009316, 44.93974100019928], [-93.02204000043544, 44.939691999840896], [-93.02202700001666, 44.93965700010437], [-93.02202500036685, 44.939632000097774], [-93.02203600023748, 44.939602000202754], [-93.02205299995592, 44.93958800016157], [-93.02206700019961, 44.93954900007427], [-93.02207399987233, 44.939470000223835], [-93.02212800029899, 44.939432000289315], [-93.02214099981948, 44.939413999909945], [-93.02216900030689, 44.93934799974234], [-93.02233499998825, 44.93919499992912], [-93.02246899988255, 44.93908900014359], [-93.02255799957098, 44.93905700012192], [-93.02259899957888, 44.93903600017746], [-93.0226270000663, 44.9390049997307], [-93.02265800002843, 44.93898199992174], [-93.0226990000363, 44.93895999970874], [-93.0226980002114, 44.938880999683846], [-93.02270400005918, 44.93881599978305], [-93.02269599966327, 44.93877000000448], [-93.0226980002114, 44.93872299994381], [-93.02270700043222, 44.93868300029485], [-93.02273800039437, 44.93864999980039], [-93.02276799963327, 44.93862600023819], [-93.02283399975552, 44.938603000277396], [-93.0229030002508, 44.93856999973696], [-93.02311699961274, 44.93850800023112], [-93.02326700029889, 44.93845599997856], [-93.02333300042112, 44.938422999989534], [-93.02342799995736, 44.93836300019214], [-93.02352500004174, 44.938285999851566], [-93.0236339998217, 44.93816900003653], [-93.02367900002753, 44.938127999746015], [-93.02371500001254, 44.93808099979576], [-93.02375500019551, 44.938018000140275], [-93.0237979998532, 44.93796100005937], [-93.02382200014266, 44.93791799973777], [-93.02382799999044, 44.93788100030775], [-93.02385899995258, 44.93785499990346], [-93.02389900013554, 44.93783200026975], [-93.0240010002428, 44.93773999973499], [-93.02406999983978, 44.93770300019031], [-93.02411199967257, 44.937650999844635], [-93.02414400035794, 44.93762600023643], [-93.02420999958186, 44.937611000084736], [-93.02424200026722, 44.93759999971668], [-93.02436299974273, 44.937511999875625], [-93.02443100041312, 44.9374469996969], [-93.02446999987286, 44.93741600029992], [-93.02451199970565, 44.93738999968509], [-93.02465300017096, 44.937357999988315], [-93.02475199990516, 44.937312000313476], [-93.02482999972298, 44.93729799971393], [-93.02487499992881, 44.9372950001755], [-93.02493000018039, 44.93728399974687], [-93.0250849999911, 44.93727100004694], [-93.02517399967957, 44.9372649996953], [-93.02538200009201, 44.937227999844495], [-93.0257899996227, 44.93721100031756], [-93.02588000003438, 44.937199000237], [-93.02622700036403, 44.937133000066936], [-93.02647500006114, 44.937080000203025], [-93.0266690002299, 44.93704500014611], [-93.02707400028585, 44.93698799973524], [-93.02714700008077, 44.9369710001372], [-93.02722400007369, 44.93690299978716], [-93.02725500003582, 44.93682999987349], [-93.02730400043961, 44.93676999968331], [-93.02735399977003, 44.93672299989326], [-93.02740099962568, 44.93666900000588], [-93.02748299964145, 44.93660999992953], [-93.02754600028895, 44.936554000005756], [-93.02762900012962, 44.93650199989135], [-93.0277039995744, 44.93644599986226], [-93.02778399994034, 44.936398000157254], [-93.02782599977313, 44.93634900012554], [-93.02786400030627, 44.936294999886385], [-93.02790500031416, 44.936248999995925], [-93.02792600023055, 44.93621299977944], [-93.02793299990326, 44.93608199993178], [-93.02792600023055, 44.9360390001108], [-93.02790799978888, 44.93599499996491], [-93.02790000029128, 44.93594800017647], [-93.02788400039776, 44.93592600007285], [-93.02787199980388, 44.93585799975712], [-93.02787299962878, 44.93575099987348], [-93.0279010001162, 44.935718999899265], [-93.02795499964456, 44.93568299998645], [-93.02809100008699, 44.93551699984917], [-93.02816499970683, 44.93544400008127], [-93.02822499998129, 44.935365000306305], [-93.02836499972338, 44.93512300006167], [-93.02843099984563, 44.9349730000971], [-93.0284929997699, 44.93490899989965], [-93.02850899966343, 44.934885999721885], [-93.02862300036456, 44.93468599991644], [-93.02887799973436, 44.9346040000556], [-93.0291969995766, 44.934592999747444], [-93.02945100001982, 44.93457800007533], [-93.02968100017357, 44.93461600004256], [-93.03014999980364, 44.934896999973915], [-93.03064299972314, 44.935229999843656], [-93.03067799988324, 44.93524899993269], [-93.03084000026494, 44.93531499972445], [-93.03092399993052, 44.935365000306305], [-93.03100299957325, 44.93546100013136], [-93.0310419999313, 44.93555099990107], [-93.0311189999242, 44.93564700005106], [-93.03144399961421, 44.936133000136174], [-93.03153099965286, 44.93625200022491], [-93.03163799978297, 44.93643400025775], [-93.03179500014181, 44.9367359997173], [-93.03188399983026, 44.93685299990855], [-93.03196699967094, 44.93694899978964], [-93.0320269999454, 44.93700600023922], [-93.03210999978607, 44.93703899977084], [-93.0322100002435, 44.93706199972219], [-93.03296500010381, 44.93717699997676], [-93.03316299957223, 44.937215999767496], [-93.03351300027491, 44.9372649996953], [-93.0336460003443, 44.937276999762055], [-93.03372699963684, 44.937276999762055], [-93.03379500030722, 44.9372670002365], [-93.03391699960763, 44.937239999919036], [-93.03408400001221, 44.93720899977439], [-93.03416199983002, 44.93718799978998], [-93.03423200015021, 44.93716299998019], [-93.03430499994516, 44.937087000211854], [-93.03440200002953, 44.93706199972219], [-93.03466899999322, 44.937003999688926], [-93.03476000022984, 44.937043000233075], [-93.03515799971477, 44.936923000235126], [-93.03566900007593, 44.93676199999235], [-93.0357589995893, 44.93670899978602], [-93.03535000023369, 44.93652399977429], [-93.03515600006494, 44.936300999703484], [-93.03591199975018, 44.93661899992351], [-93.03905699976325, 44.93793999971407], [-93.04020900018193, 44.93843499981435], [-93.03984599995877, 44.9381909999167], [-93.03842199955352, 44.93745800009432], [-93.03784999999131, 44.93708500030028], [-93.0365889997927, 44.93612700030148], [-93.0369760003053, 44.93559600005096], [-93.03704900010024, 44.93552799998039], [-93.03708300043543, 44.9354650000676], [-93.03707099984155, 44.935438000174635], [-93.03729400032262, 44.935045999827814], [-93.03778899989194, 44.93395499988823], [-93.037820999679, 44.9339090000311], [-93.03790400041798, 44.933746999909175], [-93.03801200037302, 44.933476999962224], [-93.03804499998498, 44.93336100022645], [-93.03807199974915, 44.93328699992173], [-93.03812899965057, 44.93308599992762], [-93.03817100038167, 44.93298599983933], [-93.0381949997728, 44.932891000039355], [-93.03818999974993, 44.93280200026491], [-93.03816200016084, 44.9327050000964], [-93.03799899995423, 44.93240699993736], [-93.03789900039511, 44.93227499995321], [-93.037820999679, 44.932146999833016], [-93.0377789998462, 44.93200000017775], [-93.0377789998462, 44.931865000072015], [-93.03776499960249, 44.93175999984108], [-93.03767599991404, 44.9314929999336], [-93.03748500011834, 44.93119400010495], [-93.0374409997374, 44.931105999986514], [-93.03737999963802, 44.93101699998976], [-93.03740999977526, 44.93082200007215], [-93.03737700016329, 44.93070800019521], [-93.03734700002607, 44.93063299990176], [-93.03731600006391, 44.93060600028093], [-93.03730600001818, 44.930555000255815], [-93.03729900034548, 44.930478000256834], [-93.03732299973663, 44.93038699977808], [-93.03746699967667, 44.9302580001452], [-93.03752100010334, 44.930097000295596], [-93.03753899964669, 44.93000800000728], [-93.03750600003472, 44.92983499974538], [-93.03747000004971, 44.92975200018838], [-93.03738700020904, 44.92969699970324], [-93.03731799971375, 44.92963800009559], [-93.03726099981235, 44.92957099973471], [-93.03718999966722, 44.929506999876985], [-93.03709099993303, 44.92937000009094], [-93.03700800009236, 44.92914500003505], [-93.03694699999298, 44.929062999894434], [-93.0368430002359, 44.92896700018608], [-93.03678100031162, 44.92891000002491], [-93.03668500005216, 44.928846999847956], [-93.03665599973985, 44.928819000241816], [-93.03663300017362, 44.9287859998026], [-93.03662300012789, 44.928734000286205], [-93.03656399967835, 44.92865399976414], [-93.03648500003561, 44.92851800027451], [-93.03643800017996, 44.928447999878536], [-93.03638299992838, 44.928411000070916], [-93.03637999955532, 44.928377000243856], [-93.0363500003164, 44.92830500009471], [-93.03629500006483, 44.92820599974226], [-93.03623800016341, 44.92816100016163], [-93.03618899975962, 44.928112000097656], [-93.03613199985821, 44.928041000047656], [-93.03607099975883, 44.9279419998762], [-93.03604599964447, 44.927913999828846], [-93.03601700023049, 44.92791000000269], [-93.03597799987242, 44.927887999999825], [-93.03584200032829, 44.92783199983888], [-93.03578399970367, 44.92779300003526], [-93.03571400028177, 44.927755000005455], [-93.03565999985511, 44.9277000001521], [-93.0356399997636, 44.92765900001896], [-93.03563899993871, 44.92761000016277], [-93.03562200022026, 44.927559999825135], [-93.03549400017376, 44.92732300007485], [-93.03540700013511, 44.92718600016767], [-93.03521899981415, 44.92693600001485], [-93.03515600006494, 44.92687099994955], [-93.03506499982834, 44.92680100009048], [-93.03502100034574, 44.92678000011614], [-93.03498600018564, 44.926772000305625], [-93.0349429996296, 44.9267709998522], [-93.03489800032207, 44.92676399985797], [-93.03476899955233, 44.92676399985797], [-93.03471099982603, 44.926780999933385], [-93.03465899994748, 44.926784999838155], [-93.03462700016043, 44.92677700002833], [-93.03462600033554, 44.9267550002275], [-93.03460500041913, 44.92674399968795], [-93.0345049999617, 44.926741000234294], [-93.03447999984733, 44.92672800005578], [-93.03428200037894, 44.92672999969201], [-93.034237999998, 44.92674599995969], [-93.03422399975429, 44.926777999845584], [-93.03415699980714, 44.92679899982069], [-93.0341040001037, 44.92680100009048], [-93.03403999963129, 44.92683200012943], [-93.03399600014868, 44.926835000214425], [-93.03397299968414, 44.92686099988404], [-93.03396799966126, 44.92689499997242], [-93.03395799961552, 44.92691299982401], [-93.0339209998056, 44.92691200000907], [-93.03389700041447, 44.92692599996065], [-93.03389700041447, 44.92695399985359], [-93.03387200030011, 44.926994999853896], [-93.03379899960687, 44.927066999737086], [-93.03375799959898, 44.92713500028588], [-93.03365800003986, 44.92716000000914], [-93.03326399985458, 44.92716099981971], [-93.03322100019686, 44.927187999787954], [-93.03315699972445, 44.92720799980339], [-93.03315099987668, 44.92724000006793], [-93.0331109996937, 44.92725600019356], [-93.03308200027968, 44.927273000123364], [-93.03300000026393, 44.927306000159795], [-93.03295199968503, 44.92731300008802], [-93.03290999985224, 44.927292000300874], [-93.03289399995872, 44.92735099977422], [-93.0328649996464, 44.9273539998321], [-93.03280799974499, 44.92737900009601], [-93.03272599972922, 44.927401000293834], [-93.03267999969847, 44.927401000293834], [-93.03259299965983, 44.92742200004113], [-93.03251800021508, 44.92743100020308], [-93.03243899967404, 44.927432000008984], [-93.03237799957469, 44.92743999972758], [-93.03232499987122, 44.92747700016072], [-93.03208600039494, 44.9275520001232], [-93.03195999999825, 44.92756999976891], [-93.03171999979874, 44.927571000208424], [-93.03143899959133, 44.92760400007369], [-93.03117099980273, 44.92766400030049], [-93.0310629998477, 44.92771099987255], [-93.03096099974044, 44.9277849997298], [-93.03087700007487, 44.927840000137785], [-93.03080400027993, 44.92786699978687], [-93.03077699961743, 44.92784600020226], [-93.03072499973891, 44.92775400020516], [-93.03064799974602, 44.92770600023114], [-93.03050999965375, 44.92764399980782], [-93.03039699967584, 44.92757700030099], [-93.03029299991877, 44.927533000031744], [-93.03000400021378, 44.927441999975095], [-93.02991100032735, 44.92740599996179], [-93.0298440003802, 44.927329000193275], [-93.02970000044014, 44.92705400026833], [-93.02965299968618, 44.92691999980013], [-93.02959900015783, 44.92681500006912], [-93.02961800042439, 44.92672299969278], [-93.02966699992987, 44.92673100014614], [-93.02972899985416, 44.92673100014614], [-93.02981199969483, 44.926739999780324], [-93.02990600030448, 44.926773000123006], [-93.02995900000793, 44.92682999986073], [-93.02999699964276, 44.92691400027496], [-93.03003199980286, 44.92701300031018], [-93.03005000024453, 44.92712300000783], [-93.03009600027528, 44.927240999877164], [-93.03022900034466, 44.92734399985067], [-93.03048500043771, 44.92748499987305], [-93.03074800020343, 44.92764800028851], [-93.03080299955671, 44.927665999904136], [-93.03088799994552, 44.92765999982092], [-93.0309919997026, 44.927623999944245], [-93.03106700004567, 44.927579999711], [-93.03112499977198, 44.92753999993227], [-93.03121199981062, 44.92748799992388], [-93.03128700015368, 44.92745199993941], [-93.03139900030669, 44.92740900001675], [-93.03155999996517, 44.927306000159795], [-93.03166600027038, 44.9272249997474], [-93.03174300026328, 44.92714999999393], [-93.03178099989812, 44.92709100031408], [-93.03180699983737, 44.92700899978526], [-93.03180500018755, 44.92686099988404], [-93.03178699974589, 44.92680199990735], [-93.03179000011893, 44.92672700023761], [-93.03183399960156, 44.92665199983392], [-93.03186000043914, 44.926566999851644], [-93.03190399992175, 44.926488999772175], [-93.03196699967094, 44.92642099973067], [-93.03203000031844, 44.92636299976259], [-93.03206799995328, 44.92627300022256], [-93.03205799990754, 44.926189000143], [-93.0320839998468, 44.92608999995971], [-93.0321399999233, 44.925996999863365], [-93.03224000038074, 44.92591500031693], [-93.03227999966539, 44.92583699998817], [-93.03227899984047, 44.925739000305654], [-93.0322520000763, 44.92568600010267], [-93.0321399999233, 44.92568600010267], [-93.03203000031844, 44.92569700020886], [-93.03189800007397, 44.925770000281744], [-93.03176900020253, 44.92581899979942], [-93.03167999961576, 44.92580799971665], [-93.03163500030824, 44.925737999834276], [-93.03163399958501, 44.92565599991812], [-93.03165899969937, 44.92562099989495], [-93.03184799984527, 44.92562000005753], [-93.03193300023406, 44.92559900028749], [-93.03194599975456, 44.92552599999729], [-93.03194400010472, 44.92543700025856], [-93.03192400001323, 44.925353000228604], [-93.0318789998074, 44.92530000030549], [-93.03178500009608, 44.925204000032295], [-93.0316479998287, 44.9251000001913], [-93.03156099979007, 44.925047999882175], [-93.03146100023096, 44.924974000315196], [-93.03137099981929, 44.92490099986676], [-93.03125500036663, 44.92483100015125], [-93.03116699960478, 44.92473600021917], [-93.03112700032013, 44.924640000275495], [-93.03112099957403, 44.92452600021354], [-93.03112099957403, 44.92432400022889], [-93.03106200002279, 44.92424399992522], [-93.03096800031146, 44.92422699973504], [-93.03096699958823, 44.924137000028686], [-93.03092800012848, 44.92407299984079], [-93.03112899996994, 44.92391400019827], [-93.03120199976486, 44.92383700020125], [-93.03111700027438, 44.923764000216146], [-93.03091399988479, 44.9238209997594], [-93.03043699985881, 44.92401099994854], [-93.02966299973193, 44.924344999828975], [-93.0297039997398, 44.9242219997904], [-93.03032999972869, 44.923910000093585], [-93.03084199991477, 44.92353799995299], [-93.03115699955903, 44.92320999974567], [-93.03131700029093, 44.922928999878245], [-93.03134700042814, 44.922776000207804], [-93.03131599956768, 44.92273200007744], [-93.0312450003209, 44.92271099988774], [-93.03108700013715, 44.92274999996138], [-93.03100199974834, 44.922732999965135], [-93.03098400020498, 44.92264700001936], [-93.03098099983194, 44.92239900025361], [-93.03101099996918, 44.92232100023933], [-93.03110700022864, 44.92213100018553], [-93.03126799988712, 44.92205199990786], [-93.03139799958346, 44.921968999917816], [-93.03161400039184, 44.921845999880674], [-93.03168100033899, 44.92179600025056], [-93.0317590001568, 44.9217539998152], [-93.0318090003855, 44.92171299989067], [-93.03190399992175, 44.921555999893606], [-93.03212599967961, 44.92139499982373], [-93.03220400039572, 44.92132999984947], [-93.03230099958178, 44.921262000061866], [-93.03240199986413, 44.921200000316304], [-93.03247499965906, 44.921121000030645], [-93.03252599971268, 44.92105499982951], [-93.03265200010938, 44.920816000114655], [-93.03268600044456, 44.920739999704274], [-93.03275099984359, 44.920553999849204], [-93.0327869998286, 44.92047900029133], [-93.03283299985935, 44.92041499984484], [-93.03288700028601, 44.92035700017371], [-93.03294300036252, 44.92030799981375], [-93.03300500028679, 44.92018599996913], [-93.03306399983802, 44.920002000099316], [-93.03315599989953, 44.91986699978207], [-93.03316500012036, 44.919801999987335], [-93.03319199988455, 44.91973500023942], [-93.03324899978595, 44.91968599998506], [-93.03356500015344, 44.91948300021271], [-93.03369099965182, 44.91941400020193], [-93.03383299994204, 44.919330000270605], [-93.0339140001329, 44.919273000088225], [-93.03400899966915, 44.91918800000138], [-93.03410499992862, 44.91907699978847], [-93.03423200015021, 44.918966999950435], [-93.0344000003797, 44.91880600025888], [-93.03449499991596, 44.91869999973363], [-93.03460700006896, 44.9186160000307], [-93.03496699991906, 44.918310000210596], [-93.0351679997605, 44.918086000057635], [-93.03535500025657, 44.91779900009617], [-93.03541600035595, 44.917673000110206], [-93.03554199985432, 44.91744100018075], [-93.03558500041034, 44.917336000299585], [-93.03560399977859, 44.91722499968955], [-93.03565599965715, 44.917108000224175], [-93.03566400005307, 44.91707000012363], [-93.03563899993871, 44.916951999718236], [-93.03563899993871, 44.91668900028789], [-93.03574400041902, 44.91651100000969], [-93.03578999955144, 44.916416000314584], [-93.0358430001532, 44.91626399983963], [-93.03588099978803, 44.9161759997491], [-93.03589699968157, 44.91611300023771], [-93.03593000019184, 44.91605300003299], [-93.03602100042843, 44.91600699983359], [-93.03608800037559, 44.91599899979514], [-93.036181000262, 44.91603099994221], [-93.03628099982113, 44.91609300017641], [-93.03638799995124, 44.91614000030941], [-93.0365109999749, 44.91620099978851], [-93.03652699986841, 44.91627899984157], [-93.03652000019572, 44.916358999785984], [-93.0364559997233, 44.916430000279526], [-93.03641100041578, 44.91650300004141], [-93.03641200024067, 44.916585000299506], [-93.03636000036215, 44.91659300025637], [-93.03624999985897, 44.916524999951484], [-93.03617899971387, 44.916463000183384], [-93.03610099989606, 44.9164390002552], [-93.03602999975095, 44.91648100012295], [-93.0359829998953, 44.91656399977136], [-93.03598000042055, 44.916657999864526], [-93.03603599959872, 44.91674899982852], [-93.03611699978958, 44.91683599968732], [-93.0361240003606, 44.916925000028066], [-93.03606499991106, 44.91701100026927], [-93.03604999984243, 44.91709999970287], [-93.03605300021547, 44.91728399996026], [-93.03609900024624, 44.91737000030026], [-93.036181000262, 44.91742099994554], [-93.03630599993548, 44.91742199992567], [-93.0364189999134, 44.917350000040386], [-93.03646999996701, 44.9172730001516], [-93.03652100002063, 44.917177999807855], [-93.0366380001965, 44.91710200031041], [-93.03675199999931, 44.91707100010987], [-93.03688199969565, 44.91707300008224], [-93.03698999965069, 44.91708299994323], [-93.03712000024535, 44.91707500005459], [-93.03720499973583, 44.91713199987294], [-93.03722099962938, 44.917218999788005], [-93.03721399995666, 44.917305000225284], [-93.03744900013332, 44.91737300024325], [-93.03758300002762, 44.91738400003278], [-93.03772399959462, 44.917377000166944], [-93.03797899986274, 44.91733900024435], [-93.0379050002429, 44.917410000163095], [-93.03769699983044, 44.91745999979343], [-93.03755100024057, 44.9175310001988], [-93.03749299961592, 44.91762300002914], [-93.03749400033917, 44.91772200017293], [-93.03755000041565, 44.91780399996369], [-93.03766300039355, 44.91787599991623], [-93.03780800015852, 44.917853999887306], [-93.03793700002993, 44.9177910003072], [-93.03801300019792, 44.917688999719886], [-93.03810500025943, 44.91761700016916], [-93.03823099975781, 44.91755299971525], [-93.03834200008589, 44.91750400014455], [-93.03859300015607, 44.91736699972103], [-93.03871700000464, 44.9172730001516], [-93.03883599983031, 44.91720500001529], [-93.03896399987684, 44.91720400003138], [-93.03915700022068, 44.917171999901406], [-93.0393220000771, 44.91708499991518], [-93.03936200026008, 44.916997999797296], [-93.03927699987128, 44.91691400015066], [-93.03914200015205, 44.9168620000656], [-93.0390259998011, 44.916828999754735], [-93.03888100003614, 44.91681599987766], [-93.03874600031693, 44.91682599978339], [-93.03858200028542, 44.91686100007573], [-93.0384550000638, 44.91693099996035], [-93.03834700010877, 44.91701600020541], [-93.03821700041243, 44.91709899971714], [-93.03807299957407, 44.917140999738635], [-93.03790900044085, 44.917111000180796], [-93.03773500036358, 44.917039999892594], [-93.03764900014986, 44.91695900027198], [-93.03767500008912, 44.916864000045244], [-93.03766800041645, 44.916769000297634], [-93.03759300007336, 44.91666999978415], [-93.03733299978236, 44.916529999929864], [-93.03729299959939, 44.916457000202286], [-93.03730400036837, 44.91636799977278], [-93.03735200004893, 44.91628499984127], [-93.03736600029264, 44.9162029997912], [-93.037307999668, 44.91610200020487], [-93.03727500005604, 44.91600699983359], [-93.03727199968299, 44.91595000017158], [-93.03719800006316, 44.91586400025084], [-93.03703599968145, 44.915805999802615], [-93.03690099996223, 44.91579199968569], [-93.03677499956554, 44.91576200005968], [-93.03662999980057, 44.91569800008429], [-93.03648500003561, 44.9156639997304], [-93.03639100032429, 44.91563400003762], [-93.03624099963815, 44.91557900002999], [-93.03621300004906, 44.915485000080224], [-93.03624099963815, 44.91540900025199], [-93.0363569999891, 44.91533000027385], [-93.03648099983765, 44.9152570002941], [-93.03693699994724, 44.914938000096235], [-93.03705199957496, 44.914868999716795], [-93.03740099955444, 44.91475199990746], [-93.03770500022635, 44.914563000299445], [-93.03792199996134, 44.91436399973741], [-93.03840900003304, 44.914051999943396], [-93.03853700007956, 44.913958000040445], [-93.03870699995888, 44.91378200029594], [-93.03886299959449, 44.913609000151915], [-93.03896399987684, 44.913427999726906], [-93.03900800025777, 44.913376999718594], [-93.03903099982399, 44.91332699971641], [-93.03903099982399, 44.913267999836], [-93.03905500011344, 44.91320999994845], [-93.0391239997104, 44.91299400009361], [-93.03913200010632, 44.91283599975049], [-93.03914899982476, 44.912761000297216], [-93.03914600035002, 44.91252600006176], [-93.03909799977113, 44.912336000062176], [-93.0390590003114, 44.91228000000945], [-93.03899800021202, 44.91210300014279], [-93.03897399992258, 44.912008000158515], [-93.03894399978533, 44.91193200018526], [-93.03888600005902, 44.91183399968632], [-93.03887400036346, 44.91179900014924], [-93.03882999998254, 44.91172099974102], [-93.0388209997617, 44.91168099973528], [-93.03884800042418, 44.91166100004004], [-93.03888100003614, 44.911648000266254], [-93.03888100003614, 44.91161999991152], [-93.03886699979245, 44.911596999950724], [-93.03880499986818, 44.911595999869235], [-93.0387649996852, 44.911604999965796], [-93.0387150003548, 44.91160299980307], [-93.03869400043841, 44.911557999940854], [-93.03853100023179, 44.911335999723114], [-93.03837499969787, 44.911140999795954], [-93.03828400035958, 44.91106100022169], [-93.03819700032095, 44.910997000100394], [-93.03813799987141, 44.91092300024902], [-93.03799200028153, 44.910842000276716], [-93.03788799962615, 44.91077400016472], [-93.03781800020425, 44.91072100015257], [-93.03774500040933, 44.91067299994337], [-93.03768000011199, 44.910624000231884], [-93.0377019998533, 44.910584000098865], [-93.03775499955675, 44.91056000026016], [-93.03783099972475, 44.910543999938], [-93.03789799967188, 44.91050499984979], [-93.03795700012144, 44.910445000151775], [-93.03796600034227, 44.910365999711644], [-93.03794600025077, 44.91029700020476], [-93.03787900030362, 44.91024300028397], [-93.03777499964825, 44.91018200020635], [-93.03767799956385, 44.91011799974246], [-93.03759499972317, 44.910054999951825], [-93.0375040003849, 44.909997000002726], [-93.03742400001896, 44.909983999852514], [-93.03731500023902, 44.91001600016797], [-93.03727699970587, 44.91006599986973], [-93.03723099967512, 44.91014199976571], [-93.03715500040545, 44.91022599976822], [-93.03699200019882, 44.91030099998483], [-93.03688800044175, 44.91031799984218], [-93.0368220003195, 44.910314000063295], [-93.03673899958052, 44.910253000061076], [-93.03665699956474, 44.91016500030877], [-93.03652400039368, 44.909983999852514], [-93.0364270003093, 44.90986600016553], [-93.0363079995853, 44.909743000304054], [-93.03618499956164, 44.90962400000649], [-93.03600399981168, 44.90946300022216], [-93.03595399958299, 44.90939699999059], [-93.03591299957509, 44.90931199992773], [-93.03591000010036, 44.90918699990628], [-93.035884999986, 44.90900200031728], [-93.03584200032829, 44.90892799980601], [-93.03582200023682, 44.90884899982562], [-93.03576699998523, 44.9087100001361], [-93.03573199982512, 44.90864899970395], [-93.03571099990872, 44.90856999997632], [-93.0356819995964, 44.908501000222], [-93.03566400005307, 44.908421000154235], [-93.03565999985511, 44.90835799977595], [-93.03562499969499, 44.90823800028833], [-93.03557199999156, 44.908189999914136], [-93.0354919996256, 44.90812999970818], [-93.03544300012013, 44.908075000153545], [-93.03535400043167, 44.90793599986474], [-93.03529599980703, 44.90786599983924], [-93.03526400001998, 44.907795000217035], [-93.035223999837, 44.90773400008631], [-93.035187999852, 44.90766399981475], [-93.03505800015566, 44.9075749997645], [-93.03493500013201, 44.90743900000064], [-93.0348859997282, 44.907386000094384], [-93.03480700008548, 44.90732000002279], [-93.03470099978027, 44.90720899978929], [-93.03460600024403, 44.907065999946376], [-93.03453599992383, 44.90699499997227], [-93.03446899997668, 44.90696199972145], [-93.03430300029534, 44.906839000007885], [-93.03412900021804, 44.9067550001454], [-93.03402999958556, 44.90675800000628], [-93.03397699988209, 44.90673099998033], [-93.03389200039159, 44.906667000127484], [-93.03379000028434, 44.906621000050016], [-93.03370599972044, 44.90655000016252], [-93.03343899975675, 44.90634399991192], [-93.03338600005331, 44.906288999920896], [-93.03330200038772, 44.90622699992577], [-93.03325700018186, 44.90612700016218], [-93.03325800000678, 44.90607000024451], [-93.03328099957301, 44.90603899981908], [-93.03332400012901, 44.90602700022458], [-93.03340899961954, 44.90601699971226], [-93.03346899989397, 44.906006000291946], [-93.03355599993263, 44.906006000291946], [-93.03361600020708, 44.9059870000736], [-93.03365899986477, 44.9059370000048], [-93.03366800008561, 44.905872999904155], [-93.03370800026859, 44.90583399982778], [-93.03378100006351, 44.90579700008974], [-93.03382000042158, 44.90575999969168], [-93.03388300017077, 44.90571899980737], [-93.03390999993495, 44.90567699970938], [-93.03393900024726, 44.905646999893285], [-93.03362799990263, 44.905498000129306], [-93.03361000035929, 44.90547100014779], [-93.03356299960531, 44.905448999823584], [-93.03339399955091, 44.90533700024053], [-93.03339600009905, 44.90531000018345], [-93.03337600000756, 44.90524799976864], [-93.03335799956591, 44.90522899993602], [-93.03334900024338, 44.90520300002092], [-93.03330400003755, 44.90514100012701], [-93.0332239996716, 44.90511399997782], [-93.03307499970869, 44.90502100028599], [-93.03300100008883, 44.90496299971105], [-93.0329290001188, 44.90488100004889], [-93.03287200021742, 44.904796999870186], [-93.03279500022451, 44.904644999840805], [-93.03274699964562, 44.904562999725094], [-93.03268499972135, 44.90448199969761], [-93.03226999961964, 44.90406799975446], [-93.03221899956603, 44.90400599990895], [-93.03212900005265, 44.90391200011828], [-93.03200100000613, 44.90380999971123], [-93.03192200036341, 44.9037540002592], [-93.03182000025616, 44.90369000027323], [-93.03153099965286, 44.90353799986196], [-93.03092499975543, 44.90324400010279], [-93.03086200000625, 44.903194000193274], [-93.03075700042427, 44.903124000119604], [-93.03069399977677, 44.903064999945904], [-93.03060799956305, 44.903025999873314], [-93.03049700013327, 44.9029929998891], [-93.03018599978866, 44.90295399976768], [-93.03010899979574, 44.902959000290515], [-93.03003799965063, 44.90297800023709], [-93.02985299970271, 44.90299400012029], [-93.02974700029583, 44.90298999983175], [-93.0296560000592, 44.902967000235286], [-93.02957400004345, 44.902932999985026], [-93.02946400043861, 44.90286000016572], [-93.02938700044572, 44.90272200022792], [-93.02936700035421, 44.90262599977155], [-93.02932799999617, 44.90258700003741], [-93.02921900021622, 44.90251800010041], [-93.02907299972803, 44.902462000026155], [-93.02897999984162, 44.902413000314056], [-93.0288800002825, 44.90234700025929], [-93.02877700035033, 44.90229400011226], [-93.02868899958848, 44.90227900027787], [-93.02862400018947, 44.902276999790615], [-93.02851600023445, 44.90224299976854], [-93.0284929997699, 44.90228900016788], [-93.02844500008933, 44.90230399999967], [-93.02843199967053, 44.902258999856286], [-93.02834399980698, 44.90209799980435], [-93.02837899996707, 44.90205199988847], [-93.02837499976913, 44.902017000121475], [-93.02829799977623, 44.901834999844375], [-93.02814299996552, 44.90163399987921], [-93.02796300004047, 44.90141700016628], [-93.0278810000247, 44.901344999954496], [-93.02775800000106, 44.90127000014174], [-93.02761800025898, 44.90116899976417], [-93.02745400022745, 44.90107299989602], [-93.02727599995222, 44.90094500024671], [-93.02715499957839, 44.90082899972186], [-93.02707599993566, 44.9006520002253], [-93.02708299960838, 44.900521999726706], [-93.02709600002717, 44.90041500019707], [-93.02708799963123, 44.90035000003474], [-93.02708900035447, 44.900170000131645], [-93.0271060000729, 44.90013699978079], [-93.0271400004081, 44.90012300030104], [-93.02719499976136, 44.90012700015274], [-93.02722900009654, 44.90014300019305], [-93.02725699968565, 44.90016800020737], [-93.02728699982286, 44.90018400023627], [-93.02731899960992, 44.900182000312434], [-93.0272950002188, 44.90010799990023], [-93.02729699986861, 44.90006600015704], [-93.02724900018805, 44.90005099974141], [-93.02719899995932, 44.90002699995902], [-93.0271400004081, 44.8999909999485], [-93.02707900030873, 44.89994700018784], [-93.02702099968408, 44.899876999978595], [-93.02698899989703, 44.89981899994069], [-93.02688599996488, 44.899849999902415], [-93.02681200034503, 44.89982600003611], [-93.02671000023778, 44.899813999781074], [-93.026584999666, 44.899766000008455], [-93.02646400019049, 44.8997860000246], [-93.02634899966445, 44.89977500004839], [-93.02626599982376, 44.89975800025454], [-93.02623900005959, 44.89974799992431], [-93.02621899996811, 44.89973399971352], [-93.02620899992236, 44.8995499998994], [-93.02619200020392, 44.899527999854534], [-93.0261059999902, 44.8995140002265], [-93.02593899958562, 44.89941699984691], [-93.02580499969132, 44.89935300012346], [-93.02546400010777, 44.899265000228354], [-93.02542099955176, 44.8992690001397], [-93.02534299973395, 44.89928299982738], [-93.02526599974107, 44.899282000167965], [-93.02518500044852, 44.89927399971038], [-93.02512000015118, 44.89923500024776], [-93.02506200042488, 44.899183000074686], [-93.02500399980025, 44.899143999914], [-93.02497799986098, 44.89906299988734], [-93.02504300015829, 44.898891999951275], [-93.02516000033415, 44.89875999995425], [-93.02529400022846, 44.898559000056395], [-93.02538399974183, 44.89850899989039], [-93.02547599980335, 44.898471999892266], [-93.02559200015429, 44.898415000020506], [-93.025746999965, 44.898399000135676], [-93.02585599974493, 44.89840199979625], [-93.02603999986796, 44.89843800016533], [-93.02609400029463, 44.89845499971317], [-93.02619499967865, 44.89851699981808], [-93.02625099975515, 44.89854399988389], [-93.02626900019682, 44.89855700007603], [-93.02633899961869, 44.89858800008187], [-93.0265210000919, 44.89864299980473], [-93.02660999978036, 44.89866399988173], [-93.02687400026932, 44.898742999860254], [-93.02710199987494, 44.89887000029097], [-93.0272030001573, 44.89889999982567], [-93.02727099992934, 44.898876000199174], [-93.02729199984573, 44.898849999956155], [-93.02728099997508, 44.89882699997612], [-93.02719899995932, 44.89882600030879], [-93.02700399996564, 44.898684000281236], [-93.02695399973693, 44.89866799983492], [-93.02685800037578, 44.89862699998335], [-93.02670199984185, 44.89858200014362], [-93.02657299997043, 44.89853799994104], [-93.02629900033403, 44.89842800024186], [-93.02608900027175, 44.898315999707094], [-93.02592500024024, 44.89826900026995], [-93.02583900002651, 44.89821299987501], [-93.02570900033017, 44.89813999978959], [-93.02561300007069, 44.89807599991743], [-93.02550400029075, 44.898013999973344], [-93.02541999972685, 44.89793900026978], [-93.0251350002198, 44.89774000005619], [-93.02507699959519, 44.89773899973359], [-93.02477199999664, 44.89757500004752], [-93.02462200020884, 44.897505999822506], [-93.02455199988863, 44.897451999975985], [-93.02454299966779, 44.897387999974406], [-93.02454400039102, 44.897327000254556], [-93.02459700009447, 44.89728600008314], [-93.02468300030819, 44.89725799973195], [-93.02483700029397, 44.89724299985641], [-93.02491799958652, 44.8972550000117], [-93.02501800004396, 44.89730200027766], [-93.02530000007626, 44.89739800007875], [-93.02540499965824, 44.89741899997409], [-93.02550099991771, 44.89742700005344], [-93.02554199992558, 44.89741800028227], [-93.0255429997505, 44.897396999750214], [-93.02537500041932, 44.89724099983029], [-93.02533699988618, 44.897196999874254], [-93.02526499991615, 44.897171000144674], [-93.025197999969, 44.89715699994281], [-93.02516700000686, 44.897106999830335], [-93.02514600009046, 44.89708999988402], [-93.02506599972452, 44.89708500012343], [-93.02496699999031, 44.89705899970691], [-93.02484599961649, 44.89700300004255], [-93.02468300030819, 44.89678300028773], [-93.02466400004162, 44.89675100024176], [-93.02459200007159, 44.89672699971828], [-93.02453500017018, 44.89668799980079], [-93.02450300038312, 44.89663500016426], [-93.02451199970565, 44.89658500023424], [-93.02450400020804, 44.896527999764615], [-93.02445200032952, 44.896479999794245], [-93.02442499966702, 44.896433000129065], [-93.02443800008581, 44.89636100003951], [-93.02435600007003, 44.89635999969294], [-93.0242559996126, 44.896376999855065], [-93.02416199990128, 44.89640200023412], [-93.02406800018996, 44.896409999818594], [-93.0239869999991, 44.89640599970831], [-93.02389900013554, 44.89639400001218], [-93.02381100027199, 44.896374999798816], [-93.02355900037692, 44.896253000054266], [-93.02340600021604, 44.89616699993276], [-93.0233119996064, 44.896126999921236], [-93.02321899971997, 44.89611199975062], [-93.02321100022237, 44.89618800027767], [-93.0232899998651, 44.8962280002468], [-93.02336299966004, 44.896259000235545], [-93.02343499963004, 44.89629599974863], [-93.02351400017109, 44.89634799998719], [-93.02354699978304, 44.896398000123284], [-93.02348599968369, 44.89645099997826], [-93.02340500039115, 44.896472999927774], [-93.02332400020028, 44.896468000113536], [-93.02323600033672, 44.89646899982187], [-93.02315400032096, 44.89645999990078], [-93.02306700028234, 44.89645700013888], [-93.02297900041879, 44.89646100024561], [-93.02289200038015, 44.89647599968883], [-93.02280399961829, 44.89647900008604], [-93.02270999990695, 44.89646400000729], [-93.02261600019563, 44.896424999911424], [-93.022529000157, 44.89637200003249], [-93.02233199961518, 44.89617300012301], [-93.02216000008605, 44.896021999917615], [-93.02209499978872, 44.89597499987815], [-93.02201699997092, 44.8959369998046], [-93.02196300044255, 44.89589100005036], [-93.02194800037394, 44.895782999818806], [-93.02188800009948, 44.89574699969653], [-93.02182199997725, 44.895736999941384], [-93.01878900011717, 44.89383800003034], [-93.01881000003357, 44.8936870000574], [-93.01880800038374, 44.893519999718315], [-93.01883799962265, 44.89337599979107], [-93.01887699998072, 44.89325100011874], [-93.01888899967628, 44.893143999786304], [-93.01888799985137, 44.89300600007468], [-93.01893600043027, 44.89289099984992], [-93.01897700043814, 44.89276899971421], [-93.01902900031668, 44.89268999980128], [-93.01902799959346, 44.89257399980495], [-93.01892600038452, 44.89243999974842], [-93.01877900007143, 44.89230300003743], [-93.0187000004287, 44.89223900003277], [-93.01857200038219, 44.89217400017384], [-93.0183830002363, 44.892166000000095], [-93.01822400022763, 44.8921699997689], [-93.0180889996101, 44.89222100013793], [-93.0180030002947, 44.89223099986806], [-93.01788000027106, 44.89225199974116], [-93.01782099982151, 44.89234799969979], [-93.01785699980653, 44.89245999976719], [-93.01780699957781, 44.89252599971611], [-93.01767400040673, 44.89254700011791], [-93.01749699995642, 44.89255600001502], [-93.01736700026008, 44.89260499985433], [-93.01724300041151, 44.892593000001426], [-93.01717899993909, 44.892498000229146], [-93.0172290001678, 44.89237700031203], [-93.01739200037443, 44.89223399985041], [-93.01750799982706, 44.89206599996192], [-93.01755700023087, 44.89190800000539], [-93.0176579996149, 44.89175900027304], [-93.01767799970638, 44.89160700013977], [-93.01771500041461, 44.8914610002867], [-93.01771299986649, 44.89131500006294], [-93.01768699992721, 44.89116099979149], [-93.01754800001004, 44.89075199970105], [-93.01917099970859, 44.89075099989332], [-93.0200439995697, 44.89075000008558], [-93.02460700014021, 44.894074000053756], [-93.03473299956731, 44.89783100006665], [-93.03655500035582, 44.8996219998138], [-93.03680200022802, 44.8998649997342], [-93.03681700029664, 44.8998800001984], [-93.03693799977216, 44.89999900030627], [-93.03724300026899, 44.900298999875496], [-93.03875499963947, 44.901786000234196], [-93.04056900003204, 44.90356999994843], [-93.04163100003902, 44.90461500012242], [-93.04212499978343, 44.90510099999573], [-93.04219799957835, 44.9052630001009], [-93.04365999961843, 44.90871100026781], [-93.04517899955991, 44.91230699997352], [-93.04598899967182, 44.913198999996055], [-93.04843599972597, 44.915928000041355], [-93.04976399987173, 44.91740800020241], [-93.05075700028175, 44.918520000038036], [-93.05144000017205, 44.919274999984], [-93.0515149996168, 44.91935899999574], [-93.05164199983841, 44.919501999786235], [-93.05168299984629, 44.919501999786235], [-93.0527740001656, 44.91950400031015], [-93.05283500026496, 44.91950400031015], [-93.05344199998727, 44.91950500025402], [-93.05357300040684, 44.91950500025402], [-93.0536260001103, 44.91950400031015], [-93.05363899963076, 44.91950400031015], [-93.05367100031613, 44.91950500025402], [-93.05490800022531, 44.9195080000855], [-93.05657799977953, 44.919531000060665], [-93.056597999871, 44.919531000060665], [-93.05662200016046, 44.9195249997638], [-93.05668400008472, 44.91951099991687], [-93.05809500007118, 44.919512999804304], [-93.05812199983535, 44.919512999804304], [-93.05829099988975, 44.919512999804304], [-93.05831799965394, 44.919512999804304], [-93.05889599996225, 44.91951399974803], [-93.05897899980292, 44.91951399974803], [-93.05901800016099, 44.91951399974803], [-93.05932799978238, 44.91951499969173], [-93.0596469996246, 44.91951499969173], [-93.0596659998912, 44.91951099991687], [-93.06135899990993, 44.919519000102426], [-93.06320900028751, 44.91952299987678], [-93.0632510001203, 44.91952299987678], [-93.06450700029606, 44.91952599970731], [-93.064580000091, 44.91952599970731], [-93.06464600021322, 44.91952599970731], [-93.06471900000815, 44.91952599970731], [-93.06488100038986, 44.91952599970731], [-93.06527600040008, 44.91952700028691], [-93.06538799965476, 44.91952700028691], [-93.06624600034556, 44.919531000060665], [-93.06652599982972, 44.91953200000407], [-93.06688400003002, 44.91953399989083], [-93.06783100040926, 44.9195380003002], [-93.06908800040992, 44.91954399995959], [-93.0691079996031, 44.91954399995959], [-93.07095399978272, 44.9195530000836], [-93.07101800025514, 44.9195530000836], [-93.07158800016754, 44.919555999912625], [-93.0728950003969, 44.9195620002062], [-93.07301199967445, 44.9195620002062], [-93.07302099989528, 44.920368000028084], [-93.07468200012698, 44.920377000023066], [-93.07467299990614, 44.91956999974859], [-93.07481900039433, 44.919570999691324], [-93.07551900000307, 44.91957300021283], [-93.07642100017648, 44.919580999753656], [-93.0764649996591, 44.919580999753656], [-93.07662500039098, 44.91967799982276], [-93.07664100028451, 44.91980100004867], [-93.07665399980498, 44.919893999998116], [-93.07691200044616, 44.91989599987228], [-93.07709099964798, 44.91989799974632], [-93.07708599962511, 44.91995300007267], [-93.07708300015037, 44.91999200011026], [-93.07833699977799, 44.92004100010365], [-93.08013899957668, 44.920044999841664], [-93.08020800007196, 44.92000000022889], [-93.08021599956957, 44.91990200013035], [-93.0805350003101, 44.91989000024959], [-93.08055100020364, 44.91970999982928], [-93.08067400022729, 44.91961499969815], [-93.08213799991717, 44.91962700027244], [-93.08215100033597, 44.91962700027244], [-93.08360499998012, 44.91963900020813], [-93.08372499963072, 44.919640000149656], [-93.08372600035393, 44.920068000237926], [-93.08377499985943, 44.92009199992258], [-93.08505699997444, 44.92011600023327], [-93.08505699997444, 44.92009199992258], [-93.08583299975116, 44.92010800013084], [-93.08583000027642, 44.919738999998735], [-93.0858289995532, 44.91965699978891], [-93.08654800032681, 44.91965799973008], [-93.08801600021468, 44.91966200013086], [-93.08946200036121, 44.91966499995414], [-93.08947599970661, 44.91966499995414], [-93.09003300009852, 44.919665999895216], [-93.09022499971914, 44.919665999895216], [-93.09023099956693, 44.91976099994203], [-93.09021600039662, 44.92044600014951], [-93.09023300011506, 44.92061499973124], [-93.09023999978776, 44.921022000018525], [-93.09032000015368, 44.92102399985342], [-93.09032500017656, 44.92115800008134], [-93.09023599958978, 44.921154999699915], [-93.09025200038164, 44.921405000204686], [-93.09076899969226, 44.9214120002159], [-93.09092299967806, 44.92147199991346], [-93.09092299967806, 44.921493999829266], [-93.09092299967806, 44.921515999736606], [-93.09092500022619, 44.92186900019203], [-93.09092799970092, 44.922206000131176], [-93.09092900042415, 44.92231100001787], [-93.09093299972379, 44.92296199986602], [-93.09093400044702, 44.92305300002312], [-93.09093400044702, 44.92306499987932], [-93.09093500027193, 44.92323599978391], [-93.09222200040982, 44.92327000010971], [-93.0943199995862, 44.92327900028612], [-93.09604100009237, 44.92328699994701], [-93.09606700003162, 44.92285000006187], [-93.0960650003818, 44.922680000169116], [-93.096051999963, 44.921916999954924], [-93.0960510001381, 44.92188200019805], [-93.09604799976505, 44.921691000058715], [-93.09604699994014, 44.921561000070284], [-93.09604000026745, 44.92070399994344], [-93.09603799971931, 44.92055700026201], [-93.09603100004661, 44.92013800003226], [-93.09602900039678, 44.92002499987674], [-93.09602600002374, 44.91985900028103], [-93.09602400037392, 44.919706000068], [-93.09602400037392, 44.919678999763605], [-93.09605600016098, 44.919678999763605], [-93.09609799999376, 44.919678999763605], [-93.09635200043697, 44.91968100028131], [-93.09637800037625, 44.91968100028131], [-93.09650800007259, 44.9196820002221], [-93.0975729995543, 44.91968999974779], [-93.0976279998059, 44.91968999974779], [-93.09810800020492, 44.91969300020572], [-93.09810900002984, 44.91979599971882], [-93.09811700042575, 44.920069000171985], [-93.09830099965043, 44.92007199997406], [-93.09831200041941, 44.920216999761266], [-93.09990400015582, 44.920195999924424], [-93.09988999991212, 44.91970500012762], [-93.10058700004613, 44.91971099976958], [-93.10177299990168, 44.91971999986742], [-93.10181200025974, 44.91971999986742], [-93.10316999964441, 44.91972999990382], [-93.10321900004821, 44.91972999990382], [-93.10321999987313, 44.920038000299996], [-93.1033300003763, 44.920033999925394], [-93.10450600018609, 44.920029000251915], [-93.10460900011826, 44.92003000018666], [-93.10460800029334, 44.919738999998735], [-93.10577599970723, 44.91974800009219], [-93.10583500015677, 44.91974800009219], [-93.10693499979858, 44.919755000305294], [-93.10702699986008, 44.919756000244796], [-93.10944600032518, 44.919741999817994], [-93.10987999979513, 44.91973999993852], [-93.11128199956073, 44.919731999783686], [-93.11153199980599, 44.91973299972359], [-93.11371199989644, 44.919718999927284], [-93.11405500002813, 44.91971700004702], [-93.11445500006121, 44.919708999888975], [-93.11447900035066, 44.919715000166626], [-93.11533399977009, 44.91970999982928], [-93.11544599992308, 44.919708999888975], [-93.11556100044913, 44.919707999948656], [-93.11573299997826, 44.91970700000836], [-93.11574800004688, 44.91970700000836], [-93.11583500008551, 44.919706000068], [-93.11591700010128, 44.919706000068], [-93.12009200033428, 44.9196820002221], [-93.12026300003852, 44.91968100028131], [-93.12037400036658, 44.919679999704435], [-93.12040399960551, 44.919679999704435], [-93.12043399974273, 44.919679999704435], [-93.12116199983888, 44.919675999941006], [-93.12121299989249, 44.919675999941006], [-93.12622199962854, 44.91964900025862], [-93.12704699980905, 44.91964900025862], [-93.12720199961977, 44.91964900025862], [-93.12862900039804, 44.91964800031725], [-93.12870999969059, 44.91964800031725], [-93.1291890002647, 44.91911199998187], [-93.13025000044676, 44.917920999920284], [-93.13194099991738, 44.916024999916], [-93.13278799983921, 44.91240599973331], [-93.13367099974604, 44.91026500004575], [-93.1344499998958, 44.90911600000718], [-93.13551699992567, 44.9075419998467], [-93.13649299971894, 44.90610200019408], [-93.13759300025907, 44.905190000058944], [-93.13833899989854, 44.90470700026972], [-93.13887899967372, 44.90435899976764], [-93.13891399983382, 44.904334999874756], [-93.13905299975099, 44.90424500018722], [-93.13908500043637, 44.90422700023283], [-93.13930600036932, 44.90408099997014], [-93.13964299975487, 44.903862999733235], [-93.1417559998982, 44.90249500031513], [-93.14227300010714, 44.90215999979868], [-93.14299799983024, 44.901690999741284], [-93.14406900005804, 44.90099799972845], [-93.1444320002812, 44.90076299975759], [-93.14498499957686, 44.90040499998111], [-93.1456139999388, 44.89999800002299], [-93.14633600018715, 44.8995310000925], [-93.14668199979356, 44.89930699992033], [-93.14683599977933, 44.89918800028918], [-93.1475429999591, 44.89863200024619], [-93.14842400021612, 44.897943999956105], [-93.14910899975622, 44.89744300020874], [-93.14992100041627, 44.89658100013614], [-93.15026700002268, 44.89619599989191], [-93.15046200001635, 44.89598599994497], [-93.15106999956357, 44.89533000003169], [-93.15161000023707, 44.894748000040636], [-93.15181699992628, 44.894579999859644], [-93.15223799987578, 44.8942410000568], [-93.15280000029057, 44.893786999822524], [-93.15303200009416, 44.89360000015851], [-93.15315000009494, 44.89350500014046], [-93.15317299966115, 44.89348600024533], [-93.1535910001359, 44.89314800012349], [-93.15389999993239, 44.89289800015235], [-93.15504300013022, 44.892499000006495], [-93.15513000016885, 44.89246900031427], [-93.15657100029253, 44.89196599974987], [-93.15681200031696, 44.891883000218236], [-93.15686400019548, 44.89186500021199], [-93.15695299988394, 44.891845999775], [-93.15703700044786, 44.89182799975717], [-93.15870299980409, 44.891477000192786], [-93.16172700034167, 44.89084099970223], [-93.16434599992496, 44.89033999980327], [-93.16817600037646, 44.888551000226265], [-93.1689189996429, 44.888203999800865], [-93.16958499981479, 44.88803600023308], [-93.17030500041332, 44.88785400025368], [-93.17032299995665, 44.88785299975911], [-93.1708829998233, 44.88770799978396], [-93.17185299976879, 44.88746199981084], [-93.17210200018913, 44.88739900001332], [-93.17305299986803, 44.88740099974528], [-93.17568900006808, 44.88740499984546], [-93.17853899963005, 44.888338000180234], [-93.17796399969478, 44.88964100021688], [-93.17799899985488, 44.8911759999807], [-93.17740899985101, 44.89325600021267], [-93.17736100017044, 44.893458999713616], [-93.17725499986523, 44.89379900006268], [-93.1772180000553, 44.89392800009961], [-93.17852199991162, 44.89417899979601], [-93.18152899983242, 44.894258999955795], [-93.18167600014552, 44.89426300021542], [-93.18276300026686, 44.89429199986199], [-93.18399799962789, 44.89451299998007], [-93.18739000041148, 44.89512000010404], [-93.18923499986789, 44.896886000136035], [-93.19038499973841, 44.897987000294954], [-93.19084800041901, 44.89987800026399], [-93.19067599999154, 44.901217000274436], [-93.19073100024313, 44.90132299996016], [-93.19078999979436, 44.90143400010592], [-93.19087799965791, 44.90160500011743], [-93.1916080003022, 44.90306999982274], [-93.19171700008214, 44.90329800023621], [-93.1922140001996, 44.90437600010985], [-93.19236700036048, 44.904465000023016], [-93.19268899967744, 44.90465300018729], [-93.19372200027044, 44.90525400028379], [-93.19383600007323, 44.90531000018345], [-93.19404199993757, 44.90541400021591], [-93.19433200036579, 44.90555900008789], [-93.19602200001148, 44.90640400007345], [-93.19761399974789, 44.90720000027684], [-93.19873699985425, 44.907761000277326], [-93.19898299990155, 44.908043000029906], [-93.2003670001238, 44.909625000122254], [-93.20092799981538, 44.91486700030382], [-93.20112899965682, 44.916793000087985], [-93.20120700037295, 44.91780299999021], [-93.20121300022072, 44.91787799986063], [-93.20305900040034, 44.917816000280105], [-93.20369000041212, 44.91782100014615], [-93.20392600041367, 44.91782300009246], [-93.20401799957686, 44.917824000065586], [-93.2043230000737, 44.917824000065586], [-93.20462000017461, 44.91784700007873], [-93.20490999970453, 44.91789599999307], [-93.20519299956175, 44.917968999800934], [-93.20546000042376, 44.91806400010906], [-93.20570399992292, 44.91818200013923], [-93.20593300025176, 44.918319999856315], [-93.2061390001161, 44.91847599982881], [-93.20631400001828, 44.91865199982757], [-93.20645100028563, 44.91883900007042], [-93.206512000385, 44.91892799985321], [-93.20714900024454, 44.918721000117294], [-93.20735500010886, 44.91867100031201], [-93.20762899974525, 44.918635999849975], [-93.20802399975547, 44.91861300015261], [-93.20832099985638, 44.9185879998904], [-93.20860999956138, 44.91851400027172], [-93.20891500005821, 44.91837399982134], [-93.20913799964099, 44.91824999975547], [-93.20935799974902, 44.91808999993169], [-93.20950099986413, 44.917985999934565], [-93.20982300007941, 44.917796000175464], [-93.21013699989878, 44.91765599988396], [-93.21038299994606, 44.917615000215676], [-93.21072299970469, 44.91758099972383], [-93.21108599992785, 44.91760599978806], [-93.21134200002089, 44.91760599978806], [-93.21163900012182, 44.917540000001985], [-93.21192000032921, 44.91740800020241], [-93.2121100003, 44.917276000099605], [-93.2123000002708, 44.91706100024678], [-93.21248100002076, 44.91687099997357], [-93.21274799998446, 44.91673899990945], [-93.21323300040636, 44.916558999795946], [-93.21375200026513, 44.916458000199185], [-93.21480300040146, 44.91632699982163], [-93.21501599993847, 44.91631199983215], [-93.21524400044242, 44.91630799983432], [-93.21557199960716, 44.91630299983658], [-93.21571800009535, 44.91630299983658], [-93.21639299958973, 44.91630499983574], [-93.2164260001, 44.91630499983574], [-93.2167929996228, 44.916261999839044], [-93.21684200002662, 44.91627599984152], [-93.21695300035469, 44.91630599983528], [-93.21717000008968, 44.91636999976966], [-93.2173769997789, 44.916415000316945], [-93.21773800035226, 44.91643800025797], [-93.2189819999341, 44.91643800025797], [-93.22026700042217, 44.91646200018658], [-93.22151400037708, 44.91643600026345], [-93.2228469996474, 44.916400999712245], [-93.22421300032632, 44.916411999687845], [-93.2256550002749, 44.91642000030494], [-93.22705799986542, 44.916428000284725], [-93.22705799986542, 44.91639699972056], [-93.22834599982822, 44.91638899973647], [-93.2296609995552, 44.916412999685534], [-93.23094100002038, 44.91640999969242], [-93.23221100043983, 44.916421000302435], [-93.23346400024253, 44.9164049997036], [-93.23497399996317, 44.91639899971644], [-93.23841199987919, 44.916401999710125], [-93.23936500010623, 44.91639299972865], [-93.24016599999732, 44.916283999841355], [-93.24039699997599, 44.91629599983907], [-93.24218299988117, 44.916085000149984], [-93.24254600010433, 44.91605800005244], [-93.24305699956716, 44.9160389999762], [-93.24356799992833, 44.9160389999762], [-93.2460019995637, 44.916046000005025], [-93.2472689996101, 44.916054000036915], [-93.24730700014325, 44.9160560000447], [-93.24768799990976, 44.916073000108206], [-93.24810800003432, 44.916069000093685], [-93.24859000008315, 44.91607700012239], [-93.24888299998612, 44.91606600008267], [-93.24915800034573, 44.91605300003299], [-93.24944000037804, 44.916014999870924], [-93.2498520001067, 44.9159440001369], [-93.25029800017052, 44.91583200001079], [-93.25051200043077, 44.915770000131126], [-93.25075000008216, 44.915681999920295], [-93.25112800037391, 44.915511999810846], [-93.25107599959706, 44.9160920001732], [-93.25111400013022, 44.9160920001732], [-93.25236500028309, 44.91609400017965], [-93.25369900027664, 44.91609600018607], [-93.25486800041375, 44.91609800019243], [-93.25495899975202, 44.91610000019866], [-93.25504900016372, 44.91609900019553], [-93.25624099986703, 44.91610000019866], [-93.25752299998204, 44.916103000207954], [-93.25879699970115, 44.916103000207954], [-93.26006299992262, 44.91610600021705], [-93.26136000010627, 44.91610700022005], [-93.26264200022126, 44.91610700022005], [-93.26391599994035, 44.91610700022005], [-93.26520499972806, 44.916110000228976], [-93.26646400027686, 44.91611100023192], [-93.26773799999596, 44.91611100023192], [-93.26849700005423, 44.916103000207954], [-93.26831200010629, 44.914286000265776], [-93.26841699968828, 44.91421000012418], [-93.2684319997569, 44.913252999684225], [-93.2683759996804, 44.91320100010323]]]}}]}